Time,TimeUnits,Value,ValueLower,ValueUpper,ValueUnits,ValueType,Wave,WaveLower,WaveUpper,WaveUnits,Filter,CalGroup,SlopGroup,Include,,,Extinguished,Factor,,
675,s,1.258925412,0.089426021,0.089426021,mJy,Spectral Flux,4.35E+14,,,Hz,R,R_offset,slop,1,,,,,,
739.8,s,1.224616199,0.086988913,0.086988913,mJy,Spectral Flux,4.35E+14,,,Hz,R,R_offset,slop,1,,,,,,
793.2000384,s,1.137627286,0.080809777,0.080809777,mJy,Spectral Flux,4.35E+14,,,Hz,R,R_offset,slop,1,,,,,,
823.2000192,s,1.096478196,0.077886808,0.077886808,mJy,Spectral Flux,4.35E+14,,,Hz,R,R_offset,slop,1,,,,,,
853.7999616,s,1.066596121,0.066596121,0.066596121,mJy,Spectral Flux,4.35E+14,,,Hz,R,R_offset,slop,1,,,,,,
883.8000288,s,1.037528416,0.073699392,0.073699392,mJy,Spectral Flux,4.35E+14,,,Hz,R,R_offset,slop,1,,,,,,
916.7999904,s,1.028016298,0.064187275,0.064187275,mJy,Spectral Flux,4.35E+14,,,Hz,R,R_offset,slop,1,,,,,,
946.7999712,s,0.972747224,0.06909775,0.06909775,mJy,Spectral Flux,4.35E+14,,,Hz,R,R_offset,slop,1,,,,,,
977.9999616,s,0.990831945,0.061865558,0.061865558,mJy,Spectral Flux,4.35E+14,,,Hz,R,R_offset,slop,1,,,,,,
1126.800029,s,0.839459987,0.052414197,0.052414197,mJy,Spectral Flux,4.35E+14,,,Hz,R,R_offset,slop,1,,,,,,
1270.20001,s,0.744731974,0.04649957,0.04649957,mJy,Spectral Flux,4.35E+14,,,Hz,R,R_offset,slop,1,,,,,,
1426.199962,s,0.672976656,0.042019312,0.042019312,mJy,Spectral Flux,4.35E+14,,,Hz,R,R_offset,slop,1,,,,,,
1588.80001,s,0.597035287,0.037277685,0.037277685,mJy,Spectral Flux,4.35E+14,,,Hz,R,R_offset,slop,1,,,,,,
1750.199962,s,0.534564359,0.037972038,0.037972038,mJy,Spectral Flux,4.35E+14,,,Hz,R,R_offset,slop,1,,,,,,
1890,s,0.501187234,0.031293125,0.031293125,mJy,Spectral Flux,4.35E+14,,,Hz,R,R_offset,slop,1,,,,,,
2053.20001,s,0.44874539,0.028018762,0.028018762,mJy,Spectral Flux,4.35E+14,,,Hz,R,R_offset,slop,1,,,,,,
2215.799971,s,0.40926066,0.025553414,0.025553414,mJy,Spectral Flux,4.35E+14,,,Hz,R,R_offset,slop,1,,,,,,
2378.999981,s,0.35318317,0.022052048,0.022052048,mJy,Spectral Flux,4.35E+14,,,Hz,R,R_offset,slop,1,,,,,,
2542.19999,s,0.331131121,0.020675163,0.020675163,mJy,Spectral Flux,4.35E+14,,,Hz,R,R_offset,slop,1,,,,,,
2701.799971,s,0.313328572,0.022256861,0.022256861,mJy,Spectral Flux,4.35E+14,,,Hz,R,R_offset,slop,1,,,,,,
2926.200038,s,0.285759054,0.017842222,0.017842222,mJy,Spectral Flux,4.35E+14,,,Hz,R,R_offset,slop,1,,,,,,
3121.2,s,0.291071712,0.018173934,0.018173934,mJy,Spectral Flux,4.35E+14,,,Hz,R,R_offset,slop,1,,,,,,
3331.200038,s,0.260615355,0.0162723,0.0162723,mJy,Spectral Flux,4.35E+14,,,Hz,R,R_offset,slop,1,,,,,,
3553.799962,s,0.251188643,0.015683715,0.015683715,mJy,Spectral Flux,4.35E+14,,,Hz,R,R_offset,slop,1,,,,,,
3949.199971,s,0.244343055,0.01735657,0.01735657,mJy,Spectral Flux,4.35E+14,,,Hz,R,R_offset,slop,1,,,,,,
4168.200038,s,0.218776162,0.015540461,0.015540461,mJy,Spectral Flux,4.35E+14,,,Hz,R,R_offset,slop,1,,,,,,
4379.999962,s,0.253512863,0.018007935,0.018007935,mJy,Spectral Flux,4.35E+14,,,Hz,R,R_offset,slop,1,,,,,,
4572.000029,s,0.246603934,0.017517168,0.017517168,mJy,Spectral Flux,4.35E+14,,,Hz,R,R_offset,slop,1,,,,,,
4957.799962,s,0.229086765,0.014303718,0.014303718,mJy,Spectral Flux,4.35E+14,,,Hz,R,R_offset,slop,1,,,,,,
5179.80001,s,0.229086765,0.016272861,0.016272861,mJy,Spectral Flux,4.35E+14,,,Hz,R,R_offset,slop,1,,,,,,
5623.800019,s,0.207014135,0.014704962,0.014704962,mJy,Spectral Flux,4.35E+14,,,Hz,R,R_offset,slop,1,,,,,,
5815.8,s,0.203235701,0.014436566,0.014436566,mJy,Spectral Flux,4.35E+14,,,Hz,R,R_offset,slop,1,,,,,,
6042.000038,s,0.203235701,0.014436566,0.014436566,mJy,Spectral Flux,4.35E+14,,,Hz,R,R_offset,slop,1,,,,,,
6246.000029,s,0.173780083,0.012344227,0.012344227,mJy,Spectral Flux,4.35E+14,,,Hz,R,R_offset,slop,1,,,,,,
6450.000019,s,0.172186857,0.012231055,0.012231055,mJy,Spectral Flux,4.35E+14,,,Hz,R,R_offset,slop,1,,,,,,
6882.000019,s,0.169044093,0.012007813,0.012007813,mJy,Spectral Flux,4.35E+14,,,Hz,R,R_offset,slop,1,,,,,,
7086.00001,s,0.14723125,0.010458368,0.010458368,mJy,Spectral Flux,4.35E+14,,,Hz,R,R_offset,slop,1,,,,,,
7314.000019,s,0.169044093,0.012007813,0.012007813,mJy,Spectral Flux,4.35E+14,,,Hz,R,R_offset,slop,1,,,,,,
18100.8384,s,0.145532429,0.029106486,0.029106486,mJy,Spectral Flux,4.81E+14,,,Hz,r,r_offset,slop,1,,,0.1287693,1.130179549,,
21193.3225,s,0.126241282,0.025248256,0.025248256,mJy,Spectral Flux,4.81E+14,,,Hz,r,r_offset,slop,1,,,0.1117002,1.130179549,,
24385.6843,s,0.114722944,0.022944589,0.022944589,mJy,Spectral Flux,4.81E+14,,,Hz,r,r_offset,slop,1,,,0.1015086,1.130179549,,
28075.2089,s,0.095490113,0.019098023,0.019098023,mJy,Spectral Flux,4.81E+14,,,Hz,r,r_offset,slop,1,,,0.0844911,1.130179549,,
32070.9414,s,0.084727187,0.016945437,0.016945437,mJy,Spectral Flux,4.81E+14,,,Hz,r,r_offset,slop,1,,,0.0749679,1.130179549,,
36012.0654,s,0.074333378,0.014866676,0.014866676,mJy,Spectral Flux,4.81E+14,,,Hz,r,r_offset,slop,1,,,0.0657713,1.130179549,,
40634.6352,s,0.063403299,0.01268066,0.01268066,mJy,Spectral Flux,4.81E+14,,,Hz,r,r_offset,slop,1,,,0.0561002,1.130179549,,
106689.849,s,0.025371062,0.005074212,0.005074212,mJy,Spectral Flux,4.81E+14,,,Hz,r,r_offset,slop,1,,,0.0224487,1.130179549,,
373812.122,s,0.004342715,0.000868543,0.000868543,mJy,Spectral Flux,4.81E+14,,,Hz,r,r_offset,slop,1,,,0.0038425,1.130179549,,
460195.065,s,0.003239095,0.000647819,0.000647819,mJy,Spectral Flux,4.81E+14,,,Hz,r,r_offset,slop,1,,,0.002866,1.130179549,,
547483.47,s,0.001953967,0.000390793,0.000390793,mJy,Spectral Flux,4.81E+14,,,Hz,r,r_offset,slop,1,,,0.0017289,1.130179549,,
634028.18,s,0.001440414,0.000288083,0.000288083,mJy,Spectral Flux,4.81E+14,,,Hz,r,r_offset,slop,1,,,0.0012745,1.130179549,,
19087.20195,s,0.208687044,0.041737409,0.041737409,mJy,Spectral Flux,1.82E+14,,,Hz,H,H_offset,slop,1,,,6.5096,1.025867243,,6.677985406
20865.28053,s,0.209059562,0.041811912,0.041811912,mJy,Spectral Flux,1.82E+14,,,Hz,H,H_offset,slop,1,,,6.52122,1.025867243,,6.689905984
23001.83588,s,0.205062527,0.041012505,0.041012505,mJy,Spectral Flux,1.82E+14,,,Hz,H,H_offset,slop,1,,,6.39654,1.025867243,,6.562000856
26725.04137,s,0.194532641,0.038906528,0.038906528,mJy,Spectral Flux,1.82E+14,,,Hz,H,H_offset,slop,1,,,6.06808,1.025867243,,6.225044501
31550.76689,s,0.180013093,0.036002619,0.036002619,mJy,Spectral Flux,1.82E+14,,,Hz,H,H_offset,slop,1,,,5.61517,1.025867243,,5.760418968
34886.99107,s,0.150928795,0.030185759,0.030185759,mJy,Spectral Flux,1.82E+14,,,Hz,H,H_offset,slop,1,,,4.70794,1.025867243,,4.829721429
109450.844,s,0.058359343,0.011671869,0.011671869,mJy,Spectral Flux,1.82E+14,,,Hz,H,H_offset,slop,1,,,1.82041,1.025867243,,1.867498988
115436.7628,s,0.056308571,0.011261714,0.011261714,mJy,Spectral Flux,1.82E+14,,,Hz,H,H_offset,slop,1,,,1.75644,1.025867243,,1.801874261
19096.96077,s,0.223844975,0.044768995,0.044768995,mJy,Spectral Flux,2.43E+14,,,Hz,J,J_offset,slop,1,,,3.43938,1.0413271,,3.5815196
21585.62304,s,0.173124535,0.034624907,0.034624907,mJy,Spectral Flux,2.43E+14,,,Hz,J,J_offset,slop,1,,,2.66006,1.0413271,,2.769992565
24212.51486,s,0.163157733,0.032631547,0.032631547,mJy,Spectral Flux,2.43E+14,,,Hz,J,J_offset,slop,1,,,2.50692,1.0413271,,2.610523733
27790.11054,s,0.147805318,0.029561064,0.029561064,mJy,Spectral Flux,2.43E+14,,,Hz,J,J_offset,slop,1,,,2.27103,1.0413271,,2.364885083
31411.63966,s,0.131276853,0.026255371,0.026255371,mJy,Spectral Flux,2.43E+14,,,Hz,J,J_offset,slop,1,,,2.01707,1.0413271,,2.100429653
36052.9645,s,0.114314286,0.022862857,0.022862857,mJy,Spectral Flux,2.43E+14,,,Hz,J,J_offset,slop,1,,,1.75644,1.0413271,,1.829028571
111955.1449,s,0.037053672,0.007410734,0.007410734,mJy,Spectral Flux,2.43E+14,,,Hz,J,J_offset,slop,1,,,0.56933,1.0413271,,0.592858758
378200.7282,s,0.008249914,0.001649983,0.001649983,mJy,Spectral Flux,2.43E+14,,,Hz,J,J_offset,slop,1,,,0.12676,1.0413271,,0.131998623
18379.73105,s,0.185232036,0.037046407,0.037046407,mJy,Spectral Flux,3.28E+14,,,Hz,z,z_offset,slop,1,,,0.693747,1.06800915,,0.740928143
20616.47747,s,0.171151937,0.034230387,0.034230387,mJy,Spectral Flux,3.28E+14,,,Hz,z,z_offset,slop,1,,,0.641013,1.06800915,,0.684607749
23125.4278,s,0.164518266,0.032903653,0.032903653,mJy,Spectral Flux,3.28E+14,,,Hz,z,z_offset,slop,1,,,0.616168,1.06800915,,0.658073062
26139.06857,s,0.14612074,0.029224148,0.029224148,mJy,Spectral Flux,3.28E+14,,,Hz,z,z_offset,slop,1,,,0.547264,1.06800915,,0.584482959
29320.09814,s,0.122309209,0.024461842,0.024461842,mJy,Spectral Flux,3.28E+14,,,Hz,z,z_offset,slop,1,,,0.458083,1.06800915,,0.489236835
33395.71707,s,0.102377755,0.020475551,0.020475551,mJy,Spectral Flux,3.28E+14,,,Hz,z,z_offset,slop,1,,,0.383434,1.06800915,,0.40951102
37459.85438,s,0.092744313,0.018548863,0.018548863,mJy,Spectral Flux,3.28E+14,,,Hz,z,z_offset,slop,1,,,0.347354,1.06800915,,0.37097725
111101.2731,s,0.038869125,0.007773825,0.007773825,mJy,Spectral Flux,3.28E+14,,,Hz,z,z_offset,slop,1,,,0.145576,1.06800915,,0.1554765
378200.7282,s,0.005385436,0.001077087,0.001077087,mJy,Spectral Flux,3.28E+14,,,Hz,z,z_offset,slop,1,,,0.02017,1.06800915,,0.021541745
17962.38868,s,0.17593099,0.035186198,0.035186198,mJy,Spectral Flux,3.93E+14,,,Hz,i,i_offset,slop,1,,,0.320950287,1.096313021,,0.351861979
20303.19671,s,0.150200998,0.0300402,0.0300402,mJy,Spectral Flux,3.93E+14,,,Hz,i,i_offset,slop,1,,,0.274011153,1.096313021,,0.300401995
23303.15889,s,0.136067486,0.027213497,0.027213497,mJy,Spectral Flux,3.93E+14,,,Hz,i,i_offset,slop,1,,,0.248227438,1.096313021,,0.272134972
26951.94993,s,0.116167551,0.02323351,0.02323351,mJy,Spectral Flux,3.93E+14,,,Hz,i,i_offset,slop,1,,,0.211924056,1.096313021,,0.232335102
30934.31939,s,0.105236496,0.021047299,0.021047299,mJy,Spectral Flux,3.93E+14,,,Hz,i,i_offset,slop,1,,,0.191982571,1.096313021,,0.210472992
34698.91356,s,0.091639043,0.018327809,0.018327809,mJy,Spectral Flux,3.93E+14,,,Hz,i,i_offset,slop,1,,,0.167176784,1.096313021,,0.183278085
41064.48061,s,0.079798496,0.015959699,0.015959699,mJy,Spectral Flux,3.93E+14,,,Hz,i,i_offset,slop,1,,,0.145576116,1.096313021,,0.159596991
110253.9138,s,0.027445769,0.005489154,0.005489154,mJy,Spectral Flux,3.93E+14,,,Hz,i,i_offset,slop,1,,,0.050069219,1.096313021,,0.054891537
378200.7282,s,0.004916933,0.000983387,0.000983387,mJy,Spectral Flux,3.93E+14,,,Hz,i,i_offset,slop,1,,,0.008969943,1.096313021,,0.009833865
465048.1509,s,0.004281623,0.000856325,0.000856325,mJy,Spectral Flux,3.93E+14,,,Hz,i,i_offset,slop,1,,,0.00781095,1.096313021,,0.008563246
550361.9225,s,0.002717588,0.000543518,0.000543518,mJy,Spectral Flux,3.93E+14,,,Hz,i,i_offset,slop,1,,,0.004957685,1.096313021,,0.005435175
636537.1772,s,0.001942052,0.00038841,0.00038841,mJy,Spectral Flux,3.93E+14,,,Hz,i,i_offset,slop,1,,,0.003542878,1.096313021,,0.003884103
17554.52277,s,0.1208358,0.02416716,0.02416716,mJy,Spectral Flux,6.86E+14,,,Hz,B,B_offset,slop,1,,,0.050069219,1.20668749,,0.0604179
31411.63966,s,0.065478874,0.013095775,0.013095775,mJy,Spectral Flux,6.86E+14,,,Hz,B,B_offset,slop,1,,,0.027131662,1.20668749,,0.032739437
36330.05051,s,0.04772678,0.009545356,0.009545356,mJy,Spectral Flux,6.86E+14,,,Hz,B,B_offset,slop,1,,,0.019775949,1.20668749,,0.02386339
1571590.642,s,0,0.04,0.04,mJy,Spectral Flux,3.45E+11,,,Hz,S,,slop,1,,,,,,
82.714,s,5.93E-08,1.44E-08,1.44E-08,erg cm-2 s-1,Integrated Flux,,7.25E+16,2.42E+18,Hz,xray,,slop,0,,,,,,
83.738,s,5.72E-08,1.60E-08,1.60E-08,erg cm-2 s-1,Integrated Flux,,7.25E+16,2.42E+18,Hz,xray,,slop,0,,,,,,
84.7705,s,6.69E-08,1.53E-08,1.53E-08,erg cm-2 s-1,Integrated Flux,,7.25E+16,2.42E+18,Hz,xray,,slop,0,,,,,,
85.7102,s,6.82E-08,2.01E-08,2.01E-08,erg cm-2 s-1,Integrated Flux,,7.25E+16,2.42E+18,Hz,xray,,slop,0,,,,,,
86.779,s,5.45E-08,1.60E-08,1.60E-08,erg cm-2 s-1,Integrated Flux,,7.25E+16,2.42E+18,Hz,xray,,slop,0,,,,,,
87.824,s,6.10E-08,1.78E-08,1.78E-08,erg cm-2 s-1,Integrated Flux,,7.25E+16,2.42E+18,Hz,xray,,slop,0,,,,,,
88.888,s,5.86E-08,1.54E-08,1.54E-08,erg cm-2 s-1,Integrated Flux,,7.25E+16,2.42E+18,Hz,xray,,slop,0,,,,,,
89.9292,s,6.48E-08,1.42E-08,1.42E-08,erg cm-2 s-1,Integrated Flux,,7.25E+16,2.42E+18,Hz,xray,,slop,0,,,,,,
91.031,s,5.17E-08,1.39E-08,1.39E-08,erg cm-2 s-1,Integrated Flux,,7.25E+16,2.42E+18,Hz,xray,,slop,0,,,,,,
92.0877,s,6.67E-08,1.15E-08,1.15E-08,erg cm-2 s-1,Integrated Flux,,7.25E+16,2.42E+18,Hz,xray,,slop,0,,,,,,
93.0764,s,6.34E-08,9.11E-09,9.11E-09,erg cm-2 s-1,Integrated Flux,,7.25E+16,2.42E+18,Hz,xray,,slop,0,,,,,,
93.9769,s,8.18E-08,1.83E-08,1.83E-08,erg cm-2 s-1,Integrated Flux,,7.25E+16,2.42E+18,Hz,xray,,slop,0,,,,,,
94.7471,s,6.71E-08,1.66E-08,1.66E-08,erg cm-2 s-1,Integrated Flux,,7.25E+16,2.42E+18,Hz,xray,,slop,0,,,,,,
95.6839,s,7.12E-08,1.44E-08,1.44E-08,erg cm-2 s-1,Integrated Flux,,7.25E+16,2.42E+18,Hz,xray,,slop,0,,,,,,
96.601,s,6.23E-08,1.22E-08,1.22E-08,erg cm-2 s-1,Integrated Flux,,7.25E+16,2.42E+18,Hz,xray,,slop,0,,,,,,
97.5354,s,8.51E-08,1.31E-08,1.31E-08,erg cm-2 s-1,Integrated Flux,,7.25E+16,2.42E+18,Hz,xray,,slop,0,,,,,,
98.3021,s,8.48E-08,1.36E-08,1.36E-08,erg cm-2 s-1,Integrated Flux,,7.25E+16,2.42E+18,Hz,xray,,slop,0,,,,,,
99.1541,s,7.54E-08,1.09E-08,1.09E-08,erg cm-2 s-1,Integrated Flux,,7.25E+16,2.42E+18,Hz,xray,,slop,0,,,,,,
100.0173,s,8.75E-08,1.86E-08,1.86E-08,erg cm-2 s-1,Integrated Flux,,7.25E+16,2.42E+18,Hz,xray,,slop,0,,,,,,
100.8414,s,7.79E-08,1.82E-08,1.82E-08,erg cm-2 s-1,Integrated Flux,,7.25E+16,2.42E+18,Hz,xray,,slop,0,,,,,,
101.7332,s,7.04E-08,1.21E-08,1.21E-08,erg cm-2 s-1,Integrated Flux,,7.25E+16,2.42E+18,Hz,xray,,slop,0,,,,,,
102.5054,s,9.61E-08,1.78E-08,1.78E-08,erg cm-2 s-1,Integrated Flux,,7.25E+16,2.42E+18,Hz,xray,,slop,0,,,,,,
103.2566,s,7.80E-08,1.88E-08,1.88E-08,erg cm-2 s-1,Integrated Flux,,7.25E+16,2.42E+18,Hz,xray,,slop,0,,,,,,
104.1023,s,7.52E-08,1.56E-08,1.56E-08,erg cm-2 s-1,Integrated Flux,,7.25E+16,2.42E+18,Hz,xray,,slop,0,,,,,,
104.9079,s,9.71E-08,2.49E-08,2.49E-08,erg cm-2 s-1,Integrated Flux,,7.25E+16,2.42E+18,Hz,xray,,slop,0,,,,,,
105.6043,s,7.81E-08,1.80E-08,1.80E-08,erg cm-2 s-1,Integrated Flux,,7.25E+16,2.42E+18,Hz,xray,,slop,0,,,,,,
106.404,s,8.48E-08,1.68E-08,1.68E-08,erg cm-2 s-1,Integrated Flux,,7.25E+16,2.42E+18,Hz,xray,,slop,0,,,,,,
107.1292,s,8.83E-08,2.31E-08,2.31E-08,erg cm-2 s-1,Integrated Flux,,7.25E+16,2.42E+18,Hz,xray,,slop,0,,,,,,
107.8258,s,9.65E-08,2.19E-08,2.19E-08,erg cm-2 s-1,Integrated Flux,,7.25E+16,2.42E+18,Hz,xray,,slop,0,,,,,,
108.4603,s,9.35E-08,1.91E-08,1.91E-08,erg cm-2 s-1,Integrated Flux,,7.25E+16,2.42E+18,Hz,xray,,slop,0,,,,,,
109.2024,s,9.28E-08,1.60E-08,1.60E-08,erg cm-2 s-1,Integrated Flux,,7.25E+16,2.42E+18,Hz,xray,,slop,0,,,,,,
109.842,s,1.11E-07,1.93E-08,1.93E-08,erg cm-2 s-1,Integrated Flux,,7.25E+16,2.42E+18,Hz,xray,,slop,0,,,,,,
110.5222,s,8.31E-08,1.44E-08,1.44E-08,erg cm-2 s-1,Integrated Flux,,7.25E+16,2.42E+18,Hz,xray,,slop,0,,,,,,
111.2932,s,8.22E-08,1.60E-08,1.60E-08,erg cm-2 s-1,Integrated Flux,,7.25E+16,2.42E+18,Hz,xray,,slop,0,,,,,,
111.965,s,1.09E-07,2.02E-08,2.02E-08,erg cm-2 s-1,Integrated Flux,,7.25E+16,2.42E+18,Hz,xray,,slop,0,,,,,,
112.6506,s,9.54E-08,1.52E-08,1.52E-08,erg cm-2 s-1,Integrated Flux,,7.25E+16,2.42E+18,Hz,xray,,slop,0,,,,,,
113.3613,s,8.06E-08,1.41E-08,1.41E-08,erg cm-2 s-1,Integrated Flux,,7.25E+16,2.42E+18,Hz,xray,,slop,0,,,,,,
114.2275,s,7.07E-08,1.17E-08,1.17E-08,erg cm-2 s-1,Integrated Flux,,7.25E+16,2.42E+18,Hz,xray,,slop,0,,,,,,
115.0426,s,8.95E-08,1.54E-08,1.54E-08,erg cm-2 s-1,Integrated Flux,,7.25E+16,2.42E+18,Hz,xray,,slop,0,,,,,,
115.8727,s,8.80E-08,1.75E-08,1.75E-08,erg cm-2 s-1,Integrated Flux,,7.25E+16,2.42E+18,Hz,xray,,slop,0,,,,,,
116.6172,s,9.09E-08,1.84E-08,1.84E-08,erg cm-2 s-1,Integrated Flux,,7.25E+16,2.42E+18,Hz,xray,,slop,0,,,,,,
117.413,s,9.11E-08,1.56E-08,1.56E-08,erg cm-2 s-1,Integrated Flux,,7.25E+16,2.42E+18,Hz,xray,,slop,0,,,,,,
118.1736,s,8.67E-08,1.24E-08,1.24E-08,erg cm-2 s-1,Integrated Flux,,7.25E+16,2.42E+18,Hz,xray,,slop,0,,,,,,
118.9381,s,9.55E-08,1.79E-08,1.79E-08,erg cm-2 s-1,Integrated Flux,,7.25E+16,2.42E+18,Hz,xray,,slop,0,,,,,,
119.6736,s,8.48E-08,1.62E-08,1.62E-08,erg cm-2 s-1,Integrated Flux,,7.25E+16,2.42E+18,Hz,xray,,slop,0,,,,,,
120.5959,s,7.14E-08,1.46E-08,1.46E-08,erg cm-2 s-1,Integrated Flux,,7.25E+16,2.42E+18,Hz,xray,,slop,0,,,,,,
121.57,s,6.83E-08,1.34E-08,1.34E-08,erg cm-2 s-1,Integrated Flux,,7.25E+16,2.42E+18,Hz,xray,,slop,0,,,,,,
122.4618,s,7.92E-08,1.47E-08,1.47E-08,erg cm-2 s-1,Integrated Flux,,7.25E+16,2.42E+18,Hz,xray,,slop,0,,,,,,
123.3806,s,8.05E-08,1.59E-08,1.59E-08,erg cm-2 s-1,Integrated Flux,,7.25E+16,2.42E+18,Hz,xray,,slop,0,,,,,,
124.351,s,6.51E-08,1.36E-08,1.36E-08,erg cm-2 s-1,Integrated Flux,,7.25E+16,2.42E+18,Hz,xray,,slop,0,,,,,,
125.3809,s,6.99E-08,1.50E-08,1.50E-08,erg cm-2 s-1,Integrated Flux,,7.25E+16,2.42E+18,Hz,xray,,slop,0,,,,,,
126.383,s,7.01E-08,1.46E-08,1.46E-08,erg cm-2 s-1,Integrated Flux,,7.25E+16,2.42E+18,Hz,xray,,slop,0,,,,,,
127.3964,s,7.41E-08,1.59E-08,1.59E-08,erg cm-2 s-1,Integrated Flux,,7.25E+16,2.42E+18,Hz,xray,,slop,0,,,,,,
128.2777,s,7.54E-08,1.54E-08,1.54E-08,erg cm-2 s-1,Integrated Flux,,7.25E+16,2.42E+18,Hz,xray,,slop,0,,,,,,
129.307,s,6.50E-08,1.23E-08,1.23E-08,erg cm-2 s-1,Integrated Flux,,7.25E+16,2.42E+18,Hz,xray,,slop,0,,,,,,
130.344,s,6.09E-08,1.09E-08,1.09E-08,erg cm-2 s-1,Integrated Flux,,7.25E+16,2.42E+18,Hz,xray,,slop,0,,,,,,
131.653,s,5.13E-08,1.04E-08,1.04E-08,erg cm-2 s-1,Integrated Flux,,7.25E+16,2.42E+18,Hz,xray,,slop,0,,,,,,
132.952,s,5.56E-08,9.65E-09,9.65E-09,erg cm-2 s-1,Integrated Flux,,7.25E+16,2.42E+18,Hz,xray,,slop,0,,,,,,
134.191,s,5.81E-08,1.03E-08,1.03E-08,erg cm-2 s-1,Integrated Flux,,7.25E+16,2.42E+18,Hz,xray,,slop,0,,,,,,
135.434,s,5.11E-08,8.78E-09,8.78E-09,erg cm-2 s-1,Integrated Flux,,7.25E+16,2.42E+18,Hz,xray,,slop,0,,,,,,
136.792,s,3.35E-08,6.46E-09,6.46E-09,erg cm-2 s-1,Integrated Flux,,7.25E+16,2.42E+18,Hz,xray,,slop,0,,,,,,
138.188,s,4.99E-08,8.78E-09,8.78E-09,erg cm-2 s-1,Integrated Flux,,7.25E+16,2.42E+18,Hz,xray,,slop,0,,,,,,
139.542,s,4.96E-08,8.49E-09,8.49E-09,erg cm-2 s-1,Integrated Flux,,7.25E+16,2.42E+18,Hz,xray,,slop,0,,,,,,
140.99,s,4.46E-08,7.93E-09,7.93E-09,erg cm-2 s-1,Integrated Flux,,7.25E+16,2.42E+18,Hz,xray,,slop,0,,,,,,
142.328,s,3.72E-08,7.15E-09,7.15E-09,erg cm-2 s-1,Integrated Flux,,7.25E+16,2.42E+18,Hz,xray,,slop,0,,,,,,
143.771,s,2.59E-08,5.16E-09,5.16E-09,erg cm-2 s-1,Integrated Flux,,7.25E+16,2.42E+18,Hz,xray,,slop,0,,,,,,
145.229,s,3.13E-08,6.12E-09,6.12E-09,erg cm-2 s-1,Integrated Flux,,7.25E+16,2.42E+18,Hz,xray,,slop,0,,,,,,
146.575,s,3.91E-08,7.44E-09,7.44E-09,erg cm-2 s-1,Integrated Flux,,7.25E+16,2.42E+18,Hz,xray,,slop,0,,,,,,
147.816,s,3.33E-08,6.42E-09,6.42E-09,erg cm-2 s-1,Integrated Flux,,7.25E+16,2.42E+18,Hz,xray,,slop,0,,,,,,
149.329,s,2.83E-08,5.34E-09,5.34E-09,erg cm-2 s-1,Integrated Flux,,7.25E+16,2.42E+18,Hz,xray,,slop,0,,,,,,
151.036,s,2.44E-08,4.75E-09,4.75E-09,erg cm-2 s-1,Integrated Flux,,7.25E+16,2.42E+18,Hz,xray,,slop,0,,,,,,
152.759,s,2.56E-08,4.97E-09,4.97E-09,erg cm-2 s-1,Integrated Flux,,7.25E+16,2.42E+18,Hz,xray,,slop,0,,,,,,
154.821,s,2.22E-08,4.10E-09,4.10E-09,erg cm-2 s-1,Integrated Flux,,7.25E+16,2.42E+18,Hz,xray,,slop,0,,,,,,
156.487,s,2.59E-08,4.99E-09,4.99E-09,erg cm-2 s-1,Integrated Flux,,7.25E+16,2.42E+18,Hz,xray,,slop,0,,,,,,
158.1708,s,2.40E-08,3.22E-09,3.22E-09,erg cm-2 s-1,Integrated Flux,,7.25E+16,2.42E+18,Hz,xray,,slop,0,,,,,,
158.7392,s,2.04E-08,2.55E-09,2.55E-09,erg cm-2 s-1,Integrated Flux,,7.25E+16,2.42E+18,Hz,xray,,slop,0,,,,,,
159.3351,s,2.36E-08,2.91E-09,2.91E-09,erg cm-2 s-1,Integrated Flux,,7.25E+16,2.42E+18,Hz,xray,,slop,0,,,,,,
159.8587,s,2.71E-08,3.23E-09,3.23E-09,erg cm-2 s-1,Integrated Flux,,7.25E+16,2.42E+18,Hz,xray,,slop,0,,,,,,
160.3839,s,2.15E-08,2.69E-09,2.69E-09,erg cm-2 s-1,Integrated Flux,,7.25E+16,2.42E+18,Hz,xray,,slop,0,,,,,,
160.9591,s,2.15E-08,2.72E-09,2.72E-09,erg cm-2 s-1,Integrated Flux,,7.25E+16,2.42E+18,Hz,xray,,slop,0,,,,,,
161.4896,s,2.46E-08,3.05E-09,3.05E-09,erg cm-2 s-1,Integrated Flux,,7.25E+16,2.42E+18,Hz,xray,,slop,0,,,,,,
161.9937,s,2.48E-08,3.05E-09,3.05E-09,erg cm-2 s-1,Integrated Flux,,7.25E+16,2.42E+18,Hz,xray,,slop,0,,,,,,
162.5741,s,2.08E-08,2.60E-09,2.60E-09,erg cm-2 s-1,Integrated Flux,,7.25E+16,2.42E+18,Hz,xray,,slop,0,,,,,,
163.0913,s,2.53E-08,3.01E-09,3.01E-09,erg cm-2 s-1,Integrated Flux,,7.25E+16,2.42E+18,Hz,xray,,slop,0,,,,,,
163.6824,s,2.17E-08,2.69E-09,2.69E-09,erg cm-2 s-1,Integrated Flux,,7.25E+16,2.42E+18,Hz,xray,,slop,0,,,,,,
164.1789,s,2.47E-08,3.06E-09,3.06E-09,erg cm-2 s-1,Integrated Flux,,7.25E+16,2.42E+18,Hz,xray,,slop,0,,,,,,
164.7609,s,2.05E-08,2.54E-09,2.54E-09,erg cm-2 s-1,Integrated Flux,,7.25E+16,2.42E+18,Hz,xray,,slop,0,,,,,,
165.4132,s,1.79E-08,2.30E-09,2.30E-09,erg cm-2 s-1,Integrated Flux,,7.25E+16,2.42E+18,Hz,xray,,slop,0,,,,,,
166.0573,s,1.88E-08,2.50E-09,2.50E-09,erg cm-2 s-1,Integrated Flux,,7.25E+16,2.42E+18,Hz,xray,,slop,0,,,,,,
166.7076,s,1.84E-08,2.26E-09,2.26E-09,erg cm-2 s-1,Integrated Flux,,7.25E+16,2.42E+18,Hz,xray,,slop,0,,,,,,
167.3776,s,1.76E-08,2.18E-09,2.18E-09,erg cm-2 s-1,Integrated Flux,,7.25E+16,2.42E+18,Hz,xray,,slop,0,,,,,,
168.0978,s,1.75E-08,2.19E-09,2.19E-09,erg cm-2 s-1,Integrated Flux,,7.25E+16,2.42E+18,Hz,xray,,slop,0,,,,,,
168.9196,s,1.46E-08,1.82E-09,1.82E-09,erg cm-2 s-1,Integrated Flux,,7.25E+16,2.42E+18,Hz,xray,,slop,0,,,,,,
169.6179,s,1.86E-08,2.30E-09,2.30E-09,erg cm-2 s-1,Integrated Flux,,7.25E+16,2.42E+18,Hz,xray,,slop,0,,,,,,
170.3299,s,1.70E-08,2.13E-09,2.13E-09,erg cm-2 s-1,Integrated Flux,,7.25E+16,2.42E+18,Hz,xray,,slop,0,,,,,,
171.0252,s,1.58E-08,2.05E-09,2.05E-09,erg cm-2 s-1,Integrated Flux,,7.25E+16,2.42E+18,Hz,xray,,slop,0,,,,,,
171.8031,s,1.47E-08,1.91E-09,1.91E-09,erg cm-2 s-1,Integrated Flux,,7.25E+16,2.42E+18,Hz,xray,,slop,0,,,,,,
172.5778,s,1.92E-08,2.40E-09,2.40E-09,erg cm-2 s-1,Integrated Flux,,7.25E+16,2.42E+18,Hz,xray,,slop,0,,,,,,
173.2183,s,1.85E-08,2.31E-09,2.31E-09,erg cm-2 s-1,Integrated Flux,,7.25E+16,2.42E+18,Hz,xray,,slop,0,,,,,,
173.9467,s,1.50E-08,1.86E-09,1.86E-09,erg cm-2 s-1,Integrated Flux,,7.25E+16,2.42E+18,Hz,xray,,slop,0,,,,,,
174.71,s,1.65E-08,2.07E-09,2.07E-09,erg cm-2 s-1,Integrated Flux,,7.25E+16,2.42E+18,Hz,xray,,slop,0,,,,,,
175.4479,s,1.57E-08,2.01E-09,2.01E-09,erg cm-2 s-1,Integrated Flux,,7.25E+16,2.42E+18,Hz,xray,,slop,0,,,,,,
176.3651,s,1.34E-08,1.68E-09,1.68E-09,erg cm-2 s-1,Integrated Flux,,7.25E+16,2.42E+18,Hz,xray,,slop,0,,,,,,
177.0648,s,2.01E-08,2.46E-09,2.46E-09,erg cm-2 s-1,Integrated Flux,,7.25E+16,2.42E+18,Hz,xray,,slop,0,,,,,,
177.7527,s,1.47E-08,1.84E-09,1.84E-09,erg cm-2 s-1,Integrated Flux,,7.25E+16,2.42E+18,Hz,xray,,slop,0,,,,,,
178.742,s,1.21E-08,1.53E-09,1.53E-09,erg cm-2 s-1,Integrated Flux,,7.25E+16,2.42E+18,Hz,xray,,slop,0,,,,,,
179.6932,s,1.34E-08,1.66E-09,1.66E-09,erg cm-2 s-1,Integrated Flux,,7.25E+16,2.42E+18,Hz,xray,,slop,0,,,,,,
180.6281,s,1.46E-08,1.84E-09,1.84E-09,erg cm-2 s-1,Integrated Flux,,7.25E+16,2.42E+18,Hz,xray,,slop,0,,,,,,
181.4396,s,1.45E-08,1.79E-09,1.79E-09,erg cm-2 s-1,Integrated Flux,,7.25E+16,2.42E+18,Hz,xray,,slop,0,,,,,,
182.3483,s,1.10E-08,1.34E-09,1.34E-09,erg cm-2 s-1,Integrated Flux,,7.25E+16,2.42E+18,Hz,xray,,slop,0,,,,,,
183.37,s,9.03E-09,1.12E-09,1.12E-09,erg cm-2 s-1,Integrated Flux,,7.25E+16,2.42E+18,Hz,xray,,slop,0,,,,,,
184.2222,s,1.31E-08,1.62E-09,1.62E-09,erg cm-2 s-1,Integrated Flux,,7.25E+16,2.42E+18,Hz,xray,,slop,0,,,,,,
185.0598,s,9.75E-09,1.24E-09,1.24E-09,erg cm-2 s-1,Integrated Flux,,7.25E+16,2.42E+18,Hz,xray,,slop,0,,,,,,
185.8633,s,1.51E-08,1.85E-09,1.85E-09,erg cm-2 s-1,Integrated Flux,,7.25E+16,2.42E+18,Hz,xray,,slop,0,,,,,,
186.6335,s,1.03E-08,1.29E-09,1.29E-09,erg cm-2 s-1,Integrated Flux,,7.25E+16,2.42E+18,Hz,xray,,slop,0,,,,,,
187.5129,s,1.05E-08,1.30E-09,1.30E-09,erg cm-2 s-1,Integrated Flux,,7.25E+16,2.42E+18,Hz,xray,,slop,0,,,,,,
188.599,s,8.85E-09,1.10E-09,1.10E-09,erg cm-2 s-1,Integrated Flux,,7.25E+16,2.42E+18,Hz,xray,,slop,0,,,,,,
189.601,s,8.86E-09,1.10E-09,1.10E-09,erg cm-2 s-1,Integrated Flux,,7.25E+16,2.42E+18,Hz,xray,,slop,0,,,,,,
190.693,s,8.23E-09,1.02E-09,1.02E-09,erg cm-2 s-1,Integrated Flux,,7.25E+16,2.42E+18,Hz,xray,,slop,0,,,,,,
191.823,s,8.94E-09,1.09E-09,1.09E-09,erg cm-2 s-1,Integrated Flux,,7.25E+16,2.42E+18,Hz,xray,,slop,0,,,,,,
192.859,s,8.34E-09,1.09E-09,1.09E-09,erg cm-2 s-1,Integrated Flux,,7.25E+16,2.42E+18,Hz,xray,,slop,0,,,,,,
194.061,s,7.92E-09,9.85E-10,9.85E-10,erg cm-2 s-1,Integrated Flux,,7.25E+16,2.42E+18,Hz,xray,,slop,0,,,,,,
195.236,s,7.59E-09,9.55E-10,9.55E-10,erg cm-2 s-1,Integrated Flux,,7.25E+16,2.42E+18,Hz,xray,,slop,0,,,,,,
196.462,s,7.09E-09,8.81E-10,8.81E-10,erg cm-2 s-1,Integrated Flux,,7.25E+16,2.42E+18,Hz,xray,,slop,0,,,,,,
197.761,s,6.93E-09,8.52E-10,8.52E-10,erg cm-2 s-1,Integrated Flux,,7.25E+16,2.42E+18,Hz,xray,,slop,0,,,,,,
199.135,s,6.89E-09,8.76E-10,8.76E-10,erg cm-2 s-1,Integrated Flux,,7.25E+16,2.42E+18,Hz,xray,,slop,0,,,,,,
200.599,s,6.22E-09,7.71E-10,7.71E-10,erg cm-2 s-1,Integrated Flux,,7.25E+16,2.42E+18,Hz,xray,,slop,0,,,,,,
201.878,s,7.43E-09,9.12E-10,9.12E-10,erg cm-2 s-1,Integrated Flux,,7.25E+16,2.42E+18,Hz,xray,,slop,0,,,,,,
203.32,s,5.87E-09,7.29E-10,7.29E-10,erg cm-2 s-1,Integrated Flux,,7.25E+16,2.42E+18,Hz,xray,,slop,0,,,,,,
204.796,s,6.66E-09,8.27E-10,8.27E-10,erg cm-2 s-1,Integrated Flux,,7.25E+16,2.42E+18,Hz,xray,,slop,0,,,,,,
206.187,s,4.89E-09,6.00E-10,4.36E-10,erg cm-2 s-1,Integrated Flux,,7.25E+16,2.42E+18,Hz,xray,,slop,0,,,,,,
206.8653,s,6.38E-09,8.01E-10,5.85E-10,erg cm-2 s-1,Integrated Flux,,7.25E+16,2.42E+18,Hz,xray,,slop,0,,,,,,
207.4518,s,5.74E-09,7.11E-10,5.19E-10,erg cm-2 s-1,Integrated Flux,,7.25E+16,2.42E+18,Hz,xray,,slop,0,,,,,,
208.0166,s,5.84E-09,7.12E-10,5.20E-10,erg cm-2 s-1,Integrated Flux,,7.25E+16,2.42E+18,Hz,xray,,slop,0,,,,,,
208.6361,s,5.99E-09,7.41E-10,5.41E-10,erg cm-2 s-1,Integrated Flux,,7.25E+16,2.42E+18,Hz,xray,,slop,0,,,,,,
209.2348,s,5.60E-09,6.84E-10,4.99E-10,erg cm-2 s-1,Integrated Flux,,7.25E+16,2.42E+18,Hz,xray,,slop,0,,,,,,
209.847,s,5.11E-09,6.41E-10,4.68E-10,erg cm-2 s-1,Integrated Flux,,7.25E+16,2.42E+18,Hz,xray,,slop,0,,,,,,
210.5066,s,5.56E-09,6.88E-10,5.03E-10,erg cm-2 s-1,Integrated Flux,,7.25E+16,2.42E+18,Hz,xray,,slop,0,,,,,,
211.1845,s,4.84E-09,5.92E-10,4.32E-10,erg cm-2 s-1,Integrated Flux,,7.25E+16,2.42E+18,Hz,xray,,slop,0,,,,,,
211.9046,s,4.97E-09,6.08E-10,4.44E-10,erg cm-2 s-1,Integrated Flux,,7.25E+16,2.42E+18,Hz,xray,,slop,0,,,,,,
212.5563,s,4.47E-09,6.80E-10,4.96E-10,erg cm-2 s-1,Integrated Flux,,7.25E+16,2.42E+18,Hz,xray,,slop,0,,,,,,
213.1217,s,4.85E-09,6.08E-10,4.44E-10,erg cm-2 s-1,Integrated Flux,,7.25E+16,2.42E+18,Hz,xray,,slop,0,,,,,,
213.7939,s,4.74E-09,5.80E-10,4.23E-10,erg cm-2 s-1,Integrated Flux,,7.25E+16,2.42E+18,Hz,xray,,slop,0,,,,,,
214.5141,s,5.52E-09,6.74E-10,4.92E-10,erg cm-2 s-1,Integrated Flux,,7.25E+16,2.42E+18,Hz,xray,,slop,0,,,,,,
215.184,s,4.63E-09,5.70E-10,4.16E-10,erg cm-2 s-1,Integrated Flux,,7.25E+16,2.42E+18,Hz,xray,,slop,0,,,,,,
215.936,s,4.58E-09,5.75E-10,4.20E-10,erg cm-2 s-1,Integrated Flux,,7.25E+16,2.42E+18,Hz,xray,,slop,0,,,,,,
216.564,s,4.47E-09,6.66E-10,4.86E-10,erg cm-2 s-1,Integrated Flux,,7.25E+16,2.42E+18,Hz,xray,,slop,0,,,,,,
217.2061,s,4.85E-09,5.93E-10,4.33E-10,erg cm-2 s-1,Integrated Flux,,7.25E+16,2.42E+18,Hz,xray,,slop,0,,,,,,
217.8148,s,4.59E-09,6.90E-10,5.04E-10,erg cm-2 s-1,Integrated Flux,,7.25E+16,2.42E+18,Hz,xray,,slop,0,,,,,,
218.4489,s,3.11E-09,4.63E-10,3.38E-10,erg cm-2 s-1,Integrated Flux,,7.25E+16,2.42E+18,Hz,xray,,slop,0,,,,,,
219.1199,s,4.41E-09,6.71E-10,4.90E-10,erg cm-2 s-1,Integrated Flux,,7.25E+16,2.42E+18,Hz,xray,,slop,0,,,,,,
219.6812,s,4.41E-09,6.17E-10,4.50E-10,erg cm-2 s-1,Integrated Flux,,7.25E+16,2.42E+18,Hz,xray,,slop,0,,,,,,
220.2736,s,4.15E-09,6.19E-10,4.52E-10,erg cm-2 s-1,Integrated Flux,,7.25E+16,2.42E+18,Hz,xray,,slop,0,,,,,,
220.8192,s,4.53E-09,6.38E-10,4.66E-10,erg cm-2 s-1,Integrated Flux,,7.25E+16,2.42E+18,Hz,xray,,slop,0,,,,,,
221.4227,s,4.69E-09,6.55E-10,4.78E-10,erg cm-2 s-1,Integrated Flux,,7.25E+16,2.42E+18,Hz,xray,,slop,0,,,,,,
221.9953,s,4.14E-09,6.18E-10,4.51E-10,erg cm-2 s-1,Integrated Flux,,7.25E+16,2.42E+18,Hz,xray,,slop,0,,,,,,
222.5639,s,3.77E-09,5.74E-10,4.19E-10,erg cm-2 s-1,Integrated Flux,,7.25E+16,2.42E+18,Hz,xray,,slop,0,,,,,,
223.1624,s,4.27E-09,6.51E-10,4.75E-10,erg cm-2 s-1,Integrated Flux,,7.25E+16,2.42E+18,Hz,xray,,slop,0,,,,,,
223.7752,s,3.47E-09,5.16E-10,3.77E-10,erg cm-2 s-1,Integrated Flux,,7.25E+16,2.42E+18,Hz,xray,,slop,0,,,,,,
224.4572,s,4.52E-09,5.64E-10,4.12E-10,erg cm-2 s-1,Integrated Flux,,7.25E+16,2.42E+18,Hz,xray,,slop,0,,,,,,
225.1562,s,3.96E-09,5.89E-10,4.30E-10,erg cm-2 s-1,Integrated Flux,,7.25E+16,2.42E+18,Hz,xray,,slop,0,,,,,,
225.7696,s,3.60E-09,5.38E-10,3.93E-10,erg cm-2 s-1,Integrated Flux,,7.25E+16,2.42E+18,Hz,xray,,slop,0,,,,,,
226.461,s,3.03E-09,4.60E-10,3.36E-10,erg cm-2 s-1,Integrated Flux,,7.25E+16,2.42E+18,Hz,xray,,slop,0,,,,,,
227.1743,s,3.62E-09,5.40E-10,3.94E-10,erg cm-2 s-1,Integrated Flux,,7.25E+16,2.42E+18,Hz,xray,,slop,0,,,,,,
227.8507,s,3.41E-09,5.08E-10,3.71E-10,erg cm-2 s-1,Integrated Flux,,7.25E+16,2.42E+18,Hz,xray,,slop,0,,,,,,
228.5211,s,3.71E-09,5.64E-10,4.12E-10,erg cm-2 s-1,Integrated Flux,,7.25E+16,2.42E+18,Hz,xray,,slop,0,,,,,,
229.1992,s,3.38E-09,5.04E-10,3.68E-10,erg cm-2 s-1,Integrated Flux,,7.25E+16,2.42E+18,Hz,xray,,slop,0,,,,,,
229.7635,s,4.27E-09,6.63E-10,4.84E-10,erg cm-2 s-1,Integrated Flux,,7.25E+16,2.42E+18,Hz,xray,,slop,0,,,,,,
230.3052,s,4.67E-09,6.89E-10,5.03E-10,erg cm-2 s-1,Integrated Flux,,7.25E+16,2.42E+18,Hz,xray,,slop,0,,,,,,
230.7997,s,4.37E-09,6.45E-10,4.71E-10,erg cm-2 s-1,Integrated Flux,,7.25E+16,2.42E+18,Hz,xray,,slop,0,,,,,,
231.4392,s,3.27E-09,5.19E-10,3.79E-10,erg cm-2 s-1,Integrated Flux,,7.25E+16,2.42E+18,Hz,xray,,slop,0,,,,,,
232.0889,s,3.89E-09,5.93E-10,4.33E-10,erg cm-2 s-1,Integrated Flux,,7.25E+16,2.42E+18,Hz,xray,,slop,0,,,,,,
232.6941,s,3.44E-09,5.23E-10,3.82E-10,erg cm-2 s-1,Integrated Flux,,7.25E+16,2.42E+18,Hz,xray,,slop,0,,,,,,
233.3733,s,3.75E-09,5.60E-10,4.09E-10,erg cm-2 s-1,Integrated Flux,,7.25E+16,2.42E+18,Hz,xray,,slop,0,,,,,,
234.0246,s,3.58E-09,5.67E-10,4.14E-10,erg cm-2 s-1,Integrated Flux,,7.25E+16,2.42E+18,Hz,xray,,slop,0,,,,,,
234.6501,s,3.56E-09,5.32E-10,3.88E-10,erg cm-2 s-1,Integrated Flux,,7.25E+16,2.42E+18,Hz,xray,,slop,0,,,,,,
235.2695,s,3.95E-09,5.88E-10,4.29E-10,erg cm-2 s-1,Integrated Flux,,7.25E+16,2.42E+18,Hz,xray,,slop,0,,,,,,
235.9878,s,3.04E-09,4.63E-10,3.38E-10,erg cm-2 s-1,Integrated Flux,,7.25E+16,2.42E+18,Hz,xray,,slop,0,,,,,,
236.6229,s,3.77E-09,5.62E-10,4.10E-10,erg cm-2 s-1,Integrated Flux,,7.25E+16,2.42E+18,Hz,xray,,slop,0,,,,,,
237.3697,s,2.70E-09,4.11E-10,3.00E-10,erg cm-2 s-1,Integrated Flux,,7.25E+16,2.42E+18,Hz,xray,,slop,0,,,,,,
238.1732,s,2.89E-09,4.30E-10,3.14E-10,erg cm-2 s-1,Integrated Flux,,7.25E+16,2.42E+18,Hz,xray,,slop,0,,,,,,
239.0157,s,2.74E-09,4.16E-10,3.04E-10,erg cm-2 s-1,Integrated Flux,,7.25E+16,2.42E+18,Hz,xray,,slop,0,,,,,,
239.7354,s,3.43E-09,5.11E-10,3.73E-10,erg cm-2 s-1,Integrated Flux,,7.25E+16,2.42E+18,Hz,xray,,slop,0,,,,,,
240.597,s,2.30E-09,3.43E-10,2.50E-10,erg cm-2 s-1,Integrated Flux,,7.25E+16,2.42E+18,Hz,xray,,slop,0,,,,,,
241.4873,s,3.30E-09,4.92E-10,3.59E-10,erg cm-2 s-1,Integrated Flux,,7.25E+16,2.42E+18,Hz,xray,,slop,0,,,,,,
242.3071,s,2.78E-09,4.23E-10,3.09E-10,erg cm-2 s-1,Integrated Flux,,7.25E+16,2.42E+18,Hz,xray,,slop,0,,,,,,
242.9885,s,4.19E-09,6.38E-10,4.66E-10,erg cm-2 s-1,Integrated Flux,,7.25E+16,2.42E+18,Hz,xray,,slop,0,,,,,,
243.6903,s,2.64E-09,3.95E-10,2.88E-10,erg cm-2 s-1,Integrated Flux,,7.25E+16,2.42E+18,Hz,xray,,slop,0,,,,,,
244.4816,s,3.21E-09,4.86E-10,3.56E-10,erg cm-2 s-1,Integrated Flux,,7.25E+16,2.42E+18,Hz,xray,,slop,0,,,,,,
245.2804,s,2.92E-09,4.34E-10,3.17E-10,erg cm-2 s-1,Integrated Flux,,7.25E+16,2.42E+18,Hz,xray,,slop,0,,,,,,
246.0457,s,3.01E-09,4.49E-10,3.28E-10,erg cm-2 s-1,Integrated Flux,,7.25E+16,2.42E+18,Hz,xray,,slop,0,,,,,,
246.8998,s,2.64E-09,3.95E-10,2.88E-10,erg cm-2 s-1,Integrated Flux,,7.25E+16,2.42E+18,Hz,xray,,slop,0,,,,,,
247.7191,s,2.64E-09,3.95E-10,2.88E-10,erg cm-2 s-1,Integrated Flux,,7.25E+16,2.42E+18,Hz,xray,,slop,0,,,,,,
248.6476,s,2.45E-09,3.64E-10,2.66E-10,erg cm-2 s-1,Integrated Flux,,7.25E+16,2.42E+18,Hz,xray,,slop,0,,,,,,
249.4781,s,3.93E-09,5.97E-10,4.36E-10,erg cm-2 s-1,Integrated Flux,,7.25E+16,2.42E+18,Hz,xray,,slop,0,,,,,,
250.2308,s,2.47E-09,3.69E-10,2.69E-10,erg cm-2 s-1,Integrated Flux,,7.25E+16,2.42E+18,Hz,xray,,slop,0,,,,,,
251.0691,s,3.03E-09,4.52E-10,3.30E-10,erg cm-2 s-1,Integrated Flux,,7.25E+16,2.42E+18,Hz,xray,,slop,0,,,,,,
251.985,s,2.40E-09,3.81E-10,2.78E-10,erg cm-2 s-1,Integrated Flux,,7.25E+16,2.42E+18,Hz,xray,,slop,0,,,,,,
252.8447,s,2.36E-09,3.59E-10,2.62E-10,erg cm-2 s-1,Integrated Flux,,7.25E+16,2.42E+18,Hz,xray,,slop,0,,,,,,
253.7836,s,3.19E-09,4.85E-10,3.54E-10,erg cm-2 s-1,Integrated Flux,,7.25E+16,2.42E+18,Hz,xray,,slop,0,,,,,,
254.673,s,1.95E-09,2.90E-10,2.12E-10,erg cm-2 s-1,Integrated Flux,,7.25E+16,2.42E+18,Hz,xray,,slop,0,,,,,,
255.6757,s,2.90E-09,4.43E-10,3.23E-10,erg cm-2 s-1,Integrated Flux,,7.25E+16,2.42E+18,Hz,xray,,slop,0,,,,,,
256.864,s,1.75E-09,2.62E-10,1.91E-10,erg cm-2 s-1,Integrated Flux,,7.25E+16,2.42E+18,Hz,xray,,slop,0,,,,,,
257.8782,s,2.51E-09,3.74E-10,2.73E-10,erg cm-2 s-1,Integrated Flux,,7.25E+16,2.42E+18,Hz,xray,,slop,0,,,,,,
258.961,s,1.97E-09,2.95E-10,2.15E-10,erg cm-2 s-1,Integrated Flux,,7.25E+16,2.42E+18,Hz,xray,,slop,0,,,,,,
260.16,s,2.04E-09,3.11E-10,2.27E-10,erg cm-2 s-1,Integrated Flux,,7.25E+16,2.42E+18,Hz,xray,,slop,0,,,,,,
261.184,s,2.23E-09,3.34E-10,2.44E-10,erg cm-2 s-1,Integrated Flux,,7.25E+16,2.42E+18,Hz,xray,,slop,0,,,,,,
262.1062,s,2.66E-09,3.96E-10,2.89E-10,erg cm-2 s-1,Integrated Flux,,7.25E+16,2.42E+18,Hz,xray,,slop,0,,,,,,
263.144,s,2.06E-09,3.06E-10,2.23E-10,erg cm-2 s-1,Integrated Flux,,7.25E+16,2.42E+18,Hz,xray,,slop,0,,,,,,
264.395,s,2.00E-09,2.99E-10,2.18E-10,erg cm-2 s-1,Integrated Flux,,7.25E+16,2.42E+18,Hz,xray,,slop,0,,,,,,
265.48,s,2.06E-09,3.12E-10,2.28E-10,erg cm-2 s-1,Integrated Flux,,7.25E+16,2.42E+18,Hz,xray,,slop,0,,,,,,
266.6,s,2.00E-09,2.99E-10,2.18E-10,erg cm-2 s-1,Integrated Flux,,7.25E+16,2.42E+18,Hz,xray,,slop,0,,,,,,
267.68,s,2.23E-09,3.41E-10,2.49E-10,erg cm-2 s-1,Integrated Flux,,7.25E+16,2.42E+18,Hz,xray,,slop,0,,,,,,
268.726,s,2.23E-09,3.33E-10,2.43E-10,erg cm-2 s-1,Integrated Flux,,7.25E+16,2.42E+18,Hz,xray,,slop,0,,,,,,
269.791,s,2.26E-09,3.44E-10,2.51E-10,erg cm-2 s-1,Integrated Flux,,7.25E+16,2.42E+18,Hz,xray,,slop,0,,,,,,
270.792,s,2.26E-09,3.37E-10,2.46E-10,erg cm-2 s-1,Integrated Flux,,7.25E+16,2.42E+18,Hz,xray,,slop,0,,,,,,
271.859,s,1.82E-09,2.73E-10,1.99E-10,erg cm-2 s-1,Integrated Flux,,7.25E+16,2.42E+18,Hz,xray,,slop,0,,,,,,
273.101,s,2.27E-09,3.40E-10,2.48E-10,erg cm-2 s-1,Integrated Flux,,7.25E+16,2.42E+18,Hz,xray,,slop,0,,,,,,
274.293,s,1.93E-09,2.89E-10,2.11E-10,erg cm-2 s-1,Integrated Flux,,7.25E+16,2.42E+18,Hz,xray,,slop,0,,,,,,
275.469,s,2.10E-09,3.14E-10,2.29E-10,erg cm-2 s-1,Integrated Flux,,7.25E+16,2.42E+18,Hz,xray,,slop,0,,,,,,
276.517,s,2.00E-09,3.04E-10,2.22E-10,erg cm-2 s-1,Integrated Flux,,7.25E+16,2.42E+18,Hz,xray,,slop,0,,,,,,
277.761,s,1.74E-09,2.64E-10,1.93E-10,erg cm-2 s-1,Integrated Flux,,7.25E+16,2.42E+18,Hz,xray,,slop,0,,,,,,
279.256,s,1.63E-09,2.48E-10,1.81E-10,erg cm-2 s-1,Integrated Flux,,7.25E+16,2.42E+18,Hz,xray,,slop,0,,,,,,
280.433,s,1.97E-09,3.00E-10,2.19E-10,erg cm-2 s-1,Integrated Flux,,7.25E+16,2.42E+18,Hz,xray,,slop,0,,,,,,
281.674,s,1.85E-09,2.77E-10,2.02E-10,erg cm-2 s-1,Integrated Flux,,7.25E+16,2.42E+18,Hz,xray,,slop,0,,,,,,
282.994,s,1.97E-09,2.93E-10,2.14E-10,erg cm-2 s-1,Integrated Flux,,7.25E+16,2.42E+18,Hz,xray,,slop,0,,,,,,
284.296,s,1.60E-09,2.38E-10,1.74E-10,erg cm-2 s-1,Integrated Flux,,7.25E+16,2.42E+18,Hz,xray,,slop,0,,,,,,
285.681,s,1.56E-09,2.38E-10,1.74E-10,erg cm-2 s-1,Integrated Flux,,7.25E+16,2.42E+18,Hz,xray,,slop,0,,,,,,
287.097,s,1.67E-09,2.60E-10,1.90E-10,erg cm-2 s-1,Integrated Flux,,7.25E+16,2.42E+18,Hz,xray,,slop,0,,,,,,
288.244,s,2.23E-09,3.38E-10,2.47E-10,erg cm-2 s-1,Integrated Flux,,7.25E+16,2.42E+18,Hz,xray,,slop,0,,,,,,
289.604,s,1.66E-09,2.48E-10,1.81E-10,erg cm-2 s-1,Integrated Flux,,7.25E+16,2.42E+18,Hz,xray,,slop,0,,,,,,
291,s,1.53E-09,2.44E-10,1.78E-10,erg cm-2 s-1,Integrated Flux,,7.25E+16,2.42E+18,Hz,xray,,slop,0,,,,,,
292.242,s,2.18E-09,3.26E-10,2.38E-10,erg cm-2 s-1,Integrated Flux,,7.25E+16,2.42E+18,Hz,xray,,slop,0,,,,,,
293.545,s,1.31E-09,1.96E-10,1.43E-10,erg cm-2 s-1,Integrated Flux,,7.25E+16,2.42E+18,Hz,xray,,slop,0,,,,,,
295.432,s,1.32E-09,1.97E-10,1.44E-10,erg cm-2 s-1,Integrated Flux,,7.25E+16,2.42E+18,Hz,xray,,slop,0,,,,,,
297.188,s,1.42E-09,2.16E-10,1.58E-10,erg cm-2 s-1,Integrated Flux,,7.25E+16,2.42E+18,Hz,xray,,slop,0,,,,,,
298.775,s,1.53E-09,2.27E-10,1.66E-10,erg cm-2 s-1,Integrated Flux,,7.25E+16,2.42E+18,Hz,xray,,slop,0,,,,,,
300.513,s,1.05E-09,1.63E-10,1.19E-10,erg cm-2 s-1,Integrated Flux,,7.25E+16,2.42E+18,Hz,xray,,slop,0,,,,,,
302.277,s,1.48E-09,2.26E-10,1.65E-10,erg cm-2 s-1,Integrated Flux,,7.25E+16,2.42E+18,Hz,xray,,slop,0,,,,,,
303.891,s,1.84E-09,2.79E-10,2.04E-10,erg cm-2 s-1,Integrated Flux,,7.25E+16,2.42E+18,Hz,xray,,slop,0,,,,,,
305.072,s,2.06E-09,3.06E-10,2.23E-10,erg cm-2 s-1,Integrated Flux,,7.25E+16,2.42E+18,Hz,xray,,slop,0,,,,,,
306.405,s,1.47E-09,2.18E-10,1.59E-10,erg cm-2 s-1,Integrated Flux,,7.25E+16,2.42E+18,Hz,xray,,slop,0,,,,,,
307.774,s,1.62E-09,2.41E-10,1.76E-10,erg cm-2 s-1,Integrated Flux,,7.25E+16,2.42E+18,Hz,xray,,slop,0,,,,,,
309.666,s,1.22E-09,1.82E-10,1.33E-10,erg cm-2 s-1,Integrated Flux,,7.25E+16,2.42E+18,Hz,xray,,slop,0,,,,,,
311.586,s,1.01E-09,1.53E-10,1.12E-10,erg cm-2 s-1,Integrated Flux,,7.25E+16,2.42E+18,Hz,xray,,slop,0,,,,,,
313.824,s,1.35E-09,2.01E-10,1.47E-10,erg cm-2 s-1,Integrated Flux,,7.25E+16,2.42E+18,Hz,xray,,slop,0,,,,,,
315.623,s,1.05E-09,1.56E-10,1.14E-10,erg cm-2 s-1,Integrated Flux,,7.25E+16,2.42E+18,Hz,xray,,slop,0,,,,,,
317.757,s,1.18E-09,1.75E-10,1.28E-10,erg cm-2 s-1,Integrated Flux,,7.25E+16,2.42E+18,Hz,xray,,slop,0,,,,,,
319.594,s,1.26E-09,1.92E-10,1.40E-10,erg cm-2 s-1,Integrated Flux,,7.25E+16,2.42E+18,Hz,xray,,slop,0,,,,,,
321.507,s,1.31E-09,1.96E-10,1.43E-10,erg cm-2 s-1,Integrated Flux,,7.25E+16,2.42E+18,Hz,xray,,slop,0,,,,,,
323.189,s,1.55E-09,2.30E-10,1.68E-10,erg cm-2 s-1,Integrated Flux,,7.25E+16,2.42E+18,Hz,xray,,slop,0,,,,,,
324.767,s,1.42E-09,2.12E-10,1.55E-10,erg cm-2 s-1,Integrated Flux,,7.25E+16,2.42E+18,Hz,xray,,slop,0,,,,,,
326.626,s,1.17E-09,1.74E-10,1.27E-10,erg cm-2 s-1,Integrated Flux,,7.25E+16,2.42E+18,Hz,xray,,slop,0,,,,,,
328.389,s,1.41E-09,2.10E-10,1.53E-10,erg cm-2 s-1,Integrated Flux,,7.25E+16,2.42E+18,Hz,xray,,slop,0,,,,,,
330.614,s,9.27E-10,1.38E-10,1.01E-10,erg cm-2 s-1,Integrated Flux,,7.25E+16,2.42E+18,Hz,xray,,slop,0,,,,,,
332.83,s,8.97E-10,1.34E-10,1.34E-10,erg cm-2 s-1,Integrated Flux,,7.25E+16,2.42E+18,Hz,xray,,slop,1,,,,,,
335.012,s,9.94E-10,1.48E-10,1.48E-10,erg cm-2 s-1,Integrated Flux,,7.25E+16,2.42E+18,Hz,xray,,slop,1,,,,,,
336.903,s,8.71E-10,1.32E-10,1.32E-10,erg cm-2 s-1,Integrated Flux,,7.25E+16,2.42E+18,Hz,xray,,slop,1,,,,,,
338.915,s,1.14E-09,1.70E-10,1.70E-10,erg cm-2 s-1,Integrated Flux,,7.25E+16,2.42E+18,Hz,xray,,slop,1,,,,,,
340.728,s,9.57E-10,1.46E-10,1.46E-10,erg cm-2 s-1,Integrated Flux,,7.25E+16,2.42E+18,Hz,xray,,slop,1,,,,,,
342.492,s,1.40E-09,2.17E-10,2.17E-10,erg cm-2 s-1,Integrated Flux,,7.25E+16,2.42E+18,Hz,xray,,slop,1,,,,,,
344.107,s,8.86E-10,1.35E-10,1.35E-10,erg cm-2 s-1,Integrated Flux,,7.25E+16,2.42E+18,Hz,xray,,slop,1,,,,,,
346.203,s,9.55E-10,1.45E-10,1.45E-10,erg cm-2 s-1,Integrated Flux,,7.25E+16,2.42E+18,Hz,xray,,slop,1,,,,,,
348.47,s,8.78E-10,1.31E-10,1.31E-10,erg cm-2 s-1,Integrated Flux,,7.25E+16,2.42E+18,Hz,xray,,slop,1,,,,,,
350.356,s,8.88E-10,1.35E-10,1.35E-10,erg cm-2 s-1,Integrated Flux,,7.25E+16,2.42E+18,Hz,xray,,slop,1,,,,,,
352.484,s,9.27E-10,1.38E-10,1.38E-10,erg cm-2 s-1,Integrated Flux,,7.25E+16,2.42E+18,Hz,xray,,slop,1,,,,,,
354.817,s,6.82E-10,1.02E-10,1.02E-10,erg cm-2 s-1,Integrated Flux,,7.25E+16,2.42E+18,Hz,xray,,slop,1,,,,,,
357.548,s,8.47E-10,1.29E-10,1.29E-10,erg cm-2 s-1,Integrated Flux,,7.25E+16,2.42E+18,Hz,xray,,slop,1,,,,,,
359.966,s,8.12E-10,1.21E-10,1.21E-10,erg cm-2 s-1,Integrated Flux,,7.25E+16,2.42E+18,Hz,xray,,slop,1,,,,,,
362.097,s,7.28E-10,1.11E-10,1.11E-10,erg cm-2 s-1,Integrated Flux,,7.25E+16,2.42E+18,Hz,xray,,slop,1,,,,,,
364.546,s,9.06E-10,1.35E-10,1.35E-10,erg cm-2 s-1,Integrated Flux,,7.25E+16,2.42E+18,Hz,xray,,slop,1,,,,,,
367.034,s,6.77E-10,1.01E-10,1.01E-10,erg cm-2 s-1,Integrated Flux,,7.25E+16,2.42E+18,Hz,xray,,slop,1,,,,,,
369.714,s,6.87E-10,1.04E-10,1.04E-10,erg cm-2 s-1,Integrated Flux,,7.25E+16,2.42E+18,Hz,xray,,slop,1,,,,,,
372.213,s,7.15E-10,1.07E-10,1.07E-10,erg cm-2 s-1,Integrated Flux,,7.25E+16,2.42E+18,Hz,xray,,slop,1,,,,,,
374.782,s,8.66E-10,1.29E-10,1.29E-10,erg cm-2 s-1,Integrated Flux,,7.25E+16,2.42E+18,Hz,xray,,slop,1,,,,,,
377.265,s,6.54E-10,9.95E-11,9.95E-11,erg cm-2 s-1,Integrated Flux,,7.25E+16,2.42E+18,Hz,xray,,slop,1,,,,,,
380.012,s,8.22E-10,1.25E-10,1.25E-10,erg cm-2 s-1,Integrated Flux,,7.25E+16,2.42E+18,Hz,xray,,slop,1,,,,,,
382.433,s,7.35E-10,1.08E-10,1.08E-10,erg cm-2 s-1,Integrated Flux,,7.25E+16,2.42E+18,Hz,xray,,slop,1,,,,,,
385.416,s,5.98E-10,8.91E-11,8.91E-11,erg cm-2 s-1,Integrated Flux,,7.25E+16,2.42E+18,Hz,xray,,slop,1,,,,,,
388.406,s,7.53E-10,1.12E-10,1.12E-10,erg cm-2 s-1,Integrated Flux,,7.25E+16,2.42E+18,Hz,xray,,slop,1,,,,,,
390.831,s,7.60E-10,1.13E-10,1.13E-10,erg cm-2 s-1,Integrated Flux,,7.25E+16,2.42E+18,Hz,xray,,slop,1,,,,,,
393.413,s,5.87E-10,8.76E-11,8.76E-11,erg cm-2 s-1,Integrated Flux,,7.25E+16,2.42E+18,Hz,xray,,slop,1,,,,,,
396.388,s,8.52E-10,1.27E-10,1.27E-10,erg cm-2 s-1,Integrated Flux,,7.25E+16,2.42E+18,Hz,xray,,slop,1,,,,,,
399.269,s,5.60E-10,8.88E-11,8.88E-11,erg cm-2 s-1,Integrated Flux,,7.25E+16,2.42E+18,Hz,xray,,slop,1,,,,,,
401.846,s,7.73E-10,1.15E-10,1.15E-10,erg cm-2 s-1,Integrated Flux,,7.25E+16,2.42E+18,Hz,xray,,slop,1,,,,,,
404.797,s,7.44E-10,1.13E-10,1.13E-10,erg cm-2 s-1,Integrated Flux,,7.25E+16,2.42E+18,Hz,xray,,slop,1,,,,,,
407.199,s,8.59E-10,1.28E-10,1.28E-10,erg cm-2 s-1,Integrated Flux,,7.25E+16,2.42E+18,Hz,xray,,slop,1,,,,,,
409.721,s,6.13E-10,9.33E-11,9.33E-11,erg cm-2 s-1,Integrated Flux,,7.25E+16,2.42E+18,Hz,xray,,slop,1,,,,,,
412.738,s,7.23E-10,1.08E-10,1.08E-10,erg cm-2 s-1,Integrated Flux,,7.25E+16,2.42E+18,Hz,xray,,slop,1,,,,,,
415.059,s,7.46E-10,1.14E-10,1.14E-10,erg cm-2 s-1,Integrated Flux,,7.25E+16,2.42E+18,Hz,xray,,slop,1,,,,,,
418.026,s,6.07E-10,9.05E-11,9.05E-11,erg cm-2 s-1,Integrated Flux,,7.25E+16,2.42E+18,Hz,xray,,slop,1,,,,,,
421.158,s,6.83E-10,1.04E-10,1.04E-10,erg cm-2 s-1,Integrated Flux,,7.25E+16,2.42E+18,Hz,xray,,slop,1,,,,,,
423.625,s,7.00E-10,1.04E-10,1.04E-10,erg cm-2 s-1,Integrated Flux,,7.25E+16,2.42E+18,Hz,xray,,slop,1,,,,,,
426.249,s,6.97E-10,1.04E-10,1.04E-10,erg cm-2 s-1,Integrated Flux,,7.25E+16,2.42E+18,Hz,xray,,slop,1,,,,,,
429.185,s,6.23E-10,9.47E-11,9.47E-11,erg cm-2 s-1,Integrated Flux,,7.25E+16,2.42E+18,Hz,xray,,slop,1,,,,,,
432.16,s,6.15E-10,9.36E-11,9.36E-11,erg cm-2 s-1,Integrated Flux,,7.25E+16,2.42E+18,Hz,xray,,slop,1,,,,,,
434.99,s,8.17E-10,1.24E-10,1.24E-10,erg cm-2 s-1,Integrated Flux,,7.25E+16,2.42E+18,Hz,xray,,slop,1,,,,,,
437.531,s,6.87E-10,1.02E-10,1.02E-10,erg cm-2 s-1,Integrated Flux,,7.25E+16,2.42E+18,Hz,xray,,slop,1,,,,,,
440.187,s,6.11E-10,9.11E-11,9.11E-11,erg cm-2 s-1,Integrated Flux,,7.25E+16,2.42E+18,Hz,xray,,slop,1,,,,,,
443.551,s,6.85E-10,1.02E-10,1.02E-10,erg cm-2 s-1,Integrated Flux,,7.25E+16,2.42E+18,Hz,xray,,slop,1,,,,,,
446.565,s,5.05E-10,7.68E-11,7.68E-11,erg cm-2 s-1,Integrated Flux,,7.25E+16,2.42E+18,Hz,xray,,slop,1,,,,,,
449.795,s,6.46E-10,9.83E-11,9.83E-11,erg cm-2 s-1,Integrated Flux,,7.25E+16,2.42E+18,Hz,xray,,slop,1,,,,,,
452.917,s,5.26E-10,8.00E-11,8.00E-11,erg cm-2 s-1,Integrated Flux,,7.25E+16,2.42E+18,Hz,xray,,slop,1,,,,,,
456.427,s,5.53E-10,8.25E-11,8.25E-11,erg cm-2 s-1,Integrated Flux,,7.25E+16,2.42E+18,Hz,xray,,slop,1,,,,,,
459.839,s,6.54E-10,1.02E-10,1.02E-10,erg cm-2 s-1,Integrated Flux,,7.25E+16,2.42E+18,Hz,xray,,slop,1,,,,,,
463.349,s,4.58E-10,6.83E-11,6.83E-11,erg cm-2 s-1,Integrated Flux,,7.25E+16,2.42E+18,Hz,xray,,slop,1,,,,,,
467.294,s,4.57E-10,6.95E-11,6.95E-11,erg cm-2 s-1,Integrated Flux,,7.25E+16,2.42E+18,Hz,xray,,slop,1,,,,,,
471.032,s,6.07E-10,9.24E-11,9.24E-11,erg cm-2 s-1,Integrated Flux,,7.25E+16,2.42E+18,Hz,xray,,slop,1,,,,,,
474.162,s,5.53E-10,8.25E-11,8.25E-11,erg cm-2 s-1,Integrated Flux,,7.25E+16,2.42E+18,Hz,xray,,slop,1,,,,,,
478.033,s,4.66E-10,6.94E-11,6.94E-11,erg cm-2 s-1,Integrated Flux,,7.25E+16,2.42E+18,Hz,xray,,slop,1,,,,,,
480.901,s,9.82E-10,1.46E-10,1.46E-10,erg cm-2 s-1,Integrated Flux,,7.25E+16,2.42E+18,Hz,xray,,slop,1,,,,,,
483.305,s,6.28E-10,9.96E-11,9.96E-11,erg cm-2 s-1,Integrated Flux,,7.25E+16,2.42E+18,Hz,xray,,slop,1,,,,,,
486.947,s,4.14E-10,6.30E-11,6.30E-11,erg cm-2 s-1,Integrated Flux,,7.25E+16,2.42E+18,Hz,xray,,slop,1,,,,,,
491.426,s,5.27E-10,8.02E-11,8.02E-11,erg cm-2 s-1,Integrated Flux,,7.25E+16,2.42E+18,Hz,xray,,slop,1,,,,,,
494.601,s,5.69E-10,8.84E-11,8.84E-11,erg cm-2 s-1,Integrated Flux,,7.25E+16,2.42E+18,Hz,xray,,slop,1,,,,,,
498.236,s,5.31E-10,7.92E-11,7.92E-11,erg cm-2 s-1,Integrated Flux,,7.25E+16,2.42E+18,Hz,xray,,slop,1,,,,,,
501.379,s,7.39E-10,1.10E-10,1.10E-10,erg cm-2 s-1,Integrated Flux,,7.25E+16,2.42E+18,Hz,xray,,slop,1,,,,,,
503.987,s,5.43E-10,8.10E-11,8.10E-11,erg cm-2 s-1,Integrated Flux,,7.25E+16,2.42E+18,Hz,xray,,slop,1,,,,,,
508.339,s,4.91E-10,7.32E-11,7.32E-11,erg cm-2 s-1,Integrated Flux,,7.25E+16,2.42E+18,Hz,xray,,slop,1,,,,,,
511.866,s,5.94E-10,8.86E-11,8.86E-11,erg cm-2 s-1,Integrated Flux,,7.25E+16,2.42E+18,Hz,xray,,slop,1,,,,,,
514.977,s,6.92E-10,1.03E-10,1.03E-10,erg cm-2 s-1,Integrated Flux,,7.25E+16,2.42E+18,Hz,xray,,slop,1,,,,,,
517.919,s,5.96E-10,8.89E-11,8.89E-11,erg cm-2 s-1,Integrated Flux,,7.25E+16,2.42E+18,Hz,xray,,slop,1,,,,,,
521.524,s,4.95E-10,7.37E-11,7.37E-11,erg cm-2 s-1,Integrated Flux,,7.25E+16,2.42E+18,Hz,xray,,slop,1,,,,,,
525.446,s,4.76E-10,7.10E-11,7.10E-11,erg cm-2 s-1,Integrated Flux,,7.25E+16,2.42E+18,Hz,xray,,slop,1,,,,,,
529.33,s,3.60E-10,6.77E-11,6.77E-11,erg cm-2 s-1,Integrated Flux,,7.25E+16,2.42E+18,Hz,xray,,slop,1,,,,,,
533.193,s,5.07E-10,7.55E-11,7.55E-11,erg cm-2 s-1,Integrated Flux,,7.25E+16,2.42E+18,Hz,xray,,slop,1,,,,,,
536.957,s,5.20E-10,7.75E-11,7.75E-11,erg cm-2 s-1,Integrated Flux,,7.25E+16,2.42E+18,Hz,xray,,slop,1,,,,,,
540.912,s,4.65E-10,6.94E-11,6.94E-11,erg cm-2 s-1,Integrated Flux,,7.25E+16,2.42E+18,Hz,xray,,slop,1,,,,,,
544.866,s,4.50E-10,6.85E-11,6.85E-11,erg cm-2 s-1,Integrated Flux,,7.25E+16,2.42E+18,Hz,xray,,slop,1,,,,,,
548.406,s,6.14E-10,9.34E-11,9.34E-11,erg cm-2 s-1,Integrated Flux,,7.25E+16,2.42E+18,Hz,xray,,slop,1,,,,,,
552.133,s,4.96E-10,7.39E-11,7.39E-11,erg cm-2 s-1,Integrated Flux,,7.25E+16,2.42E+18,Hz,xray,,slop,1,,,,,,
555.816,s,5.53E-10,8.59E-11,8.59E-11,erg cm-2 s-1,Integrated Flux,,7.25E+16,2.42E+18,Hz,xray,,slop,1,,,,,,
559.358,s,4.41E-10,7.13E-11,7.13E-11,erg cm-2 s-1,Integrated Flux,,7.25E+16,2.42E+18,Hz,xray,,slop,1,,,,,,
563.22,s,4.62E-10,7.02E-11,7.02E-11,erg cm-2 s-1,Integrated Flux,,7.25E+16,2.42E+18,Hz,xray,,slop,1,,,,,,
567.361,s,4.91E-10,7.32E-11,7.32E-11,erg cm-2 s-1,Integrated Flux,,7.25E+16,2.42E+18,Hz,xray,,slop,1,,,,,,
570.808,s,3.63E-10,6.28E-11,6.28E-11,erg cm-2 s-1,Integrated Flux,,7.25E+16,2.42E+18,Hz,xray,,slop,1,,,,,,
575.607,s,4.72E-10,7.32E-11,7.32E-11,erg cm-2 s-1,Integrated Flux,,7.25E+16,2.42E+18,Hz,xray,,slop,1,,,,,,
578.969,s,5.95E-10,9.05E-11,9.05E-11,erg cm-2 s-1,Integrated Flux,,7.25E+16,2.42E+18,Hz,xray,,slop,1,,,,,,
582.169,s,5.91E-10,8.80E-11,8.80E-11,erg cm-2 s-1,Integrated Flux,,7.25E+16,2.42E+18,Hz,xray,,slop,1,,,,,,
585.69,s,4.89E-10,7.44E-11,7.44E-11,erg cm-2 s-1,Integrated Flux,,7.25E+16,2.42E+18,Hz,xray,,slop,1,,,,,,
589.355,s,5.73E-10,8.54E-11,8.54E-11,erg cm-2 s-1,Integrated Flux,,7.25E+16,2.42E+18,Hz,xray,,slop,1,,,,,,
592.5,s,5.23E-10,7.80E-11,7.80E-11,erg cm-2 s-1,Integrated Flux,,7.25E+16,2.42E+18,Hz,xray,,slop,1,,,,,,
596.394,s,4.94E-10,7.52E-11,7.52E-11,erg cm-2 s-1,Integrated Flux,,7.25E+16,2.42E+18,Hz,xray,,slop,1,,,,,,
600.406,s,5.02E-10,7.63E-11,7.63E-11,erg cm-2 s-1,Integrated Flux,,7.25E+16,2.42E+18,Hz,xray,,slop,1,,,,,,
604.219,s,4.17E-10,6.34E-11,6.34E-11,erg cm-2 s-1,Integrated Flux,,7.25E+16,2.42E+18,Hz,xray,,slop,1,,,,,,
608.372,s,4.96E-10,7.54E-11,7.54E-11,erg cm-2 s-1,Integrated Flux,,7.25E+16,2.42E+18,Hz,xray,,slop,1,,,,,,
612.384,s,4.29E-10,6.53E-11,6.53E-11,erg cm-2 s-1,Integrated Flux,,7.25E+16,2.42E+18,Hz,xray,,slop,1,,,,,,
616.554,s,4.90E-10,7.46E-11,7.46E-11,erg cm-2 s-1,Integrated Flux,,7.25E+16,2.42E+18,Hz,xray,,slop,1,,,,,,
620.005,s,5.23E-10,7.80E-11,7.80E-11,erg cm-2 s-1,Integrated Flux,,7.25E+16,2.42E+18,Hz,xray,,slop,1,,,,,,
624.311,s,4.15E-10,6.72E-11,6.72E-11,erg cm-2 s-1,Integrated Flux,,7.25E+16,2.42E+18,Hz,xray,,slop,1,,,,,,
627.814,s,6.00E-10,8.95E-11,8.95E-11,erg cm-2 s-1,Integrated Flux,,7.25E+16,2.42E+18,Hz,xray,,slop,1,,,,,,
631.512,s,3.47E-10,6.34E-11,6.34E-11,erg cm-2 s-1,Integrated Flux,,7.25E+16,2.42E+18,Hz,xray,,slop,1,,,,,,
635.298,s,4.32E-10,6.71E-11,6.71E-11,erg cm-2 s-1,Integrated Flux,,7.25E+16,2.42E+18,Hz,xray,,slop,1,,,,,,
639.428,s,4.77E-10,7.11E-11,7.11E-11,erg cm-2 s-1,Integrated Flux,,7.25E+16,2.42E+18,Hz,xray,,slop,1,,,,,,
643.435,s,4.93E-10,7.50E-11,7.50E-11,erg cm-2 s-1,Integrated Flux,,7.25E+16,2.42E+18,Hz,xray,,slop,1,,,,,,
647.122,s,3.98E-10,6.18E-11,6.18E-11,erg cm-2 s-1,Integrated Flux,,7.25E+16,2.42E+18,Hz,xray,,slop,1,,,,,,
651.467,s,5.87E-10,8.75E-11,8.75E-11,erg cm-2 s-1,Integrated Flux,,7.25E+16,2.42E+18,Hz,xray,,slop,1,,,,,,
655.323,s,3.90E-10,6.18E-11,6.18E-11,erg cm-2 s-1,Integrated Flux,,7.25E+16,2.42E+18,Hz,xray,,slop,1,,,,,,
660.306,s,4.12E-10,6.26E-11,6.26E-11,erg cm-2 s-1,Integrated Flux,,7.25E+16,2.42E+18,Hz,xray,,slop,1,,,,,,
664.789,s,3.63E-10,5.88E-11,5.88E-11,erg cm-2 s-1,Integrated Flux,,7.25E+16,2.42E+18,Hz,xray,,slop,1,,,,,,
669.113,s,4.95E-10,7.69E-11,7.69E-11,erg cm-2 s-1,Integrated Flux,,7.25E+16,2.42E+18,Hz,xray,,slop,1,,,,,,
673.247,s,4.72E-10,7.04E-11,7.04E-11,erg cm-2 s-1,Integrated Flux,,7.25E+16,2.42E+18,Hz,xray,,slop,1,,,,,,
676.841,s,3.73E-10,6.31E-11,6.31E-11,erg cm-2 s-1,Integrated Flux,,7.25E+16,2.42E+18,Hz,xray,,slop,1,,,,,,
680.879,s,3.37E-10,6.34E-11,6.34E-11,erg cm-2 s-1,Integrated Flux,,7.25E+16,2.42E+18,Hz,xray,,slop,1,,,,,,
684.979,s,4.29E-10,6.66E-11,6.66E-11,erg cm-2 s-1,Integrated Flux,,7.25E+16,2.42E+18,Hz,xray,,slop,1,,,,,,
689.225,s,4.38E-10,6.53E-11,6.53E-11,erg cm-2 s-1,Integrated Flux,,7.25E+16,2.42E+18,Hz,xray,,slop,1,,,,,,
693.851,s,4.26E-10,6.48E-11,6.48E-11,erg cm-2 s-1,Integrated Flux,,7.25E+16,2.42E+18,Hz,xray,,slop,1,,,,,,
697.52,s,5.40E-10,8.39E-11,8.39E-11,erg cm-2 s-1,Integrated Flux,,7.25E+16,2.42E+18,Hz,xray,,slop,1,,,,,,
700.934,s,3.44E-10,6.48E-11,6.48E-11,erg cm-2 s-1,Integrated Flux,,7.25E+16,2.42E+18,Hz,xray,,slop,1,,,,,,
704.847,s,4.59E-10,6.99E-11,6.99E-11,erg cm-2 s-1,Integrated Flux,,7.25E+16,2.42E+18,Hz,xray,,slop,1,,,,,,
709.051,s,4.00E-10,6.34E-11,6.34E-11,erg cm-2 s-1,Integrated Flux,,7.25E+16,2.42E+18,Hz,xray,,slop,1,,,,,,
713.447,s,4.47E-10,6.80E-11,6.80E-11,erg cm-2 s-1,Integrated Flux,,7.25E+16,2.42E+18,Hz,xray,,slop,1,,,,,,
717.765,s,3.92E-10,6.09E-11,6.09E-11,erg cm-2 s-1,Integrated Flux,,7.25E+16,2.42E+18,Hz,xray,,slop,1,,,,,,
722.656,s,4.21E-10,6.54E-11,6.54E-11,erg cm-2 s-1,Integrated Flux,,7.25E+16,2.42E+18,Hz,xray,,slop,1,,,,,,
726.842,s,3.78E-10,5.76E-11,5.76E-11,erg cm-2 s-1,Integrated Flux,,7.25E+16,2.42E+18,Hz,xray,,slop,1,,,,,,
731.268,s,3.02E-10,5.52E-11,5.52E-11,erg cm-2 s-1,Integrated Flux,,7.25E+16,2.42E+18,Hz,xray,,slop,1,,,,,,
735.257,s,5.67E-10,8.45E-11,8.45E-11,erg cm-2 s-1,Integrated Flux,,7.25E+16,2.42E+18,Hz,xray,,slop,1,,,,,,
738.813,s,3.12E-10,5.87E-11,5.87E-11,erg cm-2 s-1,Integrated Flux,,7.25E+16,2.42E+18,Hz,xray,,slop,1,,,,,,
742.855,s,5.00E-10,7.61E-11,7.61E-11,erg cm-2 s-1,Integrated Flux,,7.25E+16,2.42E+18,Hz,xray,,slop,1,,,,,,
746.972,s,4.16E-10,6.32E-11,6.32E-11,erg cm-2 s-1,Integrated Flux,,7.25E+16,2.42E+18,Hz,xray,,slop,1,,,,,,
750.744,s,3.67E-10,6.90E-11,6.90E-11,erg cm-2 s-1,Integrated Flux,,7.25E+16,2.42E+18,Hz,xray,,slop,1,,,,,,
754.806,s,3.93E-10,5.98E-11,5.98E-11,erg cm-2 s-1,Integrated Flux,,7.25E+16,2.42E+18,Hz,xray,,slop,1,,,,,,
758.92,s,3.75E-10,6.84E-11,6.84E-11,erg cm-2 s-1,Integrated Flux,,7.25E+16,2.42E+18,Hz,xray,,slop,1,,,,,,
762.466,s,3.49E-10,6.37E-11,6.37E-11,erg cm-2 s-1,Integrated Flux,,7.25E+16,2.42E+18,Hz,xray,,slop,1,,,,,,
766.657,s,4.09E-10,6.09E-11,6.09E-11,erg cm-2 s-1,Integrated Flux,,7.25E+16,2.42E+18,Hz,xray,,slop,1,,,,,,
770.958,s,3.31E-10,6.23E-11,6.23E-11,erg cm-2 s-1,Integrated Flux,,7.25E+16,2.42E+18,Hz,xray,,slop,1,,,,,,
774.58,s,3.51E-10,6.41E-11,6.41E-11,erg cm-2 s-1,Integrated Flux,,7.25E+16,2.42E+18,Hz,xray,,slop,1,,,,,,
778.196,s,3.09E-10,5.81E-11,5.81E-11,erg cm-2 s-1,Integrated Flux,,7.25E+16,2.42E+18,Hz,xray,,slop,1,,,,,,
782.041,s,4.19E-10,6.37E-11,6.37E-11,erg cm-2 s-1,Integrated Flux,,7.25E+16,2.42E+18,Hz,xray,,slop,1,,,,,,
786.757,s,4.55E-10,6.78E-11,6.78E-11,erg cm-2 s-1,Integrated Flux,,7.25E+16,2.42E+18,Hz,xray,,slop,1,,,,,,
791.171,s,4.75E-10,7.08E-11,7.08E-11,erg cm-2 s-1,Integrated Flux,,7.25E+16,2.42E+18,Hz,xray,,slop,1,,,,,,
795.067,s,4.04E-10,6.15E-11,6.15E-11,erg cm-2 s-1,Integrated Flux,,7.25E+16,2.42E+18,Hz,xray,,slop,1,,,,,,
800.179,s,2.87E-10,5.24E-11,5.24E-11,erg cm-2 s-1,Integrated Flux,,7.25E+16,2.42E+18,Hz,xray,,slop,1,,,,,,
803.515,s,5.97E-10,8.90E-11,8.90E-11,erg cm-2 s-1,Integrated Flux,,7.25E+16,2.42E+18,Hz,xray,,slop,1,,,,,,
807.301,s,4.27E-10,6.49E-11,6.49E-11,erg cm-2 s-1,Integrated Flux,,7.25E+16,2.42E+18,Hz,xray,,slop,1,,,,,,
810.938,s,3.55E-10,6.69E-11,6.69E-11,erg cm-2 s-1,Integrated Flux,,7.25E+16,2.42E+18,Hz,xray,,slop,1,,,,,,
814.842,s,4.84E-10,7.36E-11,7.36E-11,erg cm-2 s-1,Integrated Flux,,7.25E+16,2.42E+18,Hz,xray,,slop,1,,,,,,
818.564,s,3.65E-10,6.67E-11,6.67E-11,erg cm-2 s-1,Integrated Flux,,7.25E+16,2.42E+18,Hz,xray,,slop,1,,,,,,
822.673,s,4.43E-10,6.61E-11,6.61E-11,erg cm-2 s-1,Integrated Flux,,7.25E+16,2.42E+18,Hz,xray,,slop,1,,,,,,
826.841,s,3.61E-10,6.59E-11,6.59E-11,erg cm-2 s-1,Integrated Flux,,7.25E+16,2.42E+18,Hz,xray,,slop,1,,,,,,
830.589,s,3.89E-10,6.04E-11,6.04E-11,erg cm-2 s-1,Integrated Flux,,7.25E+16,2.42E+18,Hz,xray,,slop,1,,,,,,
835.042,s,3.73E-10,6.82E-11,6.82E-11,erg cm-2 s-1,Integrated Flux,,7.25E+16,2.42E+18,Hz,xray,,slop,1,,,,,,
839.273,s,2.19E-10,4.39E-11,4.39E-11,erg cm-2 s-1,Integrated Flux,,7.25E+16,2.42E+18,Hz,xray,,slop,1,,,,,,
844.24,s,3.67E-10,5.73E-11,5.73E-11,erg cm-2 s-1,Integrated Flux,,7.25E+16,2.42E+18,Hz,xray,,slop,1,,,,,,
848.305,s,3.53E-10,6.65E-11,6.65E-11,erg cm-2 s-1,Integrated Flux,,7.25E+16,2.42E+18,Hz,xray,,slop,1,,,,,,
852.43,s,3.81E-10,5.80E-11,5.80E-11,erg cm-2 s-1,Integrated Flux,,7.25E+16,2.42E+18,Hz,xray,,slop,1,,,,,,
856.886,s,3.59E-10,6.84E-11,6.84E-11,erg cm-2 s-1,Integrated Flux,,7.25E+16,2.42E+18,Hz,xray,,slop,1,,,,,,
860.632,s,4.28E-10,6.64E-11,6.64E-11,erg cm-2 s-1,Integrated Flux,,7.25E+16,2.42E+18,Hz,xray,,slop,1,,,,,,
864.803,s,3.34E-10,6.09E-11,6.09E-11,erg cm-2 s-1,Integrated Flux,,7.25E+16,2.42E+18,Hz,xray,,slop,1,,,,,,
869.048,s,4.38E-10,6.81E-11,6.81E-11,erg cm-2 s-1,Integrated Flux,,7.25E+16,2.42E+18,Hz,xray,,slop,1,,,,,,
873.085,s,4.46E-10,6.79E-11,6.79E-11,erg cm-2 s-1,Integrated Flux,,7.25E+16,2.42E+18,Hz,xray,,slop,1,,,,,,
877.664,s,4.29E-10,6.39E-11,6.39E-11,erg cm-2 s-1,Integrated Flux,,7.25E+16,2.42E+18,Hz,xray,,slop,1,,,,,,
881.95,s,4.60E-10,6.86E-11,6.86E-11,erg cm-2 s-1,Integrated Flux,,7.25E+16,2.42E+18,Hz,xray,,slop,1,,,,,,
885.728,s,3.13E-10,5.90E-11,5.90E-11,erg cm-2 s-1,Integrated Flux,,7.25E+16,2.42E+18,Hz,xray,,slop,1,,,,,,
890.118,s,4.66E-10,6.95E-11,6.95E-11,erg cm-2 s-1,Integrated Flux,,7.25E+16,2.42E+18,Hz,xray,,slop,1,,,,,,
895.245,s,1.89E-10,3.46E-11,3.46E-11,erg cm-2 s-1,Integrated Flux,,7.25E+16,2.42E+18,Hz,xray,,slop,1,,,,,,
900.52,s,3.62E-10,6.25E-11,6.25E-11,erg cm-2 s-1,Integrated Flux,,7.25E+16,2.42E+18,Hz,xray,,slop,1,,,,,,
905.067,s,4.00E-10,6.08E-11,6.08E-11,erg cm-2 s-1,Integrated Flux,,7.25E+16,2.42E+18,Hz,xray,,slop,1,,,,,,
908.729,s,3.71E-10,6.98E-11,6.98E-11,erg cm-2 s-1,Integrated Flux,,7.25E+16,2.42E+18,Hz,xray,,slop,1,,,,,,
912.446,s,3.08E-10,5.25E-11,5.25E-11,erg cm-2 s-1,Integrated Flux,,7.25E+16,2.42E+18,Hz,xray,,slop,1,,,,,,
917.687,s,3.07E-10,5.78E-11,5.78E-11,erg cm-2 s-1,Integrated Flux,,7.25E+16,2.42E+18,Hz,xray,,slop,1,,,,,,
922.021,s,2.79E-10,5.09E-11,5.09E-11,erg cm-2 s-1,Integrated Flux,,7.25E+16,2.42E+18,Hz,xray,,slop,1,,,,,,
926.469,s,3.15E-10,5.75E-11,5.75E-11,erg cm-2 s-1,Integrated Flux,,7.25E+16,2.42E+18,Hz,xray,,slop,1,,,,,,
930.471,s,2.84E-10,5.18E-11,5.18E-11,erg cm-2 s-1,Integrated Flux,,7.25E+16,2.42E+18,Hz,xray,,slop,1,,,,,,
934.854,s,4.01E-10,5.98E-11,5.98E-11,erg cm-2 s-1,Integrated Flux,,7.25E+16,2.42E+18,Hz,xray,,slop,1,,,,,,
939.599,s,3.23E-10,5.34E-11,5.34E-11,erg cm-2 s-1,Integrated Flux,,7.25E+16,2.42E+18,Hz,xray,,slop,1,,,,,,
944.338,s,3.17E-10,5.96E-11,5.96E-11,erg cm-2 s-1,Integrated Flux,,7.25E+16,2.42E+18,Hz,xray,,slop,1,,,,,,
948.592,s,3.22E-10,5.87E-11,5.87E-11,erg cm-2 s-1,Integrated Flux,,7.25E+16,2.42E+18,Hz,xray,,slop,1,,,,,,
952.459,s,2.89E-10,5.44E-11,5.44E-11,erg cm-2 s-1,Integrated Flux,,7.25E+16,2.42E+18,Hz,xray,,slop,1,,,,,,
957.046,s,2.51E-10,4.72E-11,4.72E-11,erg cm-2 s-1,Integrated Flux,,7.25E+16,2.42E+18,Hz,xray,,slop,1,,,,,,
962.205,s,2.33E-10,4.26E-11,4.26E-11,erg cm-2 s-1,Integrated Flux,,7.25E+16,2.42E+18,Hz,xray,,slop,1,,,,,,
967.364,s,2.43E-10,4.72E-11,4.72E-11,erg cm-2 s-1,Integrated Flux,,7.25E+16,2.42E+18,Hz,xray,,slop,1,,,,,,
971.732,s,3.79E-10,6.93E-11,6.93E-11,erg cm-2 s-1,Integrated Flux,,7.25E+16,2.42E+18,Hz,xray,,slop,1,,,,,,
975.315,s,3.69E-10,6.52E-11,6.52E-11,erg cm-2 s-1,Integrated Flux,,7.25E+16,2.42E+18,Hz,xray,,slop,1,,,,,,
979.691,s,2.64E-10,4.96E-11,4.96E-11,erg cm-2 s-1,Integrated Flux,,7.25E+16,2.42E+18,Hz,xray,,slop,1,,,,,,
983.812,s,3.56E-10,5.86E-11,5.86E-11,erg cm-2 s-1,Integrated Flux,,7.25E+16,2.42E+18,Hz,xray,,slop,1,,,,,,
988.056,s,3.77E-10,6.56E-11,6.56E-11,erg cm-2 s-1,Integrated Flux,,7.25E+16,2.42E+18,Hz,xray,,slop,1,,,,,,
992.73,s,2.22E-10,4.59E-11,4.59E-11,erg cm-2 s-1,Integrated Flux,,7.25E+16,2.42E+18,Hz,xray,,slop,1,,,,,,
997.146,s,3.29E-10,6.20E-11,6.20E-11,erg cm-2 s-1,Integrated Flux,,7.25E+16,2.42E+18,Hz,xray,,slop,1,,,,,,
1000.591,s,3.54E-10,6.36E-11,6.36E-11,erg cm-2 s-1,Integrated Flux,,7.25E+16,2.42E+18,Hz,xray,,slop,1,,,,,,
1004.876,s,3.22E-10,5.79E-11,5.79E-11,erg cm-2 s-1,Integrated Flux,,7.25E+16,2.42E+18,Hz,xray,,slop,1,,,,,,
1008.984,s,3.01E-10,5.84E-11,5.84E-11,erg cm-2 s-1,Integrated Flux,,7.25E+16,2.42E+18,Hz,xray,,slop,1,,,,,,
1013.179,s,2.73E-10,6.03E-11,6.03E-11,erg cm-2 s-1,Integrated Flux,,7.25E+16,2.42E+18,Hz,xray,,slop,1,,,,,,
1017.436,s,2.91E-10,5.32E-11,5.32E-11,erg cm-2 s-1,Integrated Flux,,7.25E+16,2.42E+18,Hz,xray,,slop,1,,,,,,
1021.724,s,2.75E-10,5.17E-11,5.17E-11,erg cm-2 s-1,Integrated Flux,,7.25E+16,2.42E+18,Hz,xray,,slop,1,,,,,,
1025.963,s,3.19E-10,5.83E-11,5.83E-11,erg cm-2 s-1,Integrated Flux,,7.25E+16,2.42E+18,Hz,xray,,slop,1,,,,,,
1029.943,s,3.07E-10,5.78E-11,5.78E-11,erg cm-2 s-1,Integrated Flux,,7.25E+16,2.42E+18,Hz,xray,,slop,1,,,,,,
1034.842,s,2.19E-10,4.53E-11,4.53E-11,erg cm-2 s-1,Integrated Flux,,7.25E+16,2.42E+18,Hz,xray,,slop,1,,,,,,
1039.734,s,2.79E-10,5.10E-11,5.10E-11,erg cm-2 s-1,Integrated Flux,,7.25E+16,2.42E+18,Hz,xray,,slop,1,,,,,,
1043.846,s,2.80E-10,5.44E-11,5.44E-11,erg cm-2 s-1,Integrated Flux,,7.25E+16,2.42E+18,Hz,xray,,slop,1,,,,,,
1048.311,s,3.10E-10,5.67E-11,5.67E-11,erg cm-2 s-1,Integrated Flux,,7.25E+16,2.42E+18,Hz,xray,,slop,1,,,,,,
1051.874,s,3.68E-10,6.72E-11,6.72E-11,erg cm-2 s-1,Integrated Flux,,7.25E+16,2.42E+18,Hz,xray,,slop,1,,,,,,
1055.278,s,3.25E-10,5.94E-11,5.94E-11,erg cm-2 s-1,Integrated Flux,,7.25E+16,2.42E+18,Hz,xray,,slop,1,,,,,,
1059.626,s,2.76E-10,5.05E-11,5.05E-11,erg cm-2 s-1,Integrated Flux,,7.25E+16,2.42E+18,Hz,xray,,slop,1,,,,,,
1063.954,s,3.13E-10,6.08E-11,6.08E-11,erg cm-2 s-1,Integrated Flux,,7.25E+16,2.42E+18,Hz,xray,,slop,1,,,,,,
1068.431,s,2.62E-10,4.94E-11,4.94E-11,erg cm-2 s-1,Integrated Flux,,7.25E+16,2.42E+18,Hz,xray,,slop,1,,,,,,
1072.486,s,3.38E-10,6.17E-11,6.17E-11,erg cm-2 s-1,Integrated Flux,,7.25E+16,2.42E+18,Hz,xray,,slop,1,,,,,,
4278.236,s,1.19E-10,2.54E-11,2.54E-11,erg cm-2 s-1,Integrated Flux,,7.25E+16,2.42E+18,Hz,xray,,slop,1,,,,,,
4304.998,s,5.05E-11,1.13E-11,1.13E-11,erg cm-2 s-1,Integrated Flux,,7.25E+16,2.42E+18,Hz,xray,,slop,1,,,,,,
4332.115,s,7.69E-11,1.68E-11,1.68E-11,erg cm-2 s-1,Integrated Flux,,7.25E+16,2.42E+18,Hz,xray,,slop,1,,,,,,
4361.538,s,4.94E-11,1.11E-11,1.11E-11,erg cm-2 s-1,Integrated Flux,,7.25E+16,2.42E+18,Hz,xray,,slop,1,,,,,,
4385.966,s,1.29E-10,2.81E-11,2.81E-11,erg cm-2 s-1,Integrated Flux,,7.25E+16,2.42E+18,Hz,xray,,slop,1,,,,,,
4410.437,s,7.01E-11,1.50E-11,1.50E-11,erg cm-2 s-1,Integrated Flux,,7.25E+16,2.42E+18,Hz,xray,,slop,1,,,,,,
4433.838,s,7.45E-11,1.64E-11,1.64E-11,erg cm-2 s-1,Integrated Flux,,7.25E+16,2.42E+18,Hz,xray,,slop,1,,,,,,
4459.203,s,7.07E-11,1.59E-11,1.59E-11,erg cm-2 s-1,Integrated Flux,,7.25E+16,2.42E+18,Hz,xray,,slop,1,,,,,,
4490.956,s,7.44E-11,1.29E-11,1.29E-11,erg cm-2 s-1,Integrated Flux,,7.25E+16,2.42E+18,Hz,xray,,slop,1,,,,,,
10078.444,s,2.73E-11,6.16E-12,6.16E-12,erg cm-2 s-1,Integrated Flux,,7.25E+16,2.42E+18,Hz,xray,,slop,1,,,,,,
10158.433,s,2.67E-11,6.04E-12,6.04E-12,erg cm-2 s-1,Integrated Flux,,7.25E+16,2.42E+18,Hz,xray,,slop,1,,,,,,
10224.604,s,2.61E-11,5.73E-12,5.73E-12,erg cm-2 s-1,Integrated Flux,,7.25E+16,2.42E+18,Hz,xray,,slop,1,,,,,,
10291.45,s,2.80E-11,6.34E-12,6.34E-12,erg cm-2 s-1,Integrated Flux,,7.25E+16,2.42E+18,Hz,xray,,slop,1,,,,,,
10345.866,s,4.51E-11,1.02E-11,1.02E-11,erg cm-2 s-1,Integrated Flux,,7.25E+16,2.42E+18,Hz,xray,,slop,1,,,,,,
10390.368,s,4.00E-11,9.05E-12,9.05E-12,erg cm-2 s-1,Integrated Flux,,7.25E+16,2.42E+18,Hz,xray,,slop,1,,,,,,
10436.254,s,4.06E-11,9.13E-12,9.13E-12,erg cm-2 s-1,Integrated Flux,,7.25E+16,2.42E+18,Hz,xray,,slop,1,,,,,,
10492.083,s,2.85E-11,6.15E-12,6.15E-12,erg cm-2 s-1,Integrated Flux,,7.25E+16,2.42E+18,Hz,xray,,slop,1,,,,,,
10558.579,s,3.54E-11,7.27E-12,7.27E-12,erg cm-2 s-1,Integrated Flux,,7.25E+16,2.42E+18,Hz,xray,,slop,1,,,,,,
11809.447,s,3.15E-11,7.07E-12,7.07E-12,erg cm-2 s-1,Integrated Flux,,7.25E+16,2.42E+18,Hz,xray,,slop,1,,,,,,
11869.608,s,3.61E-11,7.93E-12,7.93E-12,erg cm-2 s-1,Integrated Flux,,7.25E+16,2.42E+18,Hz,xray,,slop,1,,,,,,
11929.652,s,2.48E-11,5.49E-12,5.49E-12,erg cm-2 s-1,Integrated Flux,,7.25E+16,2.42E+18,Hz,xray,,slop,1,,,,,,
22581.316,s,1.21E-11,2.66E-12,2.66E-12,erg cm-2 s-1,Integrated Flux,,7.25E+16,2.42E+18,Hz,xray,,slop,1,,,,,,
22694.849,s,9.26E-12,2.08E-12,2.08E-12,erg cm-2 s-1,Integrated Flux,,7.25E+16,2.42E+18,Hz,xray,,slop,1,,,,,,
22833.98,s,1.38E-11,3.11E-12,3.11E-12,erg cm-2 s-1,Integrated Flux,,7.25E+16,2.42E+18,Hz,xray,,slop,1,,,,,,
22971.533,s,1.16E-11,2.61E-12,2.61E-12,erg cm-2 s-1,Integrated Flux,,7.25E+16,2.42E+18,Hz,xray,,slop,1,,,,,,
23058.033,s,1.72E-11,3.89E-12,3.89E-12,erg cm-2 s-1,Integrated Flux,,7.25E+16,2.42E+18,Hz,xray,,slop,1,,,,,,
23269.839,s,1.04E-11,2.34E-12,2.34E-12,erg cm-2 s-1,Integrated Flux,,7.25E+16,2.42E+18,Hz,xray,,slop,1,,,,,,
23458.114,s,1.35E-11,2.98E-12,2.98E-12,erg cm-2 s-1,Integrated Flux,,7.25E+16,2.42E+18,Hz,xray,,slop,1,,,,,,
23606.791,s,9.09E-12,2.00E-12,2.00E-12,erg cm-2 s-1,Integrated Flux,,7.25E+16,2.42E+18,Hz,xray,,slop,1,,,,,,
23710.826,s,1.54E-11,3.46E-12,3.46E-12,erg cm-2 s-1,Integrated Flux,,7.25E+16,2.42E+18,Hz,xray,,slop,1,,,,,,
23779.403,s,1.64E-11,3.68E-12,3.68E-12,erg cm-2 s-1,Integrated Flux,,7.25E+16,2.42E+18,Hz,xray,,slop,1,,,,,,
23857.903,s,1.48E-11,3.23E-12,3.23E-12,erg cm-2 s-1,Integrated Flux,,7.25E+16,2.42E+18,Hz,xray,,slop,1,,,,,,
23939.742,s,1.43E-11,3.22E-12,3.22E-12,erg cm-2 s-1,Integrated Flux,,7.25E+16,2.42E+18,Hz,xray,,slop,1,,,,,,
24047,s,9.86E-12,1.91E-12,1.91E-12,erg cm-2 s-1,Integrated Flux,,7.25E+16,2.42E+18,Hz,xray,,slop,1,,,,,,
28888.517,s,8.21E-12,1.85E-12,1.85E-12,erg cm-2 s-1,Integrated Flux,,7.25E+16,2.42E+18,Hz,xray,,slop,1,,,,,,
29013.012,s,9.79E-12,2.20E-12,2.20E-12,erg cm-2 s-1,Integrated Flux,,7.25E+16,2.42E+18,Hz,xray,,slop,1,,,,,,
29132.869,s,1.16E-11,2.62E-12,2.62E-12,erg cm-2 s-1,Integrated Flux,,7.25E+16,2.42E+18,Hz,xray,,slop,1,,,,,,
29238.293,s,9.83E-12,2.20E-12,2.20E-12,erg cm-2 s-1,Integrated Flux,,7.25E+16,2.42E+18,Hz,xray,,slop,1,,,,,,
29403.269,s,6.89E-12,1.56E-12,1.56E-12,erg cm-2 s-1,Integrated Flux,,7.25E+16,2.42E+18,Hz,xray,,slop,1,,,,,,
29553.196,s,7.95E-12,1.79E-12,1.79E-12,erg cm-2 s-1,Integrated Flux,,7.25E+16,2.42E+18,Hz,xray,,slop,1,,,,,,
29771.943,s,7.88E-12,1.31E-12,1.31E-12,erg cm-2 s-1,Integrated Flux,,7.25E+16,2.42E+18,Hz,xray,,slop,1,,,,,,
34680.615,s,5.24E-12,1.19E-12,1.19E-12,erg cm-2 s-1,Integrated Flux,,7.25E+16,2.42E+18,Hz,xray,,slop,1,,,,,,
34836.986,s,1.13E-11,2.54E-12,2.54E-12,erg cm-2 s-1,Integrated Flux,,7.25E+16,2.42E+18,Hz,xray,,slop,1,,,,,,
34950.68,s,7.85E-12,1.77E-12,1.77E-12,erg cm-2 s-1,Integrated Flux,,7.25E+16,2.42E+18,Hz,xray,,slop,1,,,,,,
35065.394,s,9.59E-12,2.15E-12,2.15E-12,erg cm-2 s-1,Integrated Flux,,7.25E+16,2.42E+18,Hz,xray,,slop,1,,,,,,
35203.29,s,8.31E-12,1.87E-12,1.87E-12,erg cm-2 s-1,Integrated Flux,,7.25E+16,2.42E+18,Hz,xray,,slop,1,,,,,,
35347.084,s,7.21E-12,1.62E-12,1.62E-12,erg cm-2 s-1,Integrated Flux,,7.25E+16,2.42E+18,Hz,xray,,slop,1,,,,,,
35483.74,s,8.49E-12,1.90E-12,1.90E-12,erg cm-2 s-1,Integrated Flux,,7.25E+16,2.42E+18,Hz,xray,,slop,1,,,,,,
35603.543,s,1.20E-11,2.41E-12,2.41E-12,erg cm-2 s-1,Integrated Flux,,7.25E+16,2.42E+18,Hz,xray,,slop,1,,,,,,
40407.251,s,7.32E-12,1.61E-12,1.61E-12,erg cm-2 s-1,Integrated Flux,,7.25E+16,2.42E+18,Hz,xray,,slop,1,,,,,,
40596.262,s,5.06E-12,1.14E-12,1.14E-12,erg cm-2 s-1,Integrated Flux,,7.25E+16,2.42E+18,Hz,xray,,slop,1,,,,,,
40758.387,s,9.09E-12,2.04E-12,2.04E-12,erg cm-2 s-1,Integrated Flux,,7.25E+16,2.42E+18,Hz,xray,,slop,1,,,,,,
40911.682,s,5.12E-12,1.16E-12,1.16E-12,erg cm-2 s-1,Integrated Flux,,7.25E+16,2.42E+18,Hz,xray,,slop,1,,,,,,
41123.687,s,6.04E-12,1.36E-12,1.36E-12,erg cm-2 s-1,Integrated Flux,,7.25E+16,2.42E+18,Hz,xray,,slop,1,,,,,,
41307,s,3.68E-12,9.74E-13,9.74E-13,erg cm-2 s-1,Integrated Flux,,7.25E+16,2.42E+18,Hz,xray,,slop,1,,,,,,
47023.153,s,4.12E-12,8.84E-13,8.84E-13,erg cm-2 s-1,Integrated Flux,,7.25E+16,2.42E+18,Hz,xray,,slop,1,,,,,,
51355.355,s,4.35E-12,1.13E-12,1.13E-12,erg cm-2 s-1,Integrated Flux,,7.25E+16,2.42E+18,Hz,xray,,slop,1,,,,,,
52468.833,s,5.15E-12,1.16E-12,1.16E-12,erg cm-2 s-1,Integrated Flux,,7.25E+16,2.42E+18,Hz,xray,,slop,1,,,,,,
52763.792,s,3.81E-12,7.86E-13,7.86E-13,erg cm-2 s-1,Integrated Flux,,7.25E+16,2.42E+18,Hz,xray,,slop,1,,,,,,
80407.568,s,4.00E-12,1.04E-12,1.04E-12,erg cm-2 s-1,Integrated Flux,,7.25E+16,2.42E+18,Hz,xray,,slop,1,,,,,,
80646.93,s,2.95E-12,7.83E-13,7.83E-13,erg cm-2 s-1,Integrated Flux,,7.25E+16,2.42E+18,Hz,xray,,slop,1,,,,,,
81016.479,s,2.25E-12,5.93E-13,5.93E-13,erg cm-2 s-1,Integrated Flux,,7.25E+16,2.42E+18,Hz,xray,,slop,1,,,,,,
81447.079,s,2.04E-12,4.16E-13,4.16E-13,erg cm-2 s-1,Integrated Flux,,7.25E+16,2.42E+18,Hz,xray,,slop,1,,,,,,
86541.636,s,1.80E-12,4.69E-13,4.69E-13,erg cm-2 s-1,Integrated Flux,,7.25E+16,2.42E+18,Hz,xray,,slop,1,,,,,,
86951.384,s,2.58E-12,6.71E-13,6.71E-13,erg cm-2 s-1,Integrated Flux,,7.25E+16,2.42E+18,Hz,xray,,slop,1,,,,,,
87736.914,s,2.65E-12,4.88E-13,4.88E-13,erg cm-2 s-1,Integrated Flux,,7.25E+16,2.42E+18,Hz,xray,,slop,1,,,,,,
98257.107,s,2.73E-12,7.13E-13,7.13E-13,erg cm-2 s-1,Integrated Flux,,7.25E+16,2.42E+18,Hz,xray,,slop,1,,,,,,
98736.472,s,2.52E-12,4.83E-13,4.83E-13,erg cm-2 s-1,Integrated Flux,,7.25E+16,2.42E+18,Hz,xray,,slop,1,,,,,,
109608.243,s,2.17E-12,4.43E-13,4.43E-13,erg cm-2 s-1,Integrated Flux,,7.25E+16,2.42E+18,Hz,xray,,slop,1,,,,,,
115775.907,s,1.13E-12,2.53E-13,2.53E-13,erg cm-2 s-1,Integrated Flux,,7.25E+16,2.42E+18,Hz,xray,,slop,1,,,,,,
132656.115,s,1.39E-12,3.16E-13,3.16E-13,erg cm-2 s-1,Integrated Flux,,7.25E+16,2.42E+18,Hz,xray,,slop,1,,,,,,
166826.53,s,9.52E-13,2.36E-13,2.36E-13,erg cm-2 s-1,Integrated Flux,,7.25E+16,2.42E+18,Hz,xray,,slop,1,,,,,,
194487.832,s,6.72E-13,1.41E-13,1.41E-13,erg cm-2 s-1,Integrated Flux,,7.25E+16,2.42E+18,Hz,xray,,slop,1,,,,,,
221984.357,s,8.79E-13,1.85E-13,1.85E-13,erg cm-2 s-1,Integrated Flux,,7.25E+16,2.42E+18,Hz,xray,,slop,1,,,,,,
241599.022,s,9.48E-13,2.50E-13,2.50E-13,erg cm-2 s-1,Integrated Flux,,7.25E+16,2.42E+18,Hz,xray,,slop,1,,,,,,
305874.782,s,5.64E-13,8.15E-14,8.15E-14,erg cm-2 s-1,Integrated Flux,,7.25E+16,2.42E+18,Hz,xray,,slop,1,,,,,,
392155.302,s,4.46E-13,7.36E-14,7.36E-14,erg cm-2 s-1,Integrated Flux,,7.25E+16,2.42E+18,Hz,xray,,slop,1,,,,,,
488927.623,s,2.96E-13,6.42E-14,6.42E-14,erg cm-2 s-1,Integrated Flux,,7.25E+16,2.42E+18,Hz,xray,,slop,1,,,,,,
537730.769,s,2.28E-13,5.84E-14,5.84E-14,erg cm-2 s-1,Integrated Flux,,7.25E+16,2.42E+18,Hz,xray,,slop,1,,,,,,
625133.627,s,2.15E-13,5.57E-14,5.57E-14,erg cm-2 s-1,Integrated Flux,,7.25E+16,2.42E+18,Hz,xray,,slop,1,,,,,,
767462.397,s,2.16E-13,5.38E-14,5.38E-14,erg cm-2 s-1,Integrated Flux,,7.25E+16,2.42E+18,Hz,xray,,slop,1,,,,,,
870061.933,s,1.46E-13,2.85E-14,2.85E-14,erg cm-2 s-1,Integrated Flux,,7.25E+16,2.42E+18,Hz,xray,,slop,1,,,,,,
1413543.347,s,4.56E-14,1.24E-14,1.24E-14,erg cm-2 s-1,Integrated Flux,,7.25E+16,2.42E+18,Hz,xray,,slop,1,,,,,,
639,s,-7.00E-01,4.00E-02,4.00E-02,erg cm-2 s-1,Spectral Index,,7.25E+16,2.42E+18,Hz,,,,1,,,,,,
4387,s,-1.13E+00,2.70E-01,2.80E-01,erg cm-2 s-1,Spectral Index,,7.25E+16,2.42E+18,Hz,,,,1,,,,,,
121314,s,-9.60E-01,9.80E-02,1.00E-01,erg cm-2 s-1,Spectral Index,,7.25E+16,2.42E+18,Hz,,,,1,,,,,,
