Time,TimeLower,TimeUpper,TimeUnits,Value,ValueLower,ValueUpper,ValueUnits,ValueType,Wave,WaveLower,WaveUpper,WaveUnits,Filter,CalGroup,SlopGroup
8035.2,,,s,1.191,0.054,0.054,mJy,Spectral Flux,6.47E+14,,,Hz,g,g_offset,slop
8121.6,,,s,1.18,0.053,0.053,mJy,Spectral Flux,6.47E+14,,,Hz,g,g_offset,slop
8121.6,,,s,1.17,0.053,0.053,mJy,Spectral Flux,6.47E+14,,,Hz,g,g_offset,slop
8208,,,s,1.138,0.051,0.051,mJy,Spectral Flux,6.47E+14,,,Hz,g,g_offset,slop
8899.2,,,s,1.057,0.029,0.029,mJy,Spectral Flux,6.47E+14,,,Hz,g,g_offset,slop
8985.6,,,s,1.047,0.029,0.029,mJy,Spectral Flux,6.47E+14,,,Hz,g,g_offset,slop
9072,,,s,1.028,0.028,0.028,mJy,Spectral Flux,6.47E+14,,,Hz,g,g_offset,slop
9158.4,,,s,0.991,0.036,0.036,mJy,Spectral Flux,6.47E+14,,,Hz,g,g_offset,slop
10454.4,,,s,0.855,0.031,0.031,mJy,Spectral Flux,6.47E+14,,,Hz,g,g_offset,slop
10540.8,,,s,0.84,0.03,0.03,mJy,Spectral Flux,6.47E+14,,,Hz,g,g_offset,slop
10540.8,,,s,0.863,0.031,0.031,mJy,Spectral Flux,6.47E+14,,,Hz,g,g_offset,slop
10627.2,,,s,0.832,0.023,0.023,mJy,Spectral Flux,6.47E+14,,,Hz,g,g_offset,slop
11232,,,s,0.752,0.034,0.034,mJy,Spectral Flux,6.47E+14,,,Hz,g,g_offset,slop
11318.4,,,s,0.759,0.021,0.021,mJy,Spectral Flux,6.47E+14,,,Hz,g,g_offset,slop
11318.4,,,s,0.752,0.034,0.034,mJy,Spectral Flux,6.47E+14,,,Hz,g,g_offset,slop
11318.4,,,s,0.766,0.021,0.021,mJy,Spectral Flux,6.47E+14,,,Hz,g,g_offset,slop
11318.4,,,s,0.752,0.027,0.027,mJy,Spectral Flux,6.47E+14,,,Hz,g,g_offset,slop
11404.8,,,s,0.731,0.026,0.026,mJy,Spectral Flux,6.47E+14,,,Hz,g,g_offset,slop
11404.8,,,s,0.752,0.02,0.02,mJy,Spectral Flux,6.47E+14,,,Hz,g,g_offset,slop
11491.2,,,s,0.759,0.021,0.021,mJy,Spectral Flux,6.47E+14,,,Hz,g,g_offset,slop
12096,,,s,0.673,0.036,0.036,mJy,Spectral Flux,6.47E+14,,,Hz,g,g_offset,slop
12182.4,,,s,0.686,0.019,0.019,mJy,Spectral Flux,6.47E+14,,,Hz,g,g_offset,slop
12182.4,,,s,0.686,0.025,0.025,mJy,Spectral Flux,6.47E+14,,,Hz,g,g_offset,slop
12268.8,,,s,0.667,0.018,0.018,mJy,Spectral Flux,6.47E+14,,,Hz,g,g_offset,slop
12268.8,,,s,0.673,0.018,0.018,mJy,Spectral Flux,6.47E+14,,,Hz,g,g_offset,slop
12355.2,,,s,0.679,0.019,0.019,mJy,Spectral Flux,6.47E+14,,,Hz,g,g_offset,slop
13046.4,,,s,0.619,0.017,0.017,mJy,Spectral Flux,6.47E+14,,,Hz,g,g_offset,slop
13219.2,,,s,0.619,0.017,0.017,mJy,Spectral Flux,6.47E+14,,,Hz,g,g_offset,slop
18921.6,,,s,0.429,0.027,0.027,mJy,Spectral Flux,6.47E+14,,,Hz,g,g_offset,slop
19008,,,s,0.387,0.024,0.024,mJy,Spectral Flux,6.47E+14,,,Hz,g,g_offset,slop
19094.4,,,s,0.421,0.03,0.03,mJy,Spectral Flux,6.47E+14,,,Hz,g,g_offset,slop
19785.6,,,s,0.402,0.029,0.029,mJy,Spectral Flux,6.47E+14,,,Hz,g,g_offset,slop
19785.6,,,s,0.398,0.021,0.021,mJy,Spectral Flux,6.47E+14,,,Hz,g,g_offset,slop
19872,,,s,0.387,0.017,0.017,mJy,Spectral Flux,6.47E+14,,,Hz,g,g_offset,slop
19958.4,,,s,0.384,0.021,0.021,mJy,Spectral Flux,6.47E+14,,,Hz,g,g_offset,slop
20649.6,,,s,0.377,0.017,0.017,mJy,Spectral Flux,6.47E+14,,,Hz,g,g_offset,slop
20822.4,,,s,0.384,0.014,0.014,mJy,Spectral Flux,6.47E+14,,,Hz,g,g_offset,slop
84585.6,,,s,0.084,0.006,0.006,mJy,Spectral Flux,6.47E+14,,,Hz,g,g_offset,slop
84672,,,s,0.081,0.006,0.006,mJy,Spectral Flux,6.47E+14,,,Hz,g,g_offset,slop
98755.2,,,s,0.069,0.004,0.004,mJy,Spectral Flux,6.47E+14,,,Hz,g,g_offset,slop
4579.2,,,s,4.169,0.188,0.188,mJy,Spectral Flux,4.03E+14,,,Hz,i,i_offset,slop
4579.2,,,s,4.169,0.151,0.151,mJy,Spectral Flux,4.03E+14,,,Hz,i,i_offset,slop
5097.6,,,s,3.802,0.171,0.171,mJy,Spectral Flux,4.03E+14,,,Hz,i,i_offset,slop
5184,,,s,3.733,0.168,0.168,mJy,Spectral Flux,4.03E+14,,,Hz,i,i_offset,slop
5702.4,,,s,3.192,0.144,0.144,mJy,Spectral Flux,4.03E+14,,,Hz,i,i_offset,slop
5788.8,,,s,3.133,0.141,0.141,mJy,Spectral Flux,4.03E+14,,,Hz,i,i_offset,slop
6566.4,,,s,2.78,0.125,0.125,mJy,Spectral Flux,4.03E+14,,,Hz,i,i_offset,slop
6652.8,,,s,2.729,0.123,0.123,mJy,Spectral Flux,4.03E+14,,,Hz,i,i_offset,slop
7776,,,s,2.188,0.118,0.118,mJy,Spectral Flux,4.03E+14,,,Hz,i,i_offset,slop
7862.4,,,s,2.27,0.122,0.122,mJy,Spectral Flux,4.03E+14,,,Hz,i,i_offset,slop
7862.4,,,s,2.229,0.1,0.1,mJy,Spectral Flux,4.03E+14,,,Hz,i,i_offset,slop
7948.8,,,s,2.188,0.118,0.118,mJy,Spectral Flux,4.03E+14,,,Hz,i,i_offset,slop
8035.2,,,s,2.188,0.137,0.137,mJy,Spectral Flux,4.03E+14,,,Hz,i,i_offset,slop
8208,,,s,2.032,0.074,0.074,mJy,Spectral Flux,4.03E+14,,,Hz,i,i_offset,slop
8294.4,,,s,2.051,0.092,0.092,mJy,Spectral Flux,4.03E+14,,,Hz,i,i_offset,slop
8553.6,,,s,1.977,0.106,0.106,mJy,Spectral Flux,4.03E+14,,,Hz,i,i_offset,slop
8640,,,s,1.959,0.105,0.105,mJy,Spectral Flux,4.03E+14,,,Hz,i,i_offset,slop
8726.4,,,s,1.941,0.104,0.104,mJy,Spectral Flux,4.03E+14,,,Hz,i,i_offset,slop
8812.8,,,s,1.923,0.103,0.103,mJy,Spectral Flux,4.03E+14,,,Hz,i,i_offset,slop
8812.8,,,s,1.837,0.066,0.066,mJy,Spectral Flux,4.03E+14,,,Hz,i,i_offset,slop
8899.2,,,s,1.82,0.066,0.066,mJy,Spectral Flux,4.03E+14,,,Hz,i,i_offset,slop
9590.4,,,s,1.629,0.073,0.073,mJy,Spectral Flux,4.03E+14,,,Hz,i,i_offset,slop
9763.2,,,s,1.6,0.058,0.058,mJy,Spectral Flux,4.03E+14,,,Hz,i,i_offset,slop
10281.6,,,s,1.472,0.066,0.066,mJy,Spectral Flux,4.03E+14,,,Hz,i,i_offset,slop
10368,,,s,1.472,0.079,0.079,mJy,Spectral Flux,4.03E+14,,,Hz,i,i_offset,slop
10454.4,,,s,1.5,0.094,0.094,mJy,Spectral Flux,4.03E+14,,,Hz,i,i_offset,slop
10972.8,,,s,1.38,0.062,0.062,mJy,Spectral Flux,4.03E+14,,,Hz,i,i_offset,slop
11059.2,,,s,1.343,0.072,0.072,mJy,Spectral Flux,4.03E+14,,,Hz,i,i_offset,slop
11059.2,,,s,1.38,0.074,0.074,mJy,Spectral Flux,4.03E+14,,,Hz,i,i_offset,slop
11145.6,,,s,1.393,0.087,0.087,mJy,Spectral Flux,4.03E+14,,,Hz,i,i_offset,slop
11145.6,,,s,1.368,0.074,0.074,mJy,Spectral Flux,4.03E+14,,,Hz,i,i_offset,slop
11145.6,,,s,1.393,0.087,0.087,mJy,Spectral Flux,4.03E+14,,,Hz,i,i_offset,slop
11232,,,s,1.331,0.06,0.06,mJy,Spectral Flux,4.03E+14,,,Hz,i,i_offset,slop
11232,,,s,1.343,0.084,0.084,mJy,Spectral Flux,4.03E+14,,,Hz,i,i_offset,slop
11836.8,,,s,1.282,0.069,0.069,mJy,Spectral Flux,4.03E+14,,,Hz,i,i_offset,slop
11836.8,,,s,1.259,0.079,0.079,mJy,Spectral Flux,4.03E+14,,,Hz,i,i_offset,slop
11923.2,,,s,1.271,0.068,0.068,mJy,Spectral Flux,4.03E+14,,,Hz,i,i_offset,slop
11923.2,,,s,1.191,0.043,0.043,mJy,Spectral Flux,4.03E+14,,,Hz,i,i_offset,slop
12009.6,,,s,1.247,0.067,0.067,mJy,Spectral Flux,4.03E+14,,,Hz,i,i_offset,slop
12009.6,,,s,1.191,0.043,0.043,mJy,Spectral Flux,4.03E+14,,,Hz,i,i_offset,slop
12787.2,,,s,1.138,0.061,0.061,mJy,Spectral Flux,4.03E+14,,,Hz,i,i_offset,slop
12873.6,,,s,1.127,0.061,0.061,mJy,Spectral Flux,4.03E+14,,,Hz,i,i_offset,slop
15379.2,,,s,0.84,0.03,0.03,mJy,Spectral Flux,4.03E+14,,,Hz,i,i_offset,slop
15465.6,,,s,0.871,0.032,0.032,mJy,Spectral Flux,4.03E+14,,,Hz,i,i_offset,slop
15638.4,,,s,0.855,0.031,0.031,mJy,Spectral Flux,4.03E+14,,,Hz,i,i_offset,slop
15724.8,,,s,0.817,0.03,0.03,mJy,Spectral Flux,4.03E+14,,,Hz,i,i_offset,slop
15897.6,,,s,0.84,0.03,0.03,mJy,Spectral Flux,4.03E+14,,,Hz,i,i_offset,slop
16243.2,,,s,0.855,0.068,0.068,mJy,Spectral Flux,4.03E+14,,,Hz,i,i_offset,slop
16243.2,,,s,0.817,0.065,0.065,mJy,Spectral Flux,4.03E+14,,,Hz,i,i_offset,slop
16675.2,,,s,0.78,0.049,0.049,mJy,Spectral Flux,4.03E+14,,,Hz,i,i_offset,slop
16761.6,,,s,0.752,0.04,0.04,mJy,Spectral Flux,4.03E+14,,,Hz,i,i_offset,slop
17280,,,s,0.766,0.048,0.048,mJy,Spectral Flux,4.03E+14,,,Hz,i,i_offset,slop
17366.4,,,s,0.752,0.053,0.053,mJy,Spectral Flux,4.03E+14,,,Hz,i,i_offset,slop
18057.6,,,s,0.718,0.039,0.039,mJy,Spectral Flux,4.03E+14,,,Hz,i,i_offset,slop
18230.4,,,s,0.738,0.04,0.04,mJy,Spectral Flux,4.03E+14,,,Hz,i,i_offset,slop
18748.8,,,s,0.738,0.052,0.052,mJy,Spectral Flux,4.03E+14,,,Hz,i,i_offset,slop
18835.2,,,s,0.724,0.064,0.064,mJy,Spectral Flux,4.03E+14,,,Hz,i,i_offset,slop
18921.6,,,s,0.698,0.056,0.056,mJy,Spectral Flux,4.03E+14,,,Hz,i,i_offset,slop
19440,,,s,0.731,0.052,0.052,mJy,Spectral Flux,4.03E+14,,,Hz,i,i_offset,slop
19526.4,,,s,0.711,0.051,0.051,mJy,Spectral Flux,4.03E+14,,,Hz,i,i_offset,slop
19612.8,,,s,0.718,0.057,0.057,mJy,Spectral Flux,4.03E+14,,,Hz,i,i_offset,slop
19699.2,,,s,0.686,0.055,0.055,mJy,Spectral Flux,4.03E+14,,,Hz,i,i_offset,slop
20390.4,,,s,0.655,0.035,0.035,mJy,Spectral Flux,4.03E+14,,,Hz,i,i_offset,slop
20476.8,,,s,0.643,0.035,0.035,mJy,Spectral Flux,4.03E+14,,,Hz,i,i_offset,slop
83203.2,,,s,0.156,0.008,0.008,mJy,Spectral Flux,4.03E+14,,,Hz,i,i_offset,slop
83376,,,s,0.147,0.008,0.008,mJy,Spectral Flux,4.03E+14,,,Hz,i,i_offset,slop
83462.4,,,s,0.157,0.008,0.008,mJy,Spectral Flux,4.03E+14,,,Hz,i,i_offset,slop
83635.2,,,s,0.147,0.009,0.009,mJy,Spectral Flux,4.03E+14,,,Hz,i,i_offset,slop
83721.6,,,s,0.154,0.01,0.01,mJy,Spectral Flux,4.03E+14,,,Hz,i,i_offset,slop
101779.2,,,s,0.107,0.008,0.008,mJy,Spectral Flux,4.03E+14,,,Hz,i,i_offset,slop
171849.6,,,s,0.036,0.006,0.006,mJy,Spectral Flux,4.03E+14,,,Hz,i,i_offset,slop
257990.4,,,s,0.021,0.002,0.002,mJy,Spectral Flux,4.03E+14,,,Hz,i,i_offset,slop
306115.2,,,s,0.015,0.001,0.001,mJy,Spectral Flux,4.03E+14,,,Hz,i,i_offset,slop
473212.8,,,s,0.007,0.001,0.001,mJy,Spectral Flux,4.03E+14,,,Hz,i,i_offset,slop
565315.2,,,s,0.005,0.001,0.001,mJy,Spectral Flux,4.03E+14,,,Hz,i,i_offset,slop
4492.8,,,s,3.373,0.062,0.062,mJy,Spectral Flux,4.90E+14,,,Hz,r,r_offset,slop
4492.8,,,s,3.373,0.062,0.062,mJy,Spectral Flux,4.90E+14,,,Hz,r,r_offset,slop
4924.8,,,s,3.076,0.084,0.084,mJy,Spectral Flux,4.90E+14,,,Hz,r,r_offset,slop
5011.2,,,s,3.076,0.056,0.056,mJy,Spectral Flux,4.90E+14,,,Hz,r,r_offset,slop
5616,,,s,2.63,0.048,0.048,mJy,Spectral Flux,4.90E+14,,,Hz,r,r_offset,slop
5616,,,s,2.63,0.048,0.048,mJy,Spectral Flux,4.90E+14,,,Hz,r,r_offset,slop
6307.2,,,s,2.291,0.062,0.062,mJy,Spectral Flux,4.90E+14,,,Hz,r,r_offset,slop
6393.6,,,s,2.249,0.041,0.041,mJy,Spectral Flux,4.90E+14,,,Hz,r,r_offset,slop
7689.6,,,s,1.82,0.05,0.05,mJy,Spectral Flux,4.90E+14,,,Hz,r,r_offset,slop
7689.6,,,s,1.82,0.05,0.05,mJy,Spectral Flux,4.90E+14,,,Hz,r,r_offset,slop
7776,,,s,1.787,0.049,0.049,mJy,Spectral Flux,4.90E+14,,,Hz,r,r_offset,slop
7776,,,s,1.787,0.049,0.049,mJy,Spectral Flux,4.90E+14,,,Hz,r,r_offset,slop
8035.2,,,s,1.691,0.031,0.031,mJy,Spectral Flux,4.90E+14,,,Hz,r,r_offset,slop
8121.6,,,s,1.675,0.031,0.031,mJy,Spectral Flux,4.90E+14,,,Hz,r,r_offset,slop
8294.4,,,s,1.644,0.03,0.03,mJy,Spectral Flux,4.90E+14,,,Hz,r,r_offset,slop
8380.8,,,s,1.629,0.03,0.03,mJy,Spectral Flux,4.90E+14,,,Hz,r,r_offset,slop
8380.8,,,s,1.6,0.029,0.029,mJy,Spectral Flux,4.90E+14,,,Hz,r,r_offset,slop
8467.2,,,s,1.585,0.029,0.029,mJy,Spectral Flux,4.90E+14,,,Hz,r,r_offset,slop
8726.4,,,s,1.528,0.028,0.028,mJy,Spectral Flux,4.90E+14,,,Hz,r,r_offset,slop
8726.4,,,s,1.486,0.027,0.027,mJy,Spectral Flux,4.90E+14,,,Hz,r,r_offset,slop
9244.8,,,s,1.393,0.025,0.025,mJy,Spectral Flux,4.90E+14,,,Hz,r,r_offset,slop
9331.2,,,s,1.368,0.025,0.025,mJy,Spectral Flux,4.90E+14,,,Hz,r,r_offset,slop
9417.6,,,s,1.355,0.025,0.025,mJy,Spectral Flux,4.90E+14,,,Hz,r,r_offset,slop
9504,,,s,1.343,0.025,0.025,mJy,Spectral Flux,4.90E+14,,,Hz,r,r_offset,slop
10108.8,,,s,1.213,0.033,0.033,mJy,Spectral Flux,4.90E+14,,,Hz,r,r_offset,slop
10195.2,,,s,1.247,0.034,0.034,mJy,Spectral Flux,4.90E+14,,,Hz,r,r_offset,slop
10195.2,,,s,1.191,0.032,0.032,mJy,Spectral Flux,4.90E+14,,,Hz,r,r_offset,slop
10281.6,,,s,1.225,0.033,0.033,mJy,Spectral Flux,4.90E+14,,,Hz,r,r_offset,slop
10713.6,,,s,1.148,0.021,0.021,mJy,Spectral Flux,4.90E+14,,,Hz,r,r_offset,slop
10713.6,,,s,1.17,0.021,0.021,mJy,Spectral Flux,4.90E+14,,,Hz,r,r_offset,slop
10800,,,s,1.107,0.02,0.02,mJy,Spectral Flux,4.90E+14,,,Hz,r,r_offset,slop
10886.4,,,s,1.148,0.031,0.031,mJy,Spectral Flux,4.90E+14,,,Hz,r,r_offset,slop
10886.4,,,s,1.107,0.02,0.02,mJy,Spectral Flux,4.90E+14,,,Hz,r,r_offset,slop
10886.4,,,s,1.086,0.03,0.03,mJy,Spectral Flux,4.90E+14,,,Hz,r,r_offset,slop
10972.8,,,s,1.097,0.03,0.03,mJy,Spectral Flux,4.90E+14,,,Hz,r,r_offset,slop
10972.8,,,s,1.097,0.04,0.04,mJy,Spectral Flux,4.90E+14,,,Hz,r,r_offset,slop
11491.2,,,s,1.038,0.028,0.028,mJy,Spectral Flux,4.90E+14,,,Hz,r,r_offset,slop
11577.6,,,s,1.028,0.028,0.028,mJy,Spectral Flux,4.90E+14,,,Hz,r,r_offset,slop
11577.6,,,s,1.019,0.019,0.019,mJy,Spectral Flux,4.90E+14,,,Hz,r,r_offset,slop
11664,,,s,1.009,0.018,0.018,mJy,Spectral Flux,4.90E+14,,,Hz,r,r_offset,slop
11664,,,s,1,0.018,0.018,mJy,Spectral Flux,4.90E+14,,,Hz,r,r_offset,slop
11750.4,,,s,1.009,0.018,0.018,mJy,Spectral Flux,4.90E+14,,,Hz,r,r_offset,slop
12441.6,,,s,0.921,0.017,0.017,mJy,Spectral Flux,4.90E+14,,,Hz,r,r_offset,slop
12614.4,,,s,0.912,0.025,0.025,mJy,Spectral Flux,4.90E+14,,,Hz,r,r_offset,slop
14688,,,s,0.738,0.013,0.013,mJy,Spectral Flux,4.90E+14,,,Hz,r,r_offset,slop
14774.4,,,s,0.738,0.013,0.013,mJy,Spectral Flux,4.90E+14,,,Hz,r,r_offset,slop
14947.2,,,s,0.731,0.013,0.013,mJy,Spectral Flux,4.90E+14,,,Hz,r,r_offset,slop
15033.6,,,s,0.718,0.013,0.013,mJy,Spectral Flux,4.90E+14,,,Hz,r,r_offset,slop
15206.4,,,s,0.705,0.013,0.013,mJy,Spectral Flux,4.90E+14,,,Hz,r,r_offset,slop
16156.8,,,s,0.667,0.024,0.024,mJy,Spectral Flux,4.90E+14,,,Hz,r,r_offset,slop
16156.8,,,s,0.679,0.031,0.031,mJy,Spectral Flux,4.90E+14,,,Hz,r,r_offset,slop
16502.4,,,s,0.643,0.018,0.018,mJy,Spectral Flux,4.90E+14,,,Hz,r,r_offset,slop
16588.8,,,s,0.649,0.018,0.018,mJy,Spectral Flux,4.90E+14,,,Hz,r,r_offset,slop
17193.6,,,s,0.643,0.018,0.018,mJy,Spectral Flux,4.90E+14,,,Hz,r,r_offset,slop
17193.6,,,s,0.619,0.017,0.017,mJy,Spectral Flux,4.90E+14,,,Hz,r,r_offset,slop
17798.4,,,s,0.603,0.011,0.011,mJy,Spectral Flux,4.90E+14,,,Hz,r,r_offset,slop
17971.2,,,s,0.597,0.011,0.011,mJy,Spectral Flux,4.90E+14,,,Hz,r,r_offset,slop
18576,,,s,0.597,0.032,0.032,mJy,Spectral Flux,4.90E+14,,,Hz,r,r_offset,slop
18662.4,,,s,0.586,0.026,0.026,mJy,Spectral Flux,4.90E+14,,,Hz,r,r_offset,slop
18662.4,,,s,0.586,0.026,0.026,mJy,Spectral Flux,4.90E+14,,,Hz,r,r_offset,slop
18748.8,,,s,0.586,0.026,0.026,mJy,Spectral Flux,4.90E+14,,,Hz,r,r_offset,slop
19180.8,,,s,0.57,0.021,0.021,mJy,Spectral Flux,4.90E+14,,,Hz,r,r_offset,slop
19180.8,,,s,0.586,0.021,0.021,mJy,Spectral Flux,4.90E+14,,,Hz,r,r_offset,slop
19267.2,,,s,0.555,0.025,0.025,mJy,Spectral Flux,4.90E+14,,,Hz,r,r_offset,slop
19353.6,,,s,0.555,0.02,0.02,mJy,Spectral Flux,4.90E+14,,,Hz,r,r_offset,slop
20044.8,,,s,0.555,0.015,0.015,mJy,Spectral Flux,4.90E+14,,,Hz,r,r_offset,slop
20217.6,,,s,0.545,0.015,0.015,mJy,Spectral Flux,4.90E+14,,,Hz,r,r_offset,slop
82512,,,s,0.115,0.005,0.005,mJy,Spectral Flux,4.90E+14,,,Hz,r,r_offset,slop
82684.8,,,s,0.118,0.005,0.005,mJy,Spectral Flux,4.90E+14,,,Hz,r,r_offset,slop
82771.2,,,s,0.118,0.005,0.005,mJy,Spectral Flux,4.90E+14,,,Hz,r,r_offset,slop
82944,,,s,0.12,0.005,0.005,mJy,Spectral Flux,4.90E+14,,,Hz,r,r_offset,slop
83030.4,,,s,0.118,0.005,0.005,mJy,Spectral Flux,4.90E+14,,,Hz,r,r_offset,slop
99100.8,,,s,0.074,0.004,0.004,mJy,Spectral Flux,4.90E+14,,,Hz,r,r_offset,slop
172800,,,s,0.025,0.005,0.005,mJy,Spectral Flux,4.90E+14,,,Hz,r,r_offset,slop
257126.4,,,s,0.013,0.001,0.001,mJy,Spectral Flux,4.90E+14,,,Hz,r,r_offset,slop
344044.8,,,s,0.008,0.001,0.001,mJy,Spectral Flux,4.90E+14,,,Hz,r,r_offset,slop
474163.2,,,s,0.005,0.001,0.001,mJy,Spectral Flux,4.90E+14,,,Hz,r,r_offset,slop
566265.6,,,s,0.003,0.001,0.001,mJy,Spectral Flux,4.90E+14,,,Hz,r,r_offset,slop
4665.6,,,s,4.966,0.18,0.18,mJy,Spectral Flux,3.37E+14,,,Hz,z,z_offset,slop
4752,,,s,4.921,0.178,0.178,mJy,Spectral Flux,3.37E+14,,,Hz,z,z_offset,slop
5270.4,,,s,4.447,0.121,0.121,mJy,Spectral Flux,3.37E+14,,,Hz,z,z_offset,slop
5270.4,,,s,4.529,0.123,0.123,mJy,Spectral Flux,3.37E+14,,,Hz,z,z_offset,slop
5875.2,,,s,3.767,0.103,0.103,mJy,Spectral Flux,3.37E+14,,,Hz,z,z_offset,slop
5961.6,,,s,3.665,0.1,0.1,mJy,Spectral Flux,3.37E+14,,,Hz,z,z_offset,slop
7862.4,,,s,2.754,0.124,0.124,mJy,Spectral Flux,3.37E+14,,,Hz,z,z_offset,slop
7862.4,,,s,2.754,0.124,0.124,mJy,Spectral Flux,3.37E+14,,,Hz,z,z_offset,slop
8380.8,,,s,2.444,0.11,0.11,mJy,Spectral Flux,3.37E+14,,,Hz,z,z_offset,slop
8467.2,,,s,2.421,0.13,0.13,mJy,Spectral Flux,3.37E+14,,,Hz,z,z_offset,slop
8985.6,,,s,2.229,0.1,0.1,mJy,Spectral Flux,3.37E+14,,,Hz,z,z_offset,slop
9072,,,s,2.229,0.1,0.1,mJy,Spectral Flux,3.37E+14,,,Hz,z,z_offset,slop
16329.6,,,s,1.117,0.126,0.126,mJy,Spectral Flux,3.37E+14,,,Hz,z,z_offset,slop
16329.6,,,s,1.148,0.111,0.111,mJy,Spectral Flux,3.37E+14,,,Hz,z,z_offset,slop
16848,,,s,0.973,0.077,0.077,mJy,Spectral Flux,3.37E+14,,,Hz,z,z_offset,slop
16934.4,,,s,0.921,0.057,0.057,mJy,Spectral Flux,3.37E+14,,,Hz,z,z_offset,slop
17452.8,,,s,0.912,0.065,0.065,mJy,Spectral Flux,3.37E+14,,,Hz,z,z_offset,slop
17539.2,,,s,1,0.062,0.062,mJy,Spectral Flux,3.37E+14,,,Hz,z,z_offset,slop
85190.4,,,s,0.177,0.011,0.011,mJy,Spectral Flux,3.37E+14,,,Hz,z,z_offset,slop
85363.2,,,s,0.174,0.012,0.012,mJy,Spectral Flux,3.37E+14,,,Hz,z,z_offset,slop
604.8,,,s,15.626,0.563,0.563,mJy,Spectral Flux,6.83E+14,,,Hz,uvot-b,uvot-b_offset,slop
4924.8,,,s,2.045,0.058,0.058,mJy,Spectral Flux,6.83E+14,,,Hz,uvot-b,uvot-b_offset,slop
6307.2,,,s,1.596,0.078,0.078,mJy,Spectral Flux,6.83E+14,,,Hz,uvot-b,uvot-b_offset,slop
9676.8,,,s,0.895,0.035,0.035,mJy,Spectral Flux,6.83E+14,,,Hz,uvot-b,uvot-b_offset,slop
10022.4,,,s,0.867,0.031,0.031,mJy,Spectral Flux,6.83E+14,,,Hz,uvot-b,uvot-b_offset,slop
10281.6,,,s,0.873,0.03,0.03,mJy,Spectral Flux,6.83E+14,,,Hz,uvot-b,uvot-b_offset,slop
22464,,,s,0.364,0.012,0.012,mJy,Spectral Flux,6.83E+14,,,Hz,uvot-b,uvot-b_offset,slop
29116.8,,,s,0.275,0.016,0.016,mJy,Spectral Flux,6.83E+14,,,Hz,uvot-b,uvot-b_offset,slop
45446.4,,,s,0.183,0.009,0.009,mJy,Spectral Flux,6.83E+14,,,Hz,uvot-b,uvot-b_offset,slop
51926.4,,,s,0.181,0.011,0.011,mJy,Spectral Flux,6.83E+14,,,Hz,uvot-b,uvot-b_offset,slop
74995.2,,,s,0.135,0.01,0.01,mJy,Spectral Flux,6.83E+14,,,Hz,uvot-b,uvot-b_offset,slop
92188.8,,,s,0.121,0.01,0.01,mJy,Spectral Flux,6.83E+14,,,Hz,uvot-b,uvot-b_offset,slop
108604.8,,,s,0.085,0.008,0.008,mJy,Spectral Flux,6.83E+14,,,Hz,uvot-b,uvot-b_offset,slop
166060.8,,,s,0.044,0.014,0.014,mJy,Spectral Flux,6.83E+14,,,Hz,uvot-b,uvot-b_offset,slop
260064,,,s,0.024,0.005,0.005,mJy,Spectral Flux,6.83E+14,,,Hz,uvot-b,uvot-b_offset,slop
432,,,s,13.366,0.371,0.371,mJy,Spectral Flux,8.66E+14,,,Hz,uvot-u,uvot-u_offset,slop
4752,,,s,1.45,0.05,0.05,mJy,Spectral Flux,8.66E+14,,,Hz,uvot-u,uvot-u_offset,slop
6220.8,,,s,1.058,0.039,0.039,mJy,Spectral Flux,8.66E+14,,,Hz,uvot-u,uvot-u_offset,slop
21600,,,s,0.245,0.01,0.01,mJy,Spectral Flux,8.66E+14,,,Hz,uvot-u,uvot-u_offset,slop
28512,,,s,0.205,0.008,0.008,mJy,Spectral Flux,8.66E+14,,,Hz,uvot-u,uvot-u_offset,slop
34992,,,s,0.17,0.015,0.015,mJy,Spectral Flux,8.66E+14,,,Hz,uvot-u,uvot-u_offset,slop
51148.8,,,s,0.137,0.007,0.007,mJy,Spectral Flux,8.66E+14,,,Hz,uvot-u,uvot-u_offset,slop
67219.2,,,s,0.101,0.011,0.011,mJy,Spectral Flux,8.66E+14,,,Hz,uvot-u,uvot-u_offset,slop
80697.6,,,s,0.08,0.006,0.006,mJy,Spectral Flux,8.66E+14,,,Hz,uvot-u,uvot-u_offset,slop
107740.8,,,s,0.044,0.006,0.006,mJy,Spectral Flux,8.66E+14,,,Hz,uvot-u,uvot-u_offset,slop
120960,,,s,0.047,0.006,0.006,mJy,Spectral Flux,8.66E+14,,,Hz,uvot-u,uvot-u_offset,slop
185587.2,,,s,0.013,0.006,0.006,mJy,Spectral Flux,8.66E+14,,,Hz,uvot-u,uvot-u_offset,slop
4147.2,,,s,3.025,0.112,0.112,mJy,Spectral Flux,5.49E+14,,,Hz,uvot-v,uvot-v_offset,slop
5616,,,s,2.427,0.094,0.094,mJy,Spectral Flux,5.49E+14,,,Hz,uvot-v,uvot-v_offset,slop
15724.8,,,s,0.676,0.031,0.031,mJy,Spectral Flux,5.49E+14,,,Hz,uvot-v,uvot-v_offset,slop
40348.8,,,s,0.315,0.02,0.02,mJy,Spectral Flux,5.49E+14,,,Hz,uvot-v,uvot-v_offset,slop
72835.2,,,s,0.169,0.053,0.053,mJy,Spectral Flux,5.49E+14,,,Hz,uvot-v,uvot-v_offset,slop
90115.2,,,s,0.206,0.074,0.074,mJy,Spectral Flux,5.49E+14,,,Hz,uvot-v,uvot-v_offset,slop
126489.6,,,s,0.122,0.016,0.016,mJy,Spectral Flux,5.49E+14,,,Hz,uvot-v,uvot-v_offset,slop
4320,,,s,0.513,0.036,0.036,mJy,Spectral Flux,1.34E+15,,,Hz,uvm2,uvm2_offset,slop
5788.8,,,s,0.355,0.03,0.03,mJy,Spectral Flux,1.34E+15,,,Hz,uvm2,uvm2_offset,slop
16588.8,,,s,0.104,0.009,0.009,mJy,Spectral Flux,1.34E+15,,,Hz,uvm2,uvm2_offset,slop
33523.2,,,s,0.045,0.007,0.007,mJy,Spectral Flux,1.34E+15,,,Hz,uvm2,uvm2_offset,slop
56764.8,,,s,0.044,0.008,0.008,mJy,Spectral Flux,1.34E+15,,,Hz,uvm2,uvm2_offset,slop
78969.6,,,s,0.027,0.007,0.007,mJy,Spectral Flux,1.34E+15,,,Hz,uvm2,uvm2_offset,slop
4579.2,,,s,0.703,0.039,0.039,mJy,Spectral Flux,1.15E+15,,,Hz,uvw1,uvw1_offset,slop
5961.6,,,s,0.5,0.031,0.031,mJy,Spectral Flux,1.15E+15,,,Hz,uvw1,uvw1_offset,slop
17452.8,,,s,0.133,0.009,0.009,mJy,Spectral Flux,1.15E+15,,,Hz,uvw1,uvw1_offset,slop
27561.6,,,s,0.085,0.007,0.007,mJy,Spectral Flux,1.15E+15,,,Hz,uvw1,uvw1_offset,slop
34473.6,,,s,0.078,0.006,0.006,mJy,Spectral Flux,1.15E+15,,,Hz,uvw1,uvw1_offset,slop
50284.8,,,s,0.055,0.006,0.006,mJy,Spectral Flux,1.15E+15,,,Hz,uvw1,uvw1_offset,slop
62553.6,,,s,0.043,0.006,0.006,mJy,Spectral Flux,1.15E+15,,,Hz,uvw1,uvw1_offset,slop
79833.6,,,s,0.035,0.005,0.005,mJy,Spectral Flux,1.15E+15,,,Hz,uvw1,uvw1_offset,slop
108432,,,s,0.02,0.004,0.004,mJy,Spectral Flux,1.15E+15,,,Hz,uvw1,uvw1_offset,slop
192672,,,s,0.013,0.005,0.005,mJy,Spectral Flux,1.15E+15,,,Hz,uvw1,uvw1_offset,slop
431.026,,,s,6.88E-10,1.07E-10,1.07E-10,erg cm-2 s-1,Integrated Flux,,7.25E+16,2.42E+18,Hz,xray,,slop
433.766,,,s,6.57E-10,9.80E-11,9.80E-11,erg cm-2 s-1,Integrated Flux,,7.25E+16,2.42E+18,Hz,xray,,slop
436.278,,,s,8.74E-10,1.31E-10,1.31E-10,erg cm-2 s-1,Integrated Flux,,7.25E+16,2.42E+18,Hz,xray,,slop
438.451,,,s,1.06E-09,1.58E-10,1.58E-10,erg cm-2 s-1,Integrated Flux,,7.25E+16,2.42E+18,Hz,xray,,slop
440.421,,,s,1.04E-09,1.58E-10,1.58E-10,erg cm-2 s-1,Integrated Flux,,7.25E+16,2.42E+18,Hz,xray,,slop
442.679,,,s,5.93E-10,8.84E-11,8.84E-11,erg cm-2 s-1,Integrated Flux,,7.25E+16,2.42E+18,Hz,xray,,slop
445.666,,,s,9.71E-10,1.44E-10,1.44E-10,erg cm-2 s-1,Integrated Flux,,7.25E+16,2.42E+18,Hz,xray,,slop
447.703,,,s,8.26E-10,1.23E-10,1.23E-10,erg cm-2 s-1,Integrated Flux,,7.25E+16,2.42E+18,Hz,xray,,slop
450.56,,,s,6.46E-10,1.01E-10,1.01E-10,erg cm-2 s-1,Integrated Flux,,7.25E+16,2.42E+18,Hz,xray,,slop
453.146,,,s,8.38E-10,1.27E-10,1.27E-10,erg cm-2 s-1,Integrated Flux,,7.25E+16,2.42E+18,Hz,xray,,slop
455.327,,,s,8.55E-10,1.30E-10,1.30E-10,erg cm-2 s-1,Integrated Flux,,7.25E+16,2.42E+18,Hz,xray,,slop
457.862,,,s,7.63E-10,1.18E-10,1.18E-10,erg cm-2 s-1,Integrated Flux,,7.25E+16,2.42E+18,Hz,xray,,slop
460.46,,,s,6.20E-10,9.88E-11,9.88E-11,erg cm-2 s-1,Integrated Flux,,7.25E+16,2.42E+18,Hz,xray,,slop
462.815,,,s,1.10E-09,1.68E-10,1.68E-10,erg cm-2 s-1,Integrated Flux,,7.25E+16,2.42E+18,Hz,xray,,slop
464.965,,,s,7.93E-10,1.23E-10,1.23E-10,erg cm-2 s-1,Integrated Flux,,7.25E+16,2.42E+18,Hz,xray,,slop
467.068,,,s,9.39E-10,1.43E-10,1.43E-10,erg cm-2 s-1,Integrated Flux,,7.25E+16,2.42E+18,Hz,xray,,slop
469.56,,,s,6.76E-10,1.01E-10,1.01E-10,erg cm-2 s-1,Integrated Flux,,7.25E+16,2.42E+18,Hz,xray,,slop
472.261,,,s,7.76E-10,1.16E-10,1.16E-10,erg cm-2 s-1,Integrated Flux,,7.25E+16,2.42E+18,Hz,xray,,slop
474.849,,,s,8.03E-10,1.22E-10,1.22E-10,erg cm-2 s-1,Integrated Flux,,7.25E+16,2.42E+18,Hz,xray,,slop
477.785,,,s,5.67E-10,8.46E-11,8.46E-11,erg cm-2 s-1,Integrated Flux,,7.25E+16,2.42E+18,Hz,xray,,slop
480.817,,,s,7.24E-10,1.08E-10,1.08E-10,erg cm-2 s-1,Integrated Flux,,7.25E+16,2.42E+18,Hz,xray,,slop
483.707,,,s,6.25E-10,9.31E-11,9.31E-11,erg cm-2 s-1,Integrated Flux,,7.25E+16,2.42E+18,Hz,xray,,slop
486.529,,,s,8.07E-10,1.21E-10,1.21E-10,erg cm-2 s-1,Integrated Flux,,7.25E+16,2.42E+18,Hz,xray,,slop
489.028,,,s,7.24E-10,1.13E-10,1.13E-10,erg cm-2 s-1,Integrated Flux,,7.25E+16,2.42E+18,Hz,xray,,slop
491.523,,,s,7.28E-10,1.11E-10,1.11E-10,erg cm-2 s-1,Integrated Flux,,7.25E+16,2.42E+18,Hz,xray,,slop
494.528,,,s,6.10E-10,9.29E-11,9.29E-11,erg cm-2 s-1,Integrated Flux,,7.25E+16,2.42E+18,Hz,xray,,slop
497.302,,,s,6.59E-10,9.82E-11,9.82E-11,erg cm-2 s-1,Integrated Flux,,7.25E+16,2.42E+18,Hz,xray,,slop
500.232,,,s,6.69E-10,9.98E-11,9.98E-11,erg cm-2 s-1,Integrated Flux,,7.25E+16,2.42E+18,Hz,xray,,slop
503.169,,,s,6.58E-10,1.05E-10,1.05E-10,erg cm-2 s-1,Integrated Flux,,7.25E+16,2.42E+18,Hz,xray,,slop
506.623,,,s,5.59E-10,8.70E-11,8.70E-11,erg cm-2 s-1,Integrated Flux,,7.25E+16,2.42E+18,Hz,xray,,slop
509.683,,,s,6.43E-10,1.00E-10,1.00E-10,erg cm-2 s-1,Integrated Flux,,7.25E+16,2.42E+18,Hz,xray,,slop
512.716,,,s,6.74E-10,1.01E-10,1.01E-10,erg cm-2 s-1,Integrated Flux,,7.25E+16,2.42E+18,Hz,xray,,slop
516.212,,,s,5.43E-10,8.11E-11,8.11E-11,erg cm-2 s-1,Integrated Flux,,7.25E+16,2.42E+18,Hz,xray,,slop
519.303,,,s,6.71E-10,1.02E-10,1.02E-10,erg cm-2 s-1,Integrated Flux,,7.25E+16,2.42E+18,Hz,xray,,slop
522.065,,,s,6.18E-10,9.22E-11,9.22E-11,erg cm-2 s-1,Integrated Flux,,7.25E+16,2.42E+18,Hz,xray,,slop
525.582,,,s,5.10E-10,8.68E-11,8.68E-11,erg cm-2 s-1,Integrated Flux,,7.25E+16,2.42E+18,Hz,xray,,slop
528.588,,,s,6.76E-10,1.01E-10,1.01E-10,erg cm-2 s-1,Integrated Flux,,7.25E+16,2.42E+18,Hz,xray,,slop
531.702,,,s,6.28E-10,9.36E-11,9.36E-11,erg cm-2 s-1,Integrated Flux,,7.25E+16,2.42E+18,Hz,xray,,slop
534.922,,,s,6.45E-10,9.60E-11,9.60E-11,erg cm-2 s-1,Integrated Flux,,7.25E+16,2.42E+18,Hz,xray,,slop
537.463,,,s,7.77E-10,1.16E-10,1.16E-10,erg cm-2 s-1,Integrated Flux,,7.25E+16,2.42E+18,Hz,xray,,slop
540.111,,,s,6.66E-10,1.01E-10,1.01E-10,erg cm-2 s-1,Integrated Flux,,7.25E+16,2.42E+18,Hz,xray,,slop
543.15,,,s,6.39E-10,9.53E-11,9.53E-11,erg cm-2 s-1,Integrated Flux,,7.25E+16,2.42E+18,Hz,xray,,slop
546.448,,,s,6.10E-10,9.30E-11,9.30E-11,erg cm-2 s-1,Integrated Flux,,7.25E+16,2.42E+18,Hz,xray,,slop
549.9,,,s,4.61E-10,7.85E-11,7.85E-11,erg cm-2 s-1,Integrated Flux,,7.25E+16,2.42E+18,Hz,xray,,slop
553.097,,,s,7.10E-10,1.06E-10,1.06E-10,erg cm-2 s-1,Integrated Flux,,7.25E+16,2.42E+18,Hz,xray,,slop
556.108,,,s,6.00E-10,8.94E-11,8.94E-11,erg cm-2 s-1,Integrated Flux,,7.25E+16,2.42E+18,Hz,xray,,slop
559.101,,,s,6.19E-10,1.05E-10,1.05E-10,erg cm-2 s-1,Integrated Flux,,7.25E+16,2.42E+18,Hz,xray,,slop
562.939,,,s,4.35E-10,6.69E-11,6.69E-11,erg cm-2 s-1,Integrated Flux,,7.25E+16,2.42E+18,Hz,xray,,slop
567.178,,,s,5.19E-10,7.90E-11,7.90E-11,erg cm-2 s-1,Integrated Flux,,7.25E+16,2.42E+18,Hz,xray,,slop
570.462,,,s,5.67E-10,8.83E-11,8.83E-11,erg cm-2 s-1,Integrated Flux,,7.25E+16,2.42E+18,Hz,xray,,slop
573.814,,,s,6.38E-10,9.50E-11,9.50E-11,erg cm-2 s-1,Integrated Flux,,7.25E+16,2.42E+18,Hz,xray,,slop
577.447,,,s,4.96E-10,7.55E-11,7.55E-11,erg cm-2 s-1,Integrated Flux,,7.25E+16,2.42E+18,Hz,xray,,slop
580.646,,,s,6.52E-10,9.92E-11,9.92E-11,erg cm-2 s-1,Integrated Flux,,7.25E+16,2.42E+18,Hz,xray,,slop
583.923,,,s,5.46E-10,8.49E-11,8.49E-11,erg cm-2 s-1,Integrated Flux,,7.25E+16,2.42E+18,Hz,xray,,slop
587.032,,,s,5.79E-10,8.64E-11,8.64E-11,erg cm-2 s-1,Integrated Flux,,7.25E+16,2.42E+18,Hz,xray,,slop
590.318,,,s,7.38E-10,1.12E-10,1.12E-10,erg cm-2 s-1,Integrated Flux,,7.25E+16,2.42E+18,Hz,xray,,slop
593.548,,,s,5.47E-10,8.33E-11,8.33E-11,erg cm-2 s-1,Integrated Flux,,7.25E+16,2.42E+18,Hz,xray,,slop
3840.158,,,s,9.01E-11,1.98E-11,1.98E-11,erg cm-2 s-1,Integrated Flux,,7.25E+16,2.42E+18,Hz,xray,,slop
3888.575,,,s,5.36E-11,1.21E-11,1.21E-11,erg cm-2 s-1,Integrated Flux,,7.25E+16,2.42E+18,Hz,xray,,slop
3954.512,,,s,6.21E-11,1.37E-11,1.37E-11,erg cm-2 s-1,Integrated Flux,,7.25E+16,2.42E+18,Hz,xray,,slop
4005.046,,,s,7.43E-11,1.67E-11,1.67E-11,erg cm-2 s-1,Integrated Flux,,7.25E+16,2.42E+18,Hz,xray,,slop
4066.846,,,s,4.23E-11,9.35E-12,9.35E-12,erg cm-2 s-1,Integrated Flux,,7.25E+16,2.42E+18,Hz,xray,,slop
4141.561,,,s,5.86E-11,1.31E-11,1.31E-11,erg cm-2 s-1,Integrated Flux,,7.25E+16,2.42E+18,Hz,xray,,slop
4187.075,,,s,9.56E-11,2.01E-11,2.01E-11,erg cm-2 s-1,Integrated Flux,,7.25E+16,2.42E+18,Hz,xray,,slop
4228.449,,,s,7.00E-11,1.57E-11,1.57E-11,erg cm-2 s-1,Integrated Flux,,7.25E+16,2.42E+18,Hz,xray,,slop
4280.102,,,s,7.00E-11,1.57E-11,1.57E-11,erg cm-2 s-1,Integrated Flux,,7.25E+16,2.42E+18,Hz,xray,,slop
4319.983,,,s,1.03E-10,2.29E-11,2.29E-11,erg cm-2 s-1,Integrated Flux,,7.25E+16,2.42E+18,Hz,xray,,slop
4359.735,,,s,7.28E-11,1.52E-11,1.52E-11,erg cm-2 s-1,Integrated Flux,,7.25E+16,2.42E+18,Hz,xray,,slop
4404.6,,,s,8.30E-11,1.86E-11,1.86E-11,erg cm-2 s-1,Integrated Flux,,7.25E+16,2.42E+18,Hz,xray,,slop
4445.02,,,s,9.45E-11,2.08E-11,2.08E-11,erg cm-2 s-1,Integrated Flux,,7.25E+16,2.42E+18,Hz,xray,,slop
4492.95,,,s,5.07E-11,1.14E-11,1.14E-11,erg cm-2 s-1,Integrated Flux,,7.25E+16,2.42E+18,Hz,xray,,slop
4556.651,,,s,7.79E-11,1.70E-11,1.70E-11,erg cm-2 s-1,Integrated Flux,,7.25E+16,2.42E+18,Hz,xray,,slop
4595.278,,,s,7.72E-11,1.74E-11,1.74E-11,erg cm-2 s-1,Integrated Flux,,7.25E+16,2.42E+18,Hz,xray,,slop
4641.423,,,s,7.35E-11,1.61E-11,1.61E-11,erg cm-2 s-1,Integrated Flux,,7.25E+16,2.42E+18,Hz,xray,,slop
4700.52,,,s,6.08E-11,1.34E-11,1.34E-11,erg cm-2 s-1,Integrated Flux,,7.25E+16,2.42E+18,Hz,xray,,slop
4752.811,,,s,6.73E-11,1.46E-11,1.46E-11,erg cm-2 s-1,Integrated Flux,,7.25E+16,2.42E+18,Hz,xray,,slop
4798.117,,,s,7.79E-11,1.75E-11,1.75E-11,erg cm-2 s-1,Integrated Flux,,7.25E+16,2.42E+18,Hz,xray,,slop
4849.52,,,s,6.35E-11,1.42E-11,1.42E-11,erg cm-2 s-1,Integrated Flux,,7.25E+16,2.42E+18,Hz,xray,,slop
4900.527,,,s,4.98E-11,1.12E-11,1.12E-11,erg cm-2 s-1,Integrated Flux,,7.25E+16,2.42E+18,Hz,xray,,slop
4968.1,,,s,5.63E-11,1.26E-11,1.26E-11,erg cm-2 s-1,Integrated Flux,,7.25E+16,2.42E+18,Hz,xray,,slop
5029.802,,,s,6.12E-11,1.34E-11,1.34E-11,erg cm-2 s-1,Integrated Flux,,7.25E+16,2.42E+18,Hz,xray,,slop
5083.168,,,s,7.76E-11,1.65E-11,1.65E-11,erg cm-2 s-1,Integrated Flux,,7.25E+16,2.42E+18,Hz,xray,,slop
5143.831,,,s,5.21E-11,1.15E-11,1.15E-11,erg cm-2 s-1,Integrated Flux,,7.25E+16,2.42E+18,Hz,xray,,slop
5200.8,,,s,7.05E-11,1.59E-11,1.59E-11,erg cm-2 s-1,Integrated Flux,,7.25E+16,2.42E+18,Hz,xray,,slop
5244.422,,,s,7.46E-11,1.68E-11,1.68E-11,erg cm-2 s-1,Integrated Flux,,7.25E+16,2.42E+18,Hz,xray,,slop
5295.701,,,s,6.08E-11,1.33E-11,1.33E-11,erg cm-2 s-1,Integrated Flux,,7.25E+16,2.42E+18,Hz,xray,,slop
5355.393,,,s,5.22E-11,1.14E-11,1.14E-11,erg cm-2 s-1,Integrated Flux,,7.25E+16,2.42E+18,Hz,xray,,slop
5407.909,,,s,9.60E-11,2.16E-11,2.16E-11,erg cm-2 s-1,Integrated Flux,,7.25E+16,2.42E+18,Hz,xray,,slop
5457.117,,,s,5.91E-11,1.29E-11,1.29E-11,erg cm-2 s-1,Integrated Flux,,7.25E+16,2.42E+18,Hz,xray,,slop
5499.299,,,s,8.97E-11,2.02E-11,2.02E-11,erg cm-2 s-1,Integrated Flux,,7.25E+16,2.42E+18,Hz,xray,,slop
5551.187,,,s,5.36E-11,1.20E-11,1.20E-11,erg cm-2 s-1,Integrated Flux,,7.25E+16,2.42E+18,Hz,xray,,slop
5623.919,,,s,5.43E-11,1.19E-11,1.19E-11,erg cm-2 s-1,Integrated Flux,,7.25E+16,2.42E+18,Hz,xray,,slop
5685.07,,,s,5.57E-11,1.25E-11,1.25E-11,erg cm-2 s-1,Integrated Flux,,7.25E+16,2.42E+18,Hz,xray,,slop
5744.177,,,s,7.31E-11,1.60E-11,1.60E-11,erg cm-2 s-1,Integrated Flux,,7.25E+16,2.42E+18,Hz,xray,,slop
5783.991,,,s,6.09E-11,1.37E-11,1.37E-11,erg cm-2 s-1,Integrated Flux,,7.25E+16,2.42E+18,Hz,xray,,slop
5844.094,,,s,6.06E-11,1.34E-11,1.34E-11,erg cm-2 s-1,Integrated Flux,,7.25E+16,2.42E+18,Hz,xray,,slop
5906.842,,,s,4.94E-11,1.11E-11,1.11E-11,erg cm-2 s-1,Integrated Flux,,7.25E+16,2.42E+18,Hz,xray,,slop
5960.772,,,s,9.52E-11,2.14E-11,2.14E-11,erg cm-2 s-1,Integrated Flux,,7.25E+16,2.42E+18,Hz,xray,,slop
6001.344,,,s,6.70E-11,1.46E-11,1.46E-11,erg cm-2 s-1,Integrated Flux,,7.25E+16,2.42E+18,Hz,xray,,slop
6061.295,,,s,4.94E-11,1.11E-11,1.11E-11,erg cm-2 s-1,Integrated Flux,,7.25E+16,2.42E+18,Hz,xray,,slop
6120.976,,,s,7.03E-11,1.55E-11,1.55E-11,erg cm-2 s-1,Integrated Flux,,7.25E+16,2.42E+18,Hz,xray,,slop
6187.218,,,s,4.83E-11,1.06E-11,1.06E-11,erg cm-2 s-1,Integrated Flux,,7.25E+16,2.42E+18,Hz,xray,,slop
6280.656,,,s,3.89E-11,7.45E-12,7.45E-12,erg cm-2 s-1,Integrated Flux,,7.25E+16,2.42E+18,Hz,xray,,slop
9562.488,,,s,5.67E-11,1.27E-11,1.27E-11,erg cm-2 s-1,Integrated Flux,,7.25E+16,2.42E+18,Hz,xray,,slop
9606.99,,,s,4.18E-11,9.36E-12,9.36E-12,erg cm-2 s-1,Integrated Flux,,7.25E+16,2.42E+18,Hz,xray,,slop
9665.276,,,s,3.11E-11,7.01E-12,7.01E-12,erg cm-2 s-1,Integrated Flux,,7.25E+16,2.42E+18,Hz,xray,,slop
9718.309,,,s,3.38E-11,7.62E-12,7.62E-12,erg cm-2 s-1,Integrated Flux,,7.25E+16,2.42E+18,Hz,xray,,slop
9775.985,,,s,5.07E-11,1.14E-11,1.14E-11,erg cm-2 s-1,Integrated Flux,,7.25E+16,2.42E+18,Hz,xray,,slop
9822.744,,,s,4.54E-11,1.02E-11,1.02E-11,erg cm-2 s-1,Integrated Flux,,7.25E+16,2.42E+18,Hz,xray,,slop
9875.026,,,s,3.27E-11,7.20E-12,7.20E-12,erg cm-2 s-1,Integrated Flux,,7.25E+16,2.42E+18,Hz,xray,,slop
9946.198,,,s,3.40E-11,7.47E-12,7.47E-12,erg cm-2 s-1,Integrated Flux,,7.25E+16,2.42E+18,Hz,xray,,slop
10006.342,,,s,3.65E-11,7.80E-12,7.80E-12,erg cm-2 s-1,Integrated Flux,,7.25E+16,2.42E+18,Hz,xray,,slop
10072.869,,,s,2.82E-11,6.21E-12,6.21E-12,erg cm-2 s-1,Integrated Flux,,7.25E+16,2.42E+18,Hz,xray,,slop
10129.009,,,s,4.52E-11,1.02E-11,1.02E-11,erg cm-2 s-1,Integrated Flux,,7.25E+16,2.42E+18,Hz,xray,,slop
10178.528,,,s,3.19E-11,7.16E-12,7.16E-12,erg cm-2 s-1,Integrated Flux,,7.25E+16,2.42E+18,Hz,xray,,slop
10242.719,,,s,3.97E-11,8.91E-12,8.91E-12,erg cm-2 s-1,Integrated Flux,,7.25E+16,2.42E+18,Hz,xray,,slop
10284.345,,,s,5.28E-11,1.19E-11,1.19E-11,erg cm-2 s-1,Integrated Flux,,7.25E+16,2.42E+18,Hz,xray,,slop
10345.129,,,s,2.75E-11,6.17E-12,6.17E-12,erg cm-2 s-1,Integrated Flux,,7.25E+16,2.42E+18,Hz,xray,,slop
10403.931,,,s,3.30E-11,7.47E-12,7.47E-12,erg cm-2 s-1,Integrated Flux,,7.25E+16,2.42E+18,Hz,xray,,slop
10468.115,,,s,2.96E-11,6.66E-12,6.66E-12,erg cm-2 s-1,Integrated Flux,,7.25E+16,2.42E+18,Hz,xray,,slop
10548.836,,,s,2.14E-11,4.83E-12,4.83E-12,erg cm-2 s-1,Integrated Flux,,7.25E+16,2.42E+18,Hz,xray,,slop
10626.035,,,s,3.32E-11,7.30E-12,7.30E-12,erg cm-2 s-1,Integrated Flux,,7.25E+16,2.42E+18,Hz,xray,,slop
10687.879,,,s,3.11E-11,6.84E-12,6.84E-12,erg cm-2 s-1,Integrated Flux,,7.25E+16,2.42E+18,Hz,xray,,slop
10747.445,,,s,4.19E-11,9.45E-12,9.45E-12,erg cm-2 s-1,Integrated Flux,,7.25E+16,2.42E+18,Hz,xray,,slop
10797.084,,,s,3.62E-11,8.14E-12,8.14E-12,erg cm-2 s-1,Integrated Flux,,7.25E+16,2.42E+18,Hz,xray,,slop
10860.638,,,s,3.15E-11,7.12E-12,7.12E-12,erg cm-2 s-1,Integrated Flux,,7.25E+16,2.42E+18,Hz,xray,,slop
10913.051,,,s,3.74E-11,8.46E-12,8.46E-12,erg cm-2 s-1,Integrated Flux,,7.25E+16,2.42E+18,Hz,xray,,slop
10984.243,,,s,2.50E-11,5.62E-12,5.62E-12,erg cm-2 s-1,Integrated Flux,,7.25E+16,2.42E+18,Hz,xray,,slop
11053.836,,,s,3.61E-11,8.08E-12,8.08E-12,erg cm-2 s-1,Integrated Flux,,7.25E+16,2.42E+18,Hz,xray,,slop
11102.726,,,s,3.42E-11,7.70E-12,7.70E-12,erg cm-2 s-1,Integrated Flux,,7.25E+16,2.42E+18,Hz,xray,,slop
11169.792,,,s,2.93E-11,6.65E-12,6.65E-12,erg cm-2 s-1,Integrated Flux,,7.25E+16,2.42E+18,Hz,xray,,slop
11243.13,,,s,2.39E-11,5.36E-12,5.36E-12,erg cm-2 s-1,Integrated Flux,,7.25E+16,2.42E+18,Hz,xray,,slop
11310.062,,,s,4.67E-11,1.02E-11,1.02E-11,erg cm-2 s-1,Integrated Flux,,7.25E+16,2.42E+18,Hz,xray,,slop
11358.47,,,s,3.32E-11,7.53E-12,7.53E-12,erg cm-2 s-1,Integrated Flux,,7.25E+16,2.42E+18,Hz,xray,,slop
11423.777,,,s,2.27E-11,5.11E-12,5.11E-12,erg cm-2 s-1,Integrated Flux,,7.25E+16,2.42E+18,Hz,xray,,slop
11506.942,,,s,3.65E-11,8.00E-12,8.00E-12,erg cm-2 s-1,Integrated Flux,,7.25E+16,2.42E+18,Hz,xray,,slop
11571.711,,,s,2.41E-11,5.45E-12,5.45E-12,erg cm-2 s-1,Integrated Flux,,7.25E+16,2.42E+18,Hz,xray,,slop
11642.032,,,s,4.96E-11,1.06E-11,1.06E-11,erg cm-2 s-1,Integrated Flux,,7.25E+16,2.42E+18,Hz,xray,,slop
11717.007,,,s,2.56E-11,5.51E-12,5.51E-12,erg cm-2 s-1,Integrated Flux,,7.25E+16,2.42E+18,Hz,xray,,slop
11778.327,,,s,3.51E-11,7.73E-12,7.73E-12,erg cm-2 s-1,Integrated Flux,,7.25E+16,2.42E+18,Hz,xray,,slop
11859.427,,,s,2.40E-11,5.45E-12,5.45E-12,erg cm-2 s-1,Integrated Flux,,7.25E+16,2.42E+18,Hz,xray,,slop
11925.126,,,s,3.55E-11,7.96E-12,7.96E-12,erg cm-2 s-1,Integrated Flux,,7.25E+16,2.42E+18,Hz,xray,,slop
12008.331,,,s,2.47E-11,4.48E-12,4.48E-12,erg cm-2 s-1,Integrated Flux,,7.25E+16,2.42E+18,Hz,xray,,slop
15273.714,,,s,2.40E-11,5.39E-12,5.39E-12,erg cm-2 s-1,Integrated Flux,,7.25E+16,2.42E+18,Hz,xray,,slop
15365.36,,,s,2.40E-11,5.40E-12,5.40E-12,erg cm-2 s-1,Integrated Flux,,7.25E+16,2.42E+18,Hz,xray,,slop
15459.994,,,s,1.93E-11,4.34E-12,4.34E-12,erg cm-2 s-1,Integrated Flux,,7.25E+16,2.42E+18,Hz,xray,,slop
15583.707,,,s,1.79E-11,3.93E-12,3.93E-12,erg cm-2 s-1,Integrated Flux,,7.25E+16,2.42E+18,Hz,xray,,slop
15674.133,,,s,1.49E-11,3.36E-12,3.36E-12,erg cm-2 s-1,Integrated Flux,,7.25E+16,2.42E+18,Hz,xray,,slop
15749.224,,,s,2.41E-11,5.45E-12,5.45E-12,erg cm-2 s-1,Integrated Flux,,7.25E+16,2.42E+18,Hz,xray,,slop
15873.637,,,s,1.38E-11,3.15E-12,3.15E-12,erg cm-2 s-1,Integrated Flux,,7.25E+16,2.42E+18,Hz,xray,,slop
16004.321,,,s,1.61E-11,3.66E-12,3.66E-12,erg cm-2 s-1,Integrated Flux,,7.25E+16,2.42E+18,Hz,xray,,slop
16152.626,,,s,1.61E-11,3.65E-12,3.65E-12,erg cm-2 s-1,Integrated Flux,,7.25E+16,2.42E+18,Hz,xray,,slop
16275.486,,,s,1.71E-11,3.83E-12,3.83E-12,erg cm-2 s-1,Integrated Flux,,7.25E+16,2.42E+18,Hz,xray,,slop
16398.361,,,s,1.94E-11,4.37E-12,4.37E-12,erg cm-2 s-1,Integrated Flux,,7.25E+16,2.42E+18,Hz,xray,,slop
16511.596,,,s,1.87E-11,4.03E-12,4.03E-12,erg cm-2 s-1,Integrated Flux,,7.25E+16,2.42E+18,Hz,xray,,slop
16642.937,,,s,1.74E-11,3.91E-12,3.91E-12,erg cm-2 s-1,Integrated Flux,,7.25E+16,2.42E+18,Hz,xray,,slop
16793.206,,,s,1.27E-11,2.89E-12,2.89E-12,erg cm-2 s-1,Integrated Flux,,7.25E+16,2.42E+18,Hz,xray,,slop
16965.871,,,s,1.41E-11,3.20E-12,3.20E-12,erg cm-2 s-1,Integrated Flux,,7.25E+16,2.42E+18,Hz,xray,,slop
17077.102,,,s,1.89E-11,4.25E-12,4.25E-12,erg cm-2 s-1,Integrated Flux,,7.25E+16,2.42E+18,Hz,xray,,slop
17162.344,,,s,1.63E-11,3.66E-12,3.66E-12,erg cm-2 s-1,Integrated Flux,,7.25E+16,2.42E+18,Hz,xray,,slop
17284.18,,,s,1.59E-11,3.59E-12,3.59E-12,erg cm-2 s-1,Integrated Flux,,7.25E+16,2.42E+18,Hz,xray,,slop
17407.663,,,s,1.55E-11,3.51E-12,3.51E-12,erg cm-2 s-1,Integrated Flux,,7.25E+16,2.42E+18,Hz,xray,,slop
17547.824,,,s,1.55E-11,3.49E-12,3.49E-12,erg cm-2 s-1,Integrated Flux,,7.25E+16,2.42E+18,Hz,xray,,slop
17707.427,,,s,1.72E-11,2.94E-12,2.94E-12,erg cm-2 s-1,Integrated Flux,,7.25E+16,2.42E+18,Hz,xray,,slop
21162.273,,,s,1.42E-11,3.21E-12,3.21E-12,erg cm-2 s-1,Integrated Flux,,7.25E+16,2.42E+18,Hz,xray,,slop
21234.987,,,s,1.48E-11,3.32E-12,3.32E-12,erg cm-2 s-1,Integrated Flux,,7.25E+16,2.42E+18,Hz,xray,,slop
21333.895,,,s,1.40E-11,3.15E-12,3.15E-12,erg cm-2 s-1,Integrated Flux,,7.25E+16,2.42E+18,Hz,xray,,slop
21406.237,,,s,1.67E-11,3.74E-12,3.74E-12,erg cm-2 s-1,Integrated Flux,,7.25E+16,2.42E+18,Hz,xray,,slop
21508.019,,,s,1.02E-11,2.29E-12,2.29E-12,erg cm-2 s-1,Integrated Flux,,7.25E+16,2.42E+18,Hz,xray,,slop
21631.767,,,s,1.20E-11,2.70E-12,2.70E-12,erg cm-2 s-1,Integrated Flux,,7.25E+16,2.42E+18,Hz,xray,,slop
21725.665,,,s,1.34E-11,3.01E-12,3.01E-12,erg cm-2 s-1,Integrated Flux,,7.25E+16,2.42E+18,Hz,xray,,slop
21811.59,,,s,1.53E-11,3.36E-12,3.36E-12,erg cm-2 s-1,Integrated Flux,,7.25E+16,2.42E+18,Hz,xray,,slop
21898.304,,,s,1.84E-11,4.14E-12,4.14E-12,erg cm-2 s-1,Integrated Flux,,7.25E+16,2.42E+18,Hz,xray,,slop
22021.615,,,s,7.83E-12,1.78E-12,1.78E-12,erg cm-2 s-1,Integrated Flux,,7.25E+16,2.42E+18,Hz,xray,,slop
22147.251,,,s,9.85E-12,2.22E-12,2.22E-12,erg cm-2 s-1,Integrated Flux,,7.25E+16,2.42E+18,Hz,xray,,slop
22248.817,,,s,1.36E-11,3.09E-12,3.09E-12,erg cm-2 s-1,Integrated Flux,,7.25E+16,2.42E+18,Hz,xray,,slop
22362.492,,,s,1.19E-11,2.86E-12,2.86E-12,erg cm-2 s-1,Integrated Flux,,7.25E+16,2.42E+18,Hz,xray,,slop
22545.87,,,s,1.00E-11,2.55E-12,2.55E-12,erg cm-2 s-1,Integrated Flux,,7.25E+16,2.42E+18,Hz,xray,,slop
22718.553,,,s,1.05E-11,2.43E-12,2.43E-12,erg cm-2 s-1,Integrated Flux,,7.25E+16,2.42E+18,Hz,xray,,slop
22834.223,,,s,1.36E-11,3.12E-12,3.12E-12,erg cm-2 s-1,Integrated Flux,,7.25E+16,2.42E+18,Hz,xray,,slop
22988.505,,,s,1.05E-11,2.47E-12,2.47E-12,erg cm-2 s-1,Integrated Flux,,7.25E+16,2.42E+18,Hz,xray,,slop
23187.916,,,s,1.46E-11,3.39E-12,3.39E-12,erg cm-2 s-1,Integrated Flux,,7.25E+16,2.42E+18,Hz,xray,,slop
23343.035,,,s,9.75E-12,2.27E-12,2.27E-12,erg cm-2 s-1,Integrated Flux,,7.25E+16,2.42E+18,Hz,xray,,slop
23466.464,,,s,1.28E-11,2.92E-12,2.92E-12,erg cm-2 s-1,Integrated Flux,,7.25E+16,2.42E+18,Hz,xray,,slop
27140.335,,,s,1.70E-11,3.81E-12,3.81E-12,erg cm-2 s-1,Integrated Flux,,7.25E+16,2.42E+18,Hz,xray,,slop
27252.001,,,s,8.31E-12,1.86E-12,1.86E-12,erg cm-2 s-1,Integrated Flux,,7.25E+16,2.42E+18,Hz,xray,,slop
27433.908,,,s,7.15E-12,1.61E-12,1.61E-12,erg cm-2 s-1,Integrated Flux,,7.25E+16,2.42E+18,Hz,xray,,slop
27599.145,,,s,7.37E-12,1.65E-12,1.65E-12,erg cm-2 s-1,Integrated Flux,,7.25E+16,2.42E+18,Hz,xray,,slop
27755.234,,,s,1.02E-11,2.29E-12,2.29E-12,erg cm-2 s-1,Integrated Flux,,7.25E+16,2.42E+18,Hz,xray,,slop
27906.912,,,s,7.62E-12,1.72E-12,1.72E-12,erg cm-2 s-1,Integrated Flux,,7.25E+16,2.42E+18,Hz,xray,,slop
28073.914,,,s,8.22E-12,1.86E-12,1.86E-12,erg cm-2 s-1,Integrated Flux,,7.25E+16,2.42E+18,Hz,xray,,slop
28231.246,,,s,8.23E-12,1.86E-12,1.86E-12,erg cm-2 s-1,Integrated Flux,,7.25E+16,2.42E+18,Hz,xray,,slop
28393.699,,,s,6.57E-12,1.51E-12,1.51E-12,erg cm-2 s-1,Integrated Flux,,7.25E+16,2.42E+18,Hz,xray,,slop
28576.757,,,s,8.84E-12,2.02E-12,2.02E-12,erg cm-2 s-1,Integrated Flux,,7.25E+16,2.42E+18,Hz,xray,,slop
28692.734,,,s,1.23E-11,2.78E-12,2.78E-12,erg cm-2 s-1,Integrated Flux,,7.25E+16,2.42E+18,Hz,xray,,slop
28828.329,,,s,9.26E-12,2.02E-12,2.02E-12,erg cm-2 s-1,Integrated Flux,,7.25E+16,2.42E+18,Hz,xray,,slop
29021.144,,,s,6.16E-12,1.41E-12,1.41E-12,erg cm-2 s-1,Integrated Flux,,7.25E+16,2.42E+18,Hz,xray,,slop
29188.513,,,s,7.64E-12,1.57E-12,1.57E-12,erg cm-2 s-1,Integrated Flux,,7.25E+16,2.42E+18,Hz,xray,,slop
33187.233,,,s,6.90E-12,1.52E-12,1.52E-12,erg cm-2 s-1,Integrated Flux,,7.25E+16,2.42E+18,Hz,xray,,slop
33428.312,,,s,8.60E-12,1.89E-12,1.89E-12,erg cm-2 s-1,Integrated Flux,,7.25E+16,2.42E+18,Hz,xray,,slop
33656.557,,,s,6.51E-12,1.42E-12,1.42E-12,erg cm-2 s-1,Integrated Flux,,7.25E+16,2.42E+18,Hz,xray,,slop
33923.216,,,s,6.74E-12,1.52E-12,1.52E-12,erg cm-2 s-1,Integrated Flux,,7.25E+16,2.42E+18,Hz,xray,,slop
34145.343,,,s,6.10E-12,1.38E-12,1.38E-12,erg cm-2 s-1,Integrated Flux,,7.25E+16,2.42E+18,Hz,xray,,slop
34396.638,,,s,7.72E-12,1.74E-12,1.74E-12,erg cm-2 s-1,Integrated Flux,,7.25E+16,2.42E+18,Hz,xray,,slop
34606.885,,,s,7.35E-12,1.65E-12,1.65E-12,erg cm-2 s-1,Integrated Flux,,7.25E+16,2.42E+18,Hz,xray,,slop
34904.731,,,s,6.67E-12,1.32E-12,1.32E-12,erg cm-2 s-1,Integrated Flux,,7.25E+16,2.42E+18,Hz,xray,,slop
39098.156,,,s,7.20E-12,1.63E-12,1.63E-12,erg cm-2 s-1,Integrated Flux,,7.25E+16,2.42E+18,Hz,xray,,slop
39284.093,,,s,7.34E-12,1.65E-12,1.65E-12,erg cm-2 s-1,Integrated Flux,,7.25E+16,2.42E+18,Hz,xray,,slop
39467.184,,,s,6.13E-12,1.35E-12,1.35E-12,erg cm-2 s-1,Integrated Flux,,7.25E+16,2.42E+18,Hz,xray,,slop
39674.59,,,s,7.15E-12,1.57E-12,1.57E-12,erg cm-2 s-1,Integrated Flux,,7.25E+16,2.42E+18,Hz,xray,,slop
39890.576,,,s,4.80E-12,1.08E-12,1.08E-12,erg cm-2 s-1,Integrated Flux,,7.25E+16,2.42E+18,Hz,xray,,slop
40157.35,,,s,4.03E-12,1.05E-12,1.05E-12,erg cm-2 s-1,Integrated Flux,,7.25E+16,2.42E+18,Hz,xray,,slop
40382.641,,,s,5.15E-12,1.16E-12,1.16E-12,erg cm-2 s-1,Integrated Flux,,7.25E+16,2.42E+18,Hz,xray,,slop
40666.58,,,s,5.05E-12,1.04E-12,1.04E-12,erg cm-2 s-1,Integrated Flux,,7.25E+16,2.42E+18,Hz,xray,,slop
45068.126,,,s,5.63E-12,1.27E-12,1.27E-12,erg cm-2 s-1,Integrated Flux,,7.25E+16,2.42E+18,Hz,xray,,slop
45290.343,,,s,4.49E-12,1.04E-12,1.04E-12,erg cm-2 s-1,Integrated Flux,,7.25E+16,2.42E+18,Hz,xray,,slop
45502.913,,,s,7.64E-12,1.72E-12,1.72E-12,erg cm-2 s-1,Integrated Flux,,7.25E+16,2.42E+18,Hz,xray,,slop
45629.536,,,s,8.79E-12,1.97E-12,1.97E-12,erg cm-2 s-1,Integrated Flux,,7.25E+16,2.42E+18,Hz,xray,,slop
45823.575,,,s,4.73E-12,1.16E-12,1.16E-12,erg cm-2 s-1,Integrated Flux,,7.25E+16,2.42E+18,Hz,xray,,slop
46044.512,,,s,4.50E-12,1.10E-12,1.10E-12,erg cm-2 s-1,Integrated Flux,,7.25E+16,2.42E+18,Hz,xray,,slop
46253.701,,,s,5.49E-12,1.24E-12,1.24E-12,erg cm-2 s-1,Integrated Flux,,7.25E+16,2.42E+18,Hz,xray,,slop
46427.103,,,s,8.26E-12,1.61E-12,1.61E-12,erg cm-2 s-1,Integrated Flux,,7.25E+16,2.42E+18,Hz,xray,,slop
49909.963,,,s,3.77E-12,9.85E-13,9.85E-13,erg cm-2 s-1,Integrated Flux,,7.25E+16,2.42E+18,Hz,xray,,slop
50140.494,,,s,4.35E-12,1.15E-12,1.15E-12,erg cm-2 s-1,Integrated Flux,,7.25E+16,2.42E+18,Hz,xray,,slop
50353.353,,,s,5.22E-12,1.18E-12,1.18E-12,erg cm-2 s-1,Integrated Flux,,7.25E+16,2.42E+18,Hz,xray,,slop
50566.576,,,s,4.27E-12,1.12E-12,1.12E-12,erg cm-2 s-1,Integrated Flux,,7.25E+16,2.42E+18,Hz,xray,,slop
50796.238,,,s,3.93E-12,1.02E-12,1.02E-12,erg cm-2 s-1,Integrated Flux,,7.25E+16,2.42E+18,Hz,xray,,slop
51021.696,,,s,5.74E-12,1.29E-12,1.29E-12,erg cm-2 s-1,Integrated Flux,,7.25E+16,2.42E+18,Hz,xray,,slop
51211.609,,,s,4.49E-12,1.17E-12,1.17E-12,erg cm-2 s-1,Integrated Flux,,7.25E+16,2.42E+18,Hz,xray,,slop
51474.445,,,s,3.69E-12,9.32E-13,9.32E-13,erg cm-2 s-1,Integrated Flux,,7.25E+16,2.42E+18,Hz,xray,,slop
51659.753,,,s,3.92E-12,1.02E-12,1.02E-12,erg cm-2 s-1,Integrated Flux,,7.25E+16,2.42E+18,Hz,xray,,slop
51938.57,,,s,3.80E-12,9.98E-13,9.98E-13,erg cm-2 s-1,Integrated Flux,,7.25E+16,2.42E+18,Hz,xray,,slop
52174.229,,,s,3.97E-12,9.70E-13,9.70E-13,erg cm-2 s-1,Integrated Flux,,7.25E+16,2.42E+18,Hz,xray,,slop
55692.373,,,s,4.07E-12,9.82E-13,9.82E-13,erg cm-2 s-1,Integrated Flux,,7.25E+16,2.42E+18,Hz,xray,,slop
57866.115,,,s,3.17E-12,7.79E-13,7.79E-13,erg cm-2 s-1,Integrated Flux,,7.25E+16,2.42E+18,Hz,xray,,slop
61326.135,,,s,6.50E-12,1.31E-12,1.31E-12,erg cm-2 s-1,Integrated Flux,,7.25E+16,2.42E+18,Hz,xray,,slop
63538.632,,,s,3.73E-12,7.00E-13,7.00E-13,erg cm-2 s-1,Integrated Flux,,7.25E+16,2.42E+18,Hz,xray,,slop
67206.284,,,s,3.28E-12,6.90E-13,6.90E-13,erg cm-2 s-1,Integrated Flux,,7.25E+16,2.42E+18,Hz,xray,,slop
68808.985,,,s,3.45E-12,8.98E-13,8.98E-13,erg cm-2 s-1,Integrated Flux,,7.25E+16,2.42E+18,Hz,xray,,slop
69038.957,,,s,3.01E-12,7.89E-13,7.89E-13,erg cm-2 s-1,Integrated Flux,,7.25E+16,2.42E+18,Hz,xray,,slop
69367.812,,,s,3.96E-12,8.74E-13,8.74E-13,erg cm-2 s-1,Integrated Flux,,7.25E+16,2.42E+18,Hz,xray,,slop
73191.074,,,s,3.80E-12,9.97E-13,9.97E-13,erg cm-2 s-1,Integrated Flux,,7.25E+16,2.42E+18,Hz,xray,,slop
74829.463,,,s,4.61E-12,1.21E-12,1.21E-12,erg cm-2 s-1,Integrated Flux,,7.25E+16,2.42E+18,Hz,xray,,slop
75078.204,,,s,4.07E-12,9.70E-13,9.70E-13,erg cm-2 s-1,Integrated Flux,,7.25E+16,2.42E+18,Hz,xray,,slop
78586.447,,,s,3.91E-12,1.02E-12,1.02E-12,erg cm-2 s-1,Integrated Flux,,7.25E+16,2.42E+18,Hz,xray,,slop
78857.92,,,s,3.89E-12,1.02E-12,1.02E-12,erg cm-2 s-1,Integrated Flux,,7.25E+16,2.42E+18,Hz,xray,,slop
79089.934,,,s,3.36E-12,8.82E-13,8.82E-13,erg cm-2 s-1,Integrated Flux,,7.25E+16,2.42E+18,Hz,xray,,slop
79319.435,,,s,3.57E-12,9.26E-13,9.26E-13,erg cm-2 s-1,Integrated Flux,,7.25E+16,2.42E+18,Hz,xray,,slop
79564.479,,,s,3.81E-12,9.98E-13,9.98E-13,erg cm-2 s-1,Integrated Flux,,7.25E+16,2.42E+18,Hz,xray,,slop
79995.13,,,s,1.51E-12,4.02E-13,4.02E-13,erg cm-2 s-1,Integrated Flux,,7.25E+16,2.42E+18,Hz,xray,,slop
80392.236,,,s,3.68E-12,9.63E-13,9.63E-13,erg cm-2 s-1,Integrated Flux,,7.25E+16,2.42E+18,Hz,xray,,slop
80602.357,,,s,3.69E-12,9.67E-13,9.67E-13,erg cm-2 s-1,Integrated Flux,,7.25E+16,2.42E+18,Hz,xray,,slop
80864.692,,,s,3.97E-12,1.01E-12,1.01E-12,erg cm-2 s-1,Integrated Flux,,7.25E+16,2.42E+18,Hz,xray,,slop
84776.397,,,s,3.62E-12,9.45E-13,9.45E-13,erg cm-2 s-1,Integrated Flux,,7.25E+16,2.42E+18,Hz,xray,,slop
86251.033,,,s,3.50E-12,9.12E-13,9.12E-13,erg cm-2 s-1,Integrated Flux,,7.25E+16,2.42E+18,Hz,xray,,slop
86596.119,,,s,3.28E-12,8.00E-13,8.00E-13,erg cm-2 s-1,Integrated Flux,,7.25E+16,2.42E+18,Hz,xray,,slop
91737.399,,,s,2.55E-12,5.06E-13,5.06E-13,erg cm-2 s-1,Integrated Flux,,7.25E+16,2.42E+18,Hz,xray,,slop
97497.578,,,s,2.54E-12,5.27E-13,5.27E-13,erg cm-2 s-1,Integrated Flux,,7.25E+16,2.42E+18,Hz,xray,,slop
103076.799,,,s,1.86E-12,4.45E-13,4.45E-13,erg cm-2 s-1,Integrated Flux,,7.25E+16,2.42E+18,Hz,xray,,slop
107385.481,,,s,3.27E-12,8.50E-13,8.50E-13,erg cm-2 s-1,Integrated Flux,,7.25E+16,2.42E+18,Hz,xray,,slop
107769.827,,,s,1.80E-12,4.73E-13,4.73E-13,erg cm-2 s-1,Integrated Flux,,7.25E+16,2.42E+18,Hz,xray,,slop
108378.388,,,s,1.49E-12,3.92E-13,3.92E-13,erg cm-2 s-1,Integrated Flux,,7.25E+16,2.42E+18,Hz,xray,,slop
108909.729,,,s,1.85E-12,4.84E-13,4.84E-13,erg cm-2 s-1,Integrated Flux,,7.25E+16,2.42E+18,Hz,xray,,slop
109414.002,,,s,2.43E-12,5.64E-13,5.64E-13,erg cm-2 s-1,Integrated Flux,,7.25E+16,2.42E+18,Hz,xray,,slop
115181.78,,,s,2.27E-12,5.40E-13,5.40E-13,erg cm-2 s-1,Integrated Flux,,7.25E+16,2.42E+18,Hz,xray,,slop
123291.394,,,s,1.12E-12,2.97E-13,2.97E-13,erg cm-2 s-1,Integrated Flux,,7.25E+16,2.42E+18,Hz,xray,,slop
128278.31,,,s,1.07E-12,2.06E-13,2.06E-13,erg cm-2 s-1,Integrated Flux,,7.25E+16,2.42E+18,Hz,xray,,slop
168236.18,,,s,5.48E-13,1.47E-13,1.47E-13,erg cm-2 s-1,Integrated Flux,,7.25E+16,2.42E+18,Hz,xray,,slop
201478.797,,,s,3.96E-13,1.03E-13,1.03E-13,erg cm-2 s-1,Integrated Flux,,7.25E+16,2.42E+18,Hz,xray,,slop
261218.818,,,s,4.28E-13,8.64E-14,8.64E-14,erg cm-2 s-1,Integrated Flux,,7.25E+16,2.42E+18,Hz,xray,,slop
400181.3,,,s,1.95E-13,3.94E-14,3.94E-14,erg cm-2 s-1,Integrated Flux,,7.25E+16,2.42E+18,Hz,xray,,slop
591275.2,,,s,8.38E-14,2.30E-14,2.30E-14,erg cm-2 s-1,Integrated Flux,,7.25E+16,2.42E+18,Hz,xray,,slop
333,,,s,-4.30E-01,4.00E-02,4.00E-02,erg cm-2 s-1,Spectral Index,,7.25E+16,2.42E+18,Hz,,,
22009,,,s,-9.70E-01,6.00E-02,6.00E-02,erg cm-2 s-1,Spectral Index,,7.25E+16,2.42E+18,Hz,,,
179955,,,s,-9.40E-01,2.30E-01,2.50E-01,erg cm-2 s-1,Spectral Index,,7.25E+16,2.42E+18,Hz,,,
