Time,TimeLower,TimeUpper,TimeUnits,Value,ValueLower,ValueUpper,ValueUnits,ValueType,Model,Frequency,FrequencyLower,FrequencyUpper,FrequencyUnits,,,,149.2295,,,seconds,4.51E-08,5.59E-09,5.59E-09,cgs,Integrated,IntegratedFlux,,7.25E+16,2.42E+18,hz
588.9600288,,,seconds,0.461624405,0.034438915,0.034438915,mjy,Spectral,SpectralFlux,4.56E+14,,,hz,,,,149.8938,,,seconds,5.42E-08,6.67E-09,6.67E-09,cgs,Integrated,IntegratedFlux,,7.25E+16,2.42E+18,hz
667.8000288,,,seconds,0.478948438,0.041907142,0.041907142,mjy,Spectral,SpectralFlux,4.56E+14,,,hz,,,,176.986,,,seconds,6.12E-09,7.53E-10,7.53E-10,cgs,Integrated,IntegratedFlux,,7.25E+16,2.42E+18,hz
746.9999712,,,seconds,0.487403632,0.030975158,0.030975158,mjy,Spectral,SpectralFlux,4.56E+14,,,hz,,,,178.1341,,,seconds,9.69E-09,1.19E-09,1.19E-09,cgs,Integrated,IntegratedFlux,,7.25E+16,2.42E+18,hz
825.8399712,,,seconds,0.444517395,0.046263969,0.046263969,mjy,Spectral,SpectralFlux,4.56E+14,,,hz,,,,179.22,,,seconds,8.16E-09,9.98E-10,9.98E-10,cgs,Integrated,IntegratedFlux,,7.25E+16,2.42E+18,hz
903.96,,,seconds,0.39508338,0.034569098,0.034569098,mjy,Spectral,SpectralFlux,4.56E+14,,,hz,,,,180.395,,,seconds,7.88E-09,9.76E-10,9.76E-10,cgs,Integrated,IntegratedFlux,,7.25E+16,2.42E+18,hz
982.8,,,seconds,0.411423184,0.034483063,0.034483063,mjy,Spectral,SpectralFlux,4.56E+14,,,hz,,,,181.2799,,,seconds,5.86E-09,7.36E-10,7.36E-10,cgs,Integrated,IntegratedFlux,,7.25E+16,2.42E+18,hz
1060.920029,,,seconds,0.397272736,0.038053778,0.038053778,mjy,Spectral,SpectralFlux,4.56E+14,,,hz,,,,182.1459,,,seconds,7.63E-09,9.37E-10,9.37E-10,cgs,Integrated,IntegratedFlux,,7.25E+16,2.42E+18,hz
1139.039971,,,seconds,0.419072112,0.042457765,0.042457765,mjy,Spectral,SpectralFlux,4.56E+14,,,hz,,,,182.7313,,,seconds,7.90E-09,9.71E-10,9.71E-10,cgs,Integrated,IntegratedFlux,,7.25E+16,2.42E+18,hz
1217.879971,,,seconds,0.392544377,0.0386855,0.0386855,mjy,Spectral,SpectralFlux,4.56E+14,,,hz,,,,183.4988,,,seconds,6.26E-09,7.80E-10,7.80E-10,cgs,Integrated,IntegratedFlux,,7.25E+16,2.42E+18,hz
1296.719971,,,seconds,0.436002281,0.032125835,0.032125835,mjy,Spectral,SpectralFlux,4.56E+14,,,hz,,,,184.3197,,,seconds,5.84E-09,7.15E-10,7.15E-10,cgs,Integrated,IntegratedFlux,,7.25E+16,2.42E+18,hz
1374.84,,,seconds,0.370074159,0.04192466,0.04192466,mjy,Spectral,SpectralFlux,4.56E+14,,,hz,,,,185.1834,,,seconds,6.48E-09,8.04E-10,8.04E-10,cgs,Integrated,IntegratedFlux,,7.25E+16,2.42E+18,hz
1452.960029,,,seconds,0.343786454,0.039579878,0.039579878,mjy,Spectral,SpectralFlux,4.56E+14,,,hz,,,,186.0459,,,seconds,5.66E-09,7.02E-10,7.02E-10,cgs,Integrated,IntegratedFlux,,7.25E+16,2.42E+18,hz
1531.800029,,,seconds,0.391821949,0.049440745,0.049440745,mjy,Spectral,SpectralFlux,4.56E+14,,,hz,,,,186.9353,,,seconds,5.25E-09,6.51E-10,6.51E-10,cgs,Integrated,IntegratedFlux,,7.25E+16,2.42E+18,hz
1609.919971,,,seconds,0.378345664,0.045301,0.045301,mjy,Spectral,SpectralFlux,4.56E+14,,,hz,,,,187.9011,,,seconds,5.46E-09,6.88E-10,6.88E-10,cgs,Integrated,IntegratedFlux,,7.25E+16,2.42E+18,hz
1688.759971,,,seconds,0.328313515,0.047474904,0.047474904,mjy,Spectral,SpectralFlux,4.56E+14,,,hz,,,,188.8788,,,seconds,5.26E-09,6.44E-10,6.44E-10,cgs,Integrated,IntegratedFlux,,7.25E+16,2.42E+18,hz
1766.88,,,seconds,0.3064,0.04204852,0.04204852,mjy,Spectral,SpectralFlux,4.56E+14,,,hz,,,,189.7869,,,seconds,5.57E-09,6.91E-10,6.91E-10,cgs,Integrated,IntegratedFlux,,7.25E+16,2.42E+18,hz
1845.72,,,seconds,0.403913865,0.047990376,0.047990376,mjy,Spectral,SpectralFlux,4.56E+14,,,hz,,,,190.7701,,,seconds,5.39E-09,6.78E-10,6.78E-10,cgs,Integrated,IntegratedFlux,,7.25E+16,2.42E+18,hz
1923.840029,,,seconds,0.337511644,0.043831219,0.043831219,mjy,Spectral,SpectralFlux,4.56E+14,,,hz,,,,191.6056,,,seconds,5.36E-09,6.65E-10,6.65E-10,cgs,Integrated,IntegratedFlux,,7.25E+16,2.42E+18,hz
2003.039971,,,seconds,0.421782698,0.041566956,0.041566956,mjy,Spectral,SpectralFlux,4.56E+14,,,hz,,,,192.5851,,,seconds,6.04E-09,7.38E-10,7.38E-10,cgs,Integrated,IntegratedFlux,,7.25E+16,2.42E+18,hz
2080.799971,,,seconds,0.356031776,0.043940929,0.043940929,mjy,Spectral,SpectralFlux,4.56E+14,,,hz,,,,193.4803,,,seconds,5.18E-09,6.43E-10,6.43E-10,cgs,Integrated,IntegratedFlux,,7.25E+16,2.42E+18,hz
588.9600288,,,seconds,0.461624405,0.034438915,0.034438915,mjy,Spectral,SpectralFlux,4.56E+14,,,hz,,,,194.488,,,seconds,4.90E-09,6.16E-10,6.16E-10,cgs,Integrated,IntegratedFlux,,7.25E+16,2.42E+18,hz
667.8000288,,,seconds,0.478948438,0.041907142,0.041907142,mjy,Spectral,SpectralFlux,4.56E+14,,,hz,,,,195.658,,,seconds,4.20E-09,5.22E-10,5.22E-10,cgs,Integrated,IntegratedFlux,,7.25E+16,2.42E+18,hz
746.9999712,,,seconds,0.487403632,0.030975158,0.030975158,mjy,Spectral,SpectralFlux,4.56E+14,,,hz,,,,196.7377,,,seconds,5.52E-09,6.77E-10,6.77E-10,cgs,Integrated,IntegratedFlux,,7.25E+16,2.42E+18,hz
825.8399712,,,seconds,0.444517395,0.046263969,0.046263969,mjy,Spectral,SpectralFlux,4.56E+14,,,hz,,,,197.668,,,seconds,5.34E-09,6.54E-10,6.54E-10,cgs,Integrated,IntegratedFlux,,7.25E+16,2.42E+18,hz
903.96,,,seconds,0.39508338,0.034569098,0.034569098,mjy,Spectral,SpectralFlux,4.56E+14,,,hz,,,,198.3117,,,seconds,4.31E-09,5.35E-10,5.35E-10,cgs,Integrated,IntegratedFlux,,7.25E+16,2.42E+18,hz
982.8,,,seconds,0.411423184,0.034483063,0.034483063,mjy,Spectral,SpectralFlux,4.56E+14,,,hz,,,,199.0139,,,seconds,4.18E-09,5.11E-10,5.11E-10,cgs,Integrated,IntegratedFlux,,7.25E+16,2.42E+18,hz
1060.920029,,,seconds,0.397272736,0.038053778,0.038053778,mjy,Spectral,SpectralFlux,4.56E+14,,,hz,,,,199.5966,,,seconds,4.42E-09,5.37E-10,5.37E-10,cgs,Integrated,IntegratedFlux,,7.25E+16,2.42E+18,hz
1139.039971,,,seconds,0.419072112,0.042457765,0.042457765,mjy,Spectral,SpectralFlux,4.56E+14,,,hz,,,,200.191,,,seconds,3.68E-09,5.49E-10,5.49E-10,cgs,Integrated,IntegratedFlux,,7.25E+16,2.42E+18,hz
1217.879971,,,seconds,0.392544377,0.0386855,0.0386855,mjy,Spectral,SpectralFlux,4.56E+14,,,hz,,,,200.7156,,,seconds,3.44E-09,5.12E-10,5.12E-10,cgs,Integrated,IntegratedFlux,,7.25E+16,2.42E+18,hz
1296.719971,,,seconds,0.436002281,0.032125835,0.032125835,mjy,Spectral,SpectralFlux,4.56E+14,,,hz,,,,201.2571,,,seconds,3.52E-09,5.25E-10,5.25E-10,cgs,Integrated,IntegratedFlux,,7.25E+16,2.42E+18,hz
1374.84,,,seconds,0.370074159,0.04192466,0.04192466,mjy,Spectral,SpectralFlux,4.56E+14,,,hz,,,,201.833,,,seconds,3.68E-09,4.67E-10,4.67E-10,cgs,Integrated,IntegratedFlux,,7.25E+16,2.42E+18,hz
1452.960029,,,seconds,0.343786454,0.039579878,0.039579878,mjy,Spectral,SpectralFlux,4.56E+14,,,hz,,,,202.4356,,,seconds,3.37E-09,5.02E-10,5.02E-10,cgs,Integrated,IntegratedFlux,,7.25E+16,2.42E+18,hz
1531.800029,,,seconds,0.391821949,0.049440745,0.049440745,mjy,Spectral,SpectralFlux,4.56E+14,,,hz,,,,203.0604,,,seconds,3.35E-09,5.11E-10,5.11E-10,cgs,Integrated,IntegratedFlux,,7.25E+16,2.42E+18,hz
1609.919971,,,seconds,0.378345664,0.045301,0.045301,mjy,Spectral,SpectralFlux,4.56E+14,,,hz,,,,203.5479,,,seconds,3.20E-09,5.00E-10,5.00E-10,cgs,Integrated,IntegratedFlux,,7.25E+16,2.42E+18,hz
1688.759971,,,seconds,0.328313515,0.047474904,0.047474904,mjy,Spectral,SpectralFlux,4.56E+14,,,hz,,,,204.101,,,seconds,3.27E-09,4.88E-10,4.88E-10,cgs,Integrated,IntegratedFlux,,7.25E+16,2.42E+18,hz
1766.88,,,seconds,0.3064,0.04204852,0.04204852,mjy,Spectral,SpectralFlux,4.56E+14,,,hz,,,,204.6092,,,seconds,3.54E-09,5.41E-10,5.41E-10,cgs,Integrated,IntegratedFlux,,7.25E+16,2.42E+18,hz
1845.72,,,seconds,0.403913865,0.047990376,0.047990376,mjy,Spectral,SpectralFlux,4.56E+14,,,hz,,,,205.1633,,,seconds,3.28E-09,4.89E-10,4.89E-10,cgs,Integrated,IntegratedFlux,,7.25E+16,2.42E+18,hz
1923.840029,,,seconds,0.337511644,0.043831219,0.043831219,mjy,Spectral,SpectralFlux,4.56E+14,,,hz,,,,205.7248,,,seconds,3.33E-09,4.96E-10,4.96E-10,cgs,Integrated,IntegratedFlux,,7.25E+16,2.42E+18,hz
2003.039971,,,seconds,0.421782698,0.041566956,0.041566956,mjy,Spectral,SpectralFlux,4.56E+14,,,hz,,,,206.2462,,,seconds,3.28E-09,4.89E-10,4.89E-10,cgs,Integrated,IntegratedFlux,,7.25E+16,2.42E+18,hz
2080.799971,,,seconds,0.356031776,0.043940929,0.043940929,mjy,Spectral,SpectralFlux,4.56E+14,,,hz,,,,206.852,,,seconds,3.06E-09,4.56E-10,4.56E-10,cgs,Integrated,IntegratedFlux,,7.25E+16,2.42E+18,hz
2280.96,,,seconds,0.377997355,0.019496312,0.019496312,mjy,Spectral,SpectralFlux,4.56E+14,,,hz,,,,207.3903,,,seconds,3.59E-09,5.36E-10,5.36E-10,cgs,Integrated,IntegratedFlux,,7.25E+16,2.42E+18,hz
2599.199971,,,seconds,0.317898707,0.01639655,0.01639655,mjy,Spectral,SpectralFlux,4.56E+14,,,hz,,,,207.9231,,,seconds,3.21E-09,4.79E-10,4.79E-10,cgs,Integrated,IntegratedFlux,,7.25E+16,2.42E+18,hz
3283.2,,,seconds,0.292879356,0.015915359,0.015915359,mjy,Spectral,SpectralFlux,4.56E+14,,,hz,,,,208.5407,,,seconds,4.29E-09,5.24E-10,5.24E-10,cgs,Integrated,IntegratedFlux,,7.25E+16,2.42E+18,hz
3924.72,,,seconds,0.292609728,0.015631204,0.015631204,mjy,Spectral,SpectralFlux,4.56E+14,,,hz,,,,209.1317,,,seconds,2.86E-09,4.27E-10,4.27E-10,cgs,Integrated,IntegratedFlux,,7.25E+16,2.42E+18,hz
4566.959971,,,seconds,0.278669065,0.015399822,0.015399822,mjy,Spectral,SpectralFlux,4.56E+14,,,hz,,,,209.7724,,,seconds,3.40E-09,5.19E-10,5.19E-10,cgs,Integrated,IntegratedFlux,,7.25E+16,2.42E+18,hz
5208.120029,,,seconds,0.22881725,0.013909399,0.013909399,mjy,Spectral,SpectralFlux,4.56E+14,,,hz,,,,210.3202,,,seconds,3.10E-09,4.73E-10,4.73E-10,cgs,Integrated,IntegratedFlux,,7.25E+16,2.42E+18,hz
5849.999971,,,seconds,0.229661798,0.01269158,0.01269158,mjy,Spectral,SpectralFlux,4.56E+14,,,hz,,,,210.8897,,,seconds,3.53E-09,5.26E-10,5.26E-10,cgs,Integrated,IntegratedFlux,,7.25E+16,2.42E+18,hz
6492.240029,,,seconds,0.219932171,0.011748771,0.011748771,mjy,Spectral,SpectralFlux,4.56E+14,,,hz,,,,211.4039,,,seconds,2.99E-09,4.45E-10,4.45E-10,cgs,Integrated,IntegratedFlux,,7.25E+16,2.42E+18,hz
7134.119971,,,seconds,0.203745845,0.010884098,0.010884098,mjy,Spectral,SpectralFlux,4.56E+14,,,hz,,,,212.0313,,,seconds,3.21E-09,4.89E-10,4.89E-10,cgs,Integrated,IntegratedFlux,,7.25E+16,2.42E+18,hz
7775.280029,,,seconds,0.196738231,0.01322779,0.01322779,mjy,Spectral,SpectralFlux,4.56E+14,,,hz,,,,212.8086,,,seconds,1.96E-09,2.93E-10,2.93E-10,cgs,Integrated,IntegratedFlux,,7.25E+16,2.42E+18,hz
8417.159971,,,seconds,0.176802646,0.017586856,0.017586856,mjy,Spectral,SpectralFlux,4.56E+14,,,hz,,,,213.5307,,,seconds,3.00E-09,4.57E-10,4.57E-10,cgs,Integrated,IntegratedFlux,,7.25E+16,2.42E+18,hz
9059.04,,,seconds,0.160357309,0.01137248,0.01137248,mjy,Spectral,SpectralFlux,4.56E+14,,,hz,,,,214.1569,,,seconds,3.17E-09,4.73E-10,4.73E-10,cgs,Integrated,IntegratedFlux,,7.25E+16,2.42E+18,hz
9700.199971,,,seconds,0.173096689,0.011319384,0.011319384,mjy,Spectral,SpectralFlux,4.56E+14,,,hz,,,,214.744,,,seconds,2.80E-09,4.17E-10,4.17E-10,cgs,Integrated,IntegratedFlux,,7.25E+16,2.42E+18,hz
10342.08,,,seconds,0.167914717,0.010361896,0.010361896,mjy,Spectral,SpectralFlux,4.56E+14,,,hz,,,,215.4021,,,seconds,2.61E-09,3.90E-10,3.90E-10,cgs,Integrated,IntegratedFlux,,7.25E+16,2.42E+18,hz
10983.96003,,,seconds,0.171825953,0.00902068,0.00902068,mjy,Spectral,SpectralFlux,4.56E+14,,,hz,,,,216.0349,,,seconds,2.89E-09,4.30E-10,4.30E-10,cgs,Integrated,IntegratedFlux,,7.25E+16,2.42E+18,hz
11626.2,,,seconds,0.157575524,0.00899821,0.00899821,mjy,Spectral,SpectralFlux,4.56E+14,,,hz,,,,216.724,,,seconds,2.58E-09,3.84E-10,3.84E-10,cgs,Integrated,IntegratedFlux,,7.25E+16,2.42E+18,hz
12267.00003,,,seconds,0.145441639,0.009778839,0.009778839,mjy,Spectral,SpectralFlux,4.56E+14,,,hz,,,,217.4623,,,seconds,2.56E-09,3.82E-10,3.82E-10,cgs,Integrated,IntegratedFlux,,7.25E+16,2.42E+18,hz
12909.24,,,seconds,0.133011368,0.01041318,0.01041318,mjy,Spectral,SpectralFlux,4.56E+14,,,hz,,,,218.166,,,seconds,2.70E-09,4.03E-10,4.03E-10,cgs,Integrated,IntegratedFlux,,7.25E+16,2.42E+18,hz
13551.12003,,,seconds,0.147058036,0.015982564,0.015982564,mjy,Spectral,SpectralFlux,4.56E+14,,,hz,,,,218.8497,,,seconds,2.68E-09,3.96E-10,3.96E-10,cgs,Integrated,IntegratedFlux,,7.25E+16,2.42E+18,hz
14192.28,,,seconds,0.166375265,0.021759694,0.021759694,mjy,Spectral,SpectralFlux,4.56E+14,,,hz,,,,219.6456,,,seconds,2.16E-09,3.22E-10,3.22E-10,cgs,Integrated,IntegratedFlux,,7.25E+16,2.42E+18,hz
15476.03997,,,seconds,0.135484234,0.016471698,0.016471698,mjy,Spectral,SpectralFlux,4.56E+14,,,hz,,,,220.3748,,,seconds,2.83E-09,4.22E-10,4.22E-10,cgs,Integrated,IntegratedFlux,,7.25E+16,2.42E+18,hz
16118.28003,,,seconds,0.123222144,0.015775359,0.015775359,mjy,Spectral,SpectralFlux,4.56E+14,,,hz,,,,221.0504,,,seconds,2.39E-09,3.56E-10,3.56E-10,cgs,Integrated,IntegratedFlux,,7.25E+16,2.42E+18,hz
16759.07997,,,seconds,0.135984297,0.012274124,0.012274124,mjy,Spectral,SpectralFlux,4.56E+14,,,hz,,,,221.8992,,,seconds,2.42E-09,3.61E-10,3.61E-10,cgs,Integrated,IntegratedFlux,,7.25E+16,2.42E+18,hz
17400.96,,,seconds,0.100992416,0.011534164,0.011534164,mjy,Spectral,SpectralFlux,4.56E+14,,,hz,,,,222.744,,,seconds,2.02E-09,3.01E-10,3.01E-10,cgs,Integrated,IntegratedFlux,,7.25E+16,2.42E+18,hz
18043.19997,,,seconds,0.123449337,0.058442335,0.058442335,mjy,Spectral,SpectralFlux,4.56E+14,,,hz,,,,223.659,,,seconds,1.98E-09,2.95E-10,2.95E-10,cgs,Integrated,IntegratedFlux,,7.25E+16,2.42E+18,hz
18684,,,seconds,0.130343315,0.017047189,0.017047189,mjy,Spectral,SpectralFlux,4.56E+14,,,hz,,,,224.5886,,,seconds,2.33E-09,3.47E-10,3.47E-10,cgs,Integrated,IntegratedFlux,,7.25E+16,2.42E+18,hz
21251.16,,,seconds,0.096358218,0.008697421,0.008697421,mjy,Spectral,SpectralFlux,4.56E+14,,,hz,,,,225.4058,,,seconds,2.18E-09,3.25E-10,3.25E-10,cgs,Integrated,IntegratedFlux,,7.25E+16,2.42E+18,hz
2805.120029,,,seconds,0.273038491,0.020118219,0.020118219,mjy,Spectral,SpectralFlux,5.44E+14,,,hz,,,,226.1825,,,seconds,2.88E-09,4.30E-10,4.30E-10,cgs,Integrated,IntegratedFlux,,7.25E+16,2.42E+18,hz
3453.84,,,seconds,0.295817508,0.020161892,0.020161892,mjy,Spectral,SpectralFlux,5.44E+14,,,hz,,,,226.8975,,,seconds,2.25E-09,3.35E-10,3.35E-10,cgs,Integrated,IntegratedFlux,,7.25E+16,2.42E+18,hz
4096.079971,,,seconds,0.227731903,0.018248149,0.018248149,mjy,Spectral,SpectralFlux,5.44E+14,,,hz,,,,227.978,,,seconds,1.57E-09,2.34E-10,2.34E-10,cgs,Integrated,IntegratedFlux,,7.25E+16,2.42E+18,hz
4737.96,,,seconds,0.222958418,0.019303115,0.019303115,mjy,Spectral,SpectralFlux,5.44E+14,,,hz,,,,229.182,,,seconds,1.59E-09,2.37E-10,2.37E-10,cgs,Integrated,IntegratedFlux,,7.25E+16,2.42E+18,hz
5379.119971,,,seconds,0.225851966,0.018097509,0.018097509,mjy,Spectral,SpectralFlux,5.44E+14,,,hz,,,,230.1205,,,seconds,1.85E-09,2.76E-10,2.76E-10,cgs,Integrated,IntegratedFlux,,7.25E+16,2.42E+18,hz
6021,,,seconds,0.192940711,0.013150167,0.013150167,mjy,Spectral,SpectralFlux,5.44E+14,,,hz,,,,231.324,,,seconds,1.77E-09,2.64E-10,2.64E-10,cgs,Integrated,IntegratedFlux,,7.25E+16,2.42E+18,hz
6662.880029,,,seconds,0.193831285,0.014817592,0.014817592,mjy,Spectral,SpectralFlux,5.44E+14,,,hz,,,,232.263,,,seconds,1.69E-09,2.58E-10,2.58E-10,cgs,Integrated,IntegratedFlux,,7.25E+16,2.42E+18,hz
7304.04,,,seconds,0.165281359,0.011265002,0.011265002,mjy,Spectral,SpectralFlux,5.44E+14,,,hz,,,,233.456,,,seconds,1.37E-09,2.05E-10,2.05E-10,cgs,Integrated,IntegratedFlux,,7.25E+16,2.42E+18,hz
7945.920029,,,seconds,0.151573708,0.014937686,0.014937686,mjy,Spectral,SpectralFlux,5.44E+14,,,hz,,,,234.729,,,seconds,1.43E-09,2.18E-10,2.18E-10,cgs,Integrated,IntegratedFlux,,7.25E+16,2.42E+18,hz
8588.16,,,seconds,0.139259193,0.015776282,0.015776282,mjy,Spectral,SpectralFlux,5.44E+14,,,hz,,,,236.002,,,seconds,1.45E-09,2.16E-10,2.16E-10,cgs,Integrated,IntegratedFlux,,7.25E+16,2.42E+18,hz
9230.040029,,,seconds,0.129844595,0.015068503,0.015068503,mjy,Spectral,SpectralFlux,5.44E+14,,,hz,,,,237.191,,,seconds,1.73E-09,2.58E-10,2.58E-10,cgs,Integrated,IntegratedFlux,,7.25E+16,2.42E+18,hz
9870.839971,,,seconds,0.135214689,0.01257827,0.01257827,mjy,Spectral,SpectralFlux,5.44E+14,,,hz,,,,238.37,,,seconds,1.46E-09,2.17E-10,2.17E-10,cgs,Integrated,IntegratedFlux,,7.25E+16,2.42E+18,hz
10513.08003,,,seconds,0.157842472,0.008141184,0.008141184,mjy,Spectral,SpectralFlux,5.44E+14,,,hz,,,,239.53,,,seconds,1.67E-09,2.49E-10,2.49E-10,cgs,Integrated,IntegratedFlux,,7.25E+16,2.42E+18,hz
11154.95997,,,seconds,0.143689117,0.008602267,0.008602267,mjy,Spectral,SpectralFlux,5.44E+14,,,hz,,,,240.591,,,seconds,1.72E-09,2.57E-10,2.57E-10,cgs,Integrated,IntegratedFlux,,7.25E+16,2.42E+18,hz
11796.12003,,,seconds,0.134345732,0.008537852,0.008537852,mjy,Spectral,SpectralFlux,5.44E+14,,,hz,,,,241.904,,,seconds,1.14E-09,1.71E-10,1.71E-10,cgs,Integrated,IntegratedFlux,,7.25E+16,2.42E+18,hz
12437.99997,,,seconds,0.101443418,0.012426568,0.012426568,mjy,Spectral,SpectralFlux,5.44E+14,,,hz,,,,243.27,,,seconds,1.32E-09,1.97E-10,1.97E-10,cgs,Integrated,IntegratedFlux,,7.25E+16,2.42E+18,hz
13079.88,,,seconds,0.135214689,0.01071021,0.01071021,mjy,Spectral,SpectralFlux,5.44E+14,,,hz,,,,244.903,,,seconds,1.02E-09,1.59E-10,1.59E-10,cgs,Integrated,IntegratedFlux,,7.25E+16,2.42E+18,hz
13722.11997,,,seconds,0.137095713,0.023359916,0.023359916,mjy,Spectral,SpectralFlux,5.44E+14,,,hz,,,,246.258,,,seconds,1.50E-09,2.29E-10,2.29E-10,cgs,Integrated,IntegratedFlux,,7.25E+16,2.42E+18,hz
15647.04,,,seconds,0.106028807,0.018261698,0.018261698,mjy,Spectral,SpectralFlux,5.44E+14,,,hz,,,,247.868,,,seconds,1.04E-09,1.58E-10,1.58E-10,cgs,Integrated,IntegratedFlux,,7.25E+16,2.42E+18,hz
16287.84003,,,seconds,0.096699421,0.011489186,0.011489186,mjy,Spectral,SpectralFlux,5.44E+14,,,hz,,,,249.479,,,seconds,1.45E-09,2.16E-10,2.16E-10,cgs,Integrated,IntegratedFlux,,7.25E+16,2.42E+18,hz
16930.08,,,seconds,0.116794899,0.01344651,0.01344651,mjy,Spectral,SpectralFlux,5.44E+14,,,hz,,,,250.783,,,seconds,1.18E-09,1.89E-10,1.89E-10,cgs,Integrated,IntegratedFlux,,7.25E+16,2.42E+18,hz
17571.96003,,,seconds,0.082989639,0.011541879,0.011541879,mjy,Spectral,SpectralFlux,5.44E+14,,,hz,,,,252.349,,,seconds,9.68E-10,1.48E-10,1.48E-10,cgs,Integrated,IntegratedFlux,,7.25E+16,2.42E+18,hz
20139.12003,,,seconds,0.092858973,0.009151311,0.009151311,mjy,Spectral,SpectralFlux,5.44E+14,,,hz,,,,254.145,,,seconds,1.27E-09,1.94E-10,1.94E-10,cgs,Integrated,IntegratedFlux,,7.25E+16,2.42E+18,hz
20779.91997,,,seconds,0.057679817,0.012537518,0.012537518,mjy,Spectral,SpectralFlux,5.44E+14,,,hz,,,,255.675,,,seconds,9.08E-10,1.35E-10,1.35E-10,cgs,Integrated,IntegratedFlux,,7.25E+16,2.42E+18,hz
21422.16003,,,seconds,0.080061528,0.009069945,0.009069945,mjy,Spectral,SpectralFlux,5.44E+14,,,hz,,,,257.863,,,seconds,8.42E-10,1.25E-10,1.25E-10,cgs,Integrated,IntegratedFlux,,7.25E+16,2.42E+18,hz
89351.27997,,,seconds,0.016999918,0.00093945,0.00093945,mjy,Spectral,SpectralFlux,6.74E+14,,,hz,,,,259.932,,,seconds,9.13E-10,1.39E-10,1.39E-10,cgs,Integrated,IntegratedFlux,,7.25E+16,2.42E+18,hz
91463.04,,,seconds,0.015249192,0.000898882,0.000898882,mjy,Spectral,SpectralFlux,6.74E+14,,,hz,,,,261.979,,,seconds,8.35E-10,1.30E-10,1.30E-10,cgs,Integrated,IntegratedFlux,,7.25E+16,2.42E+18,hz
93696.84003,,,seconds,0.015081579,0.00086122,0.00086122,mjy,Spectral,SpectralFlux,6.74E+14,,,hz,,,,264.042,,,seconds,8.60E-10,1.28E-10,1.28E-10,cgs,Integrated,IntegratedFlux,,7.25E+16,2.42E+18,hz
182547.36,,,seconds,0.006287049,0.000579059,0.000579059,mjy,Spectral,SpectralFlux,6.74E+14,,,hz,,,,266.11,,,seconds,8.16E-10,1.27E-10,1.27E-10,cgs,Integrated,IntegratedFlux,,7.25E+16,2.42E+18,hz
88692.47997,,,seconds,0.020922996,0.001156247,0.001156247,mjy,Spectral,SpectralFlux,5.44E+14,,,hz,,,,268.877,,,seconds,6.48E-10,9.66E-11,9.66E-11,cgs,Integrated,IntegratedFlux,,7.25E+16,2.42E+18,hz
90821.15997,,,seconds,0.01813944,0.001052544,0.001052544,mjy,Spectral,SpectralFlux,5.44E+14,,,hz,,,,271.372,,,seconds,7.44E-10,1.11E-10,1.11E-10,cgs,Integrated,IntegratedFlux,,7.25E+16,2.42E+18,hz
92996.27997,,,seconds,0.018820184,0.001057376,0.001057376,mjy,Spectral,SpectralFlux,5.44E+14,,,hz,,,,273.755,,,seconds,7.28E-10,1.11E-10,1.11E-10,cgs,Integrated,IntegratedFlux,,7.25E+16,2.42E+18,hz
181901.88,,,seconds,0.008215308,0.000786924,0.000786924,mjy,Spectral,SpectralFlux,5.44E+14,,,hz,,,,276.334,,,seconds,7.45E-10,1.16E-10,1.16E-10,cgs,Integrated,IntegratedFlux,,7.25E+16,2.42E+18,hz
3115.439971,,,seconds,0.323808885,0.00298239,0.00298239,mjy,Spectral,SpectralFlux,4.56E+14,,,hz,,,,278.648,,,seconds,6.86E-10,1.02E-10,1.02E-10,cgs,Integrated,IntegratedFlux,,7.25E+16,2.42E+18,hz
5671.08,,,seconds,0.2451821,0.002258211,0.002258211,mjy,Spectral,SpectralFlux,4.56E+14,,,hz,,,,281.605,,,seconds,6.89E-10,1.03E-10,1.03E-10,cgs,Integrated,IntegratedFlux,,7.25E+16,2.42E+18,hz
7214.4,,,seconds,0.214925903,0.001979541,0.001979541,mjy,Spectral,SpectralFlux,4.56E+14,,,hz,,,,284.147,,,seconds,6.84E-10,1.02E-10,1.02E-10,cgs,Integrated,IntegratedFlux,,7.25E+16,2.42E+18,hz
7892.279971,,,seconds,0.202436472,0.001864509,0.001864509,mjy,Spectral,SpectralFlux,4.56E+14,,,hz,,,,287.019,,,seconds,6.21E-10,9.26E-11,9.26E-11,cgs,Integrated,IntegratedFlux,,7.25E+16,2.42E+18,hz
88074,,,seconds,0.020601022,0.001138455,0.001138455,mjy,Spectral,SpectralFlux,4.56E+14,,,hz,,,,289.972,,,seconds,5.60E-10,8.34E-11,8.34E-11,cgs,Integrated,IntegratedFlux,,7.25E+16,2.42E+18,hz
90483.11997,,,seconds,0.021532218,0.001189914,0.001189914,mjy,Spectral,SpectralFlux,4.56E+14,,,hz,,,,293.191,,,seconds,5.63E-10,8.60E-11,8.60E-11,cgs,Integrated,IntegratedFlux,,7.25E+16,2.42E+18,hz
92647.8,,,seconds,0.018771058,0.001037327,0.001037327,mjy,Spectral,SpectralFlux,4.56E+14,,,hz,,,,296.609,,,seconds,3.32E-10,6.28E-11,6.28E-11,cgs,Integrated,IntegratedFlux,,7.25E+16,2.42E+18,hz
182139.12,,,seconds,0.011124712,0.001024624,0.001024624,mjy,Spectral,SpectralFlux,4.56E+14,,,hz,,,,300.498,,,seconds,4.71E-10,7.02E-11,7.02E-11,cgs,Integrated,IntegratedFlux,,7.25E+16,2.42E+18,hz
1119.599971,,,seconds,0.302013425,0.005285128,0.005285128,mjy,Spectral,SpectralFlux,6.29E+14,,,hz,,,,303.945,,,seconds,5.28E-10,7.86E-11,7.86E-11,cgs,Integrated,IntegratedFlux,,7.25E+16,2.42E+18,hz
1818.000029,,,seconds,0.280043985,0.005416531,0.005416531,mjy,Spectral,SpectralFlux,6.29E+14,,,hz,,,,307.373,,,seconds,6.16E-10,9.18E-11,9.18E-11,cgs,Integrated,IntegratedFlux,,7.25E+16,2.42E+18,hz
2509.200029,,,seconds,0.260871268,0.004805426,0.004805426,mjy,Spectral,SpectralFlux,6.29E+14,,,hz,,,,310.802,,,seconds,3.72E-10,5.68E-11,5.68E-11,cgs,Integrated,IntegratedFlux,,7.25E+16,2.42E+18,hz
3214.799971,,,seconds,0.248213986,0.004800884,0.004800884,mjy,Spectral,SpectralFlux,6.29E+14,,,hz,,,,315.036,,,seconds,3.74E-10,6.82E-11,6.82E-11,cgs,Integrated,IntegratedFlux,,7.25E+16,2.42E+18,hz
3920.4,,,seconds,0.22265182,0.004306468,0.004306468,mjy,Spectral,SpectralFlux,6.29E+14,,,hz,,,,318.653,,,seconds,4.17E-10,6.36E-11,6.36E-11,cgs,Integrated,IntegratedFlux,,7.25E+16,2.42E+18,hz
4860,,,seconds,0.201570164,0.003341754,0.003341754,mjy,Spectral,SpectralFlux,6.29E+14,,,hz,,,,322.956,,,seconds,3.65E-10,5.93E-11,5.93E-11,cgs,Integrated,IntegratedFlux,,7.25E+16,2.42E+18,hz
5929.2,,,seconds,0.177347981,0.00277684,0.00277684,mjy,Spectral,SpectralFlux,6.29E+14,,,hz,,,,327.486,,,seconds,2.44E-10,4.62E-11,4.62E-11,cgs,Integrated,IntegratedFlux,,7.25E+16,2.42E+18,hz
7005.599971,,,seconds,0.163089593,0.002553588,0.002553588,mjy,Spectral,SpectralFlux,6.29E+14,,,hz,,,,332.674,,,seconds,2.61E-10,4.93E-11,4.93E-11,cgs,Integrated,IntegratedFlux,,7.25E+16,2.42E+18,hz
8060.400029,,,seconds,0.150947613,0.00264153,0.00264153,mjy,Spectral,SpectralFlux,6.29E+14,,,hz,,,,337.584,,,seconds,1.93E-10,3.52E-11,3.52E-11,cgs,Integrated,IntegratedFlux,,7.25E+16,2.42E+18,hz
9136.8,,,seconds,0.137159612,0.002273916,0.002273916,mjy,Spectral,SpectralFlux,6.29E+14,,,hz,,,,343.588,,,seconds,2.53E-10,4.62E-11,4.62E-11,cgs,Integrated,IntegratedFlux,,7.25E+16,2.42E+18,hz
10202.39997,,,seconds,0.12590015,0.00208725,0.00208725,mjy,Spectral,SpectralFlux,6.29E+14,,,hz,,,,349.017,,,seconds,1.92E-10,3.50E-11,3.50E-11,cgs,Integrated,IntegratedFlux,,7.25E+16,2.42E+18,hz
11282.39997,,,seconds,0.11588474,0.001921208,0.001921208,mjy,Spectral,SpectralFlux,6.29E+14,,,hz,,,,354.948,,,seconds,2.09E-10,3.82E-11,3.82E-11,cgs,Integrated,IntegratedFlux,,7.25E+16,2.42E+18,hz
12531.60003,,,seconds,0.108849452,0.002105335,0.002105335,mjy,Spectral,SpectralFlux,6.29E+14,,,hz,,,,372.628,,,seconds,1.53E-10,3.43E-11,3.43E-11,cgs,Integrated,IntegratedFlux,,7.25E+16,2.42E+18,hz
13604.39997,,,seconds,0.101865295,0.001970249,0.001970249,mjy,Spectral,SpectralFlux,6.29E+14,,,hz,,,,392.941,,,seconds,1.23E-10,2.75E-11,2.75E-11,cgs,Integrated,IntegratedFlux,,7.25E+16,2.42E+18,hz
14684.39997,,,seconds,0.093503152,0.001722392,0.001722392,mjy,Spectral,SpectralFlux,6.29E+14,,,hz,,,,421.141,,,seconds,1.23E-10,2.76E-11,2.76E-11,cgs,Integrated,IntegratedFlux,,7.25E+16,2.42E+18,hz
15750.00003,,,seconds,0.086701428,0.001517244,0.001517244,mjy,Spectral,SpectralFlux,6.29E+14,,,hz,,,,451.446,,,seconds,1.40E-10,3.06E-11,3.06E-11,cgs,Integrated,IntegratedFlux,,7.25E+16,2.42E+18,hz
16815.6,,,seconds,0.08426093,0.001629751,0.001629751,mjy,Spectral,SpectralFlux,6.29E+14,,,hz,,,,481.158,,,seconds,1.07E-10,2.41E-11,2.41E-11,cgs,Integrated,IntegratedFlux,,7.25E+16,2.42E+18,hz
17884.8,,,seconds,0.080765567,0.001487757,0.001487757,mjy,Spectral,SpectralFlux,6.29E+14,,,hz,,,,519.173,,,seconds,9.18E-11,2.02E-11,2.02E-11,cgs,Integrated,IntegratedFlux,,7.25E+16,2.42E+18,hz
18957.60003,,,seconds,0.077915928,0.001722317,0.001722317,mjy,Spectral,SpectralFlux,6.29E+14,,,hz,,,,576.062,,,seconds,7.05E-11,1.47E-11,1.47E-11,cgs,Integrated,IntegratedFlux,,7.25E+16,2.42E+18,hz
1353.600029,,,seconds,0.405159707,0.007090152,0.007090152,mjy,Spectral,SpectralFlux,4.81E+14,,,hz,,,,622.956,,,seconds,9.13E-11,1.95E-11,1.95E-11,cgs,Integrated,IntegratedFlux,,7.25E+16,2.42E+18,hz
2048.399971,,,seconds,0.380212376,0.006303394,0.006303394,mjy,Spectral,SpectralFlux,4.81E+14,,,hz,,,,661.436,,,seconds,1.30E-10,2.74E-11,2.74E-11,cgs,Integrated,IntegratedFlux,,7.25E+16,2.42E+18,hz
2746.800029,,,seconds,0.360102593,0.006301668,0.006301668,mjy,Spectral,SpectralFlux,4.81E+14,,,hz,,,,711.035,,,seconds,5.66E-11,1.28E-11,1.28E-11,cgs,Integrated,IntegratedFlux,,7.25E+16,2.42E+18,hz
3448.800029,,,seconds,0.323911412,0.005966669,0.005966669,mjy,Spectral,SpectralFlux,4.81E+14,,,hz,,,,771.623,,,seconds,8.20E-11,1.85E-11,1.85E-11,cgs,Integrated,IntegratedFlux,,7.25E+16,2.42E+18,hz
4150.800029,,,seconds,0.301735389,0.00583608,0.00583608,mjy,Spectral,SpectralFlux,4.81E+14,,,hz,,,,823.225,,,seconds,5.19E-11,1.17E-11,1.17E-11,cgs,Integrated,IntegratedFlux,,7.25E+16,2.42E+18,hz
5090.400029,,,seconds,0.2787573,0.004364664,0.004364664,mjy,Spectral,SpectralFlux,4.81E+14,,,hz,,,,896.379,,,seconds,5.45E-11,1.23E-11,1.23E-11,cgs,Integrated,IntegratedFlux,,7.25E+16,2.42E+18,hz
6166.8,,,seconds,0.242563946,0.004021374,0.004021374,mjy,Spectral,SpectralFlux,4.81E+14,,,hz,,,,952.821,,,seconds,8.15E-11,1.83E-11,1.83E-11,cgs,Integrated,IntegratedFlux,,7.25E+16,2.42E+18,hz
7239.600029,,,seconds,0.224091946,0.003715134,0.003715134,mjy,Spectral,SpectralFlux,4.81E+14,,,hz,,,,1012.23,,,seconds,6.20E-11,1.37E-11,1.37E-11,cgs,Integrated,IntegratedFlux,,7.25E+16,2.42E+18,hz
8301.599971,,,seconds,0.203998159,0.003569896,0.003569896,mjy,Spectral,SpectralFlux,4.81E+14,,,hz,,,,1062.218,,,seconds,6.99E-11,1.57E-11,1.57E-11,cgs,Integrated,IntegratedFlux,,7.25E+16,2.42E+18,hz
9363.6,,,seconds,0.189507433,0.003490856,0.003490856,mjy,Spectral,SpectralFlux,4.81E+14,,,hz,,,,1127.308,,,seconds,5.86E-11,1.33E-11,1.33E-11,cgs,Integrated,IntegratedFlux,,7.25E+16,2.42E+18,hz
10436.40003,,,seconds,0.178659555,0.003126479,0.003126479,mjy,Spectral,SpectralFlux,4.81E+14,,,hz,,,,1172.824,,,seconds,8.59E-11,1.89E-11,1.89E-11,cgs,Integrated,IntegratedFlux,,7.25E+16,2.42E+18,hz
11516.40003,,,seconds,0.168743188,0.003419201,0.003419201,mjy,Spectral,SpectralFlux,4.81E+14,,,hz,,,,1226.979,,,seconds,7.62E-11,1.48E-11,1.48E-11,cgs,Integrated,IntegratedFlux,,7.25E+16,2.42E+18,hz
12769.20003,,,seconds,0.154179364,0.002698084,0.002698084,mjy,Spectral,SpectralFlux,4.81E+14,,,hz,,,,4475.093,,,seconds,4.84E-11,1.18E-11,1.18E-11,cgs,Integrated,IntegratedFlux,,7.25E+16,2.42E+18,hz
13841.99997,,,seconds,0.145219939,0.00267505,0.00267505,mjy,Spectral,SpectralFlux,4.81E+14,,,hz,,,,5360.428,,,seconds,4.95E-11,1.11E-11,1.11E-11,cgs,Integrated,IntegratedFlux,,7.25E+16,2.42E+18,hz
14918.40003,,,seconds,0.136529421,0.002640713,0.002640713,mjy,Spectral,SpectralFlux,4.81E+14,,,hz,,,,5406.184,,,seconds,3.93E-11,8.83E-12,8.83E-12,cgs,Integrated,IntegratedFlux,,7.25E+16,2.42E+18,hz
15980.39997,,,seconds,0.126714481,0.002684292,0.002684292,mjy,Spectral,SpectralFlux,4.81E+14,,,hz,,,,5449.677,,,seconds,3.38E-11,7.61E-12,7.61E-12,cgs,Integrated,IntegratedFlux,,7.25E+16,2.42E+18,hz
17042.4,,,seconds,0.122018659,0.0026972,0.0026972,mjy,Spectral,SpectralFlux,4.81E+14,,,hz,,,,5503.586,,,seconds,3.42E-11,7.68E-12,7.68E-12,cgs,Integrated,IntegratedFlux,,7.25E+16,2.42E+18,hz
18115.20003,,,seconds,0.108050368,0.00258747,0.00258747,mjy,Spectral,SpectralFlux,4.81E+14,,,hz,,,,5565.901,,,seconds,3.76E-11,8.44E-12,8.44E-12,cgs,Integrated,IntegratedFlux,,7.25E+16,2.42E+18,hz
19195.20003,,,seconds,0.109452642,0.00252024,0.00252024,mjy,Spectral,SpectralFlux,4.81E+14,,,hz,,,,5613.159,,,seconds,3.69E-11,8.28E-12,8.28E-12,cgs,Integrated,IntegratedFlux,,7.25E+16,2.42E+18,hz
1580.400029,,,seconds,0.490711515,0.01129905,0.01129905,mjy,Spectral,SpectralFlux,3.94E+14,,,hz,,,,5668.351,,,seconds,3.98E-11,8.50E-12,8.50E-12,cgs,Integrated,IntegratedFlux,,7.25E+16,2.42E+18,hz
2282.400029,,,seconds,0.436140331,0.009239102,0.009239102,mjy,Spectral,SpectralFlux,3.94E+14,,,hz,,,,5714.446,,,seconds,3.34E-11,7.57E-12,7.57E-12,cgs,Integrated,IntegratedFlux,,7.25E+16,2.42E+18,hz
2977.199971,,,seconds,0.420364709,0.009679255,0.009679255,mjy,Spectral,SpectralFlux,3.94E+14,,,hz,,,,5768.233,,,seconds,3.50E-11,7.87E-12,7.87E-12,cgs,Integrated,IntegratedFlux,,7.25E+16,2.42E+18,hz
3682.8,,,seconds,0.355489067,0.008840273,0.008840273,mjy,Spectral,SpectralFlux,3.94E+14,,,hz,,,,5817.881,,,seconds,3.72E-11,8.32E-12,8.32E-12,cgs,Integrated,IntegratedFlux,,7.25E+16,2.42E+18,hz
4377.600029,,,seconds,0.345164601,0.008901434,0.008901434,mjy,Spectral,SpectralFlux,3.94E+14,,,hz,,,,5879.912,,,seconds,2.24E-11,5.08E-12,5.08E-12,cgs,Integrated,IntegratedFlux,,7.25E+16,2.42E+18,hz
5324.4,,,seconds,0.311333783,0.006021729,0.006021729,mjy,Spectral,SpectralFlux,3.94E+14,,,hz,,,,5974.956,,,seconds,2.65E-11,5.94E-12,5.94E-12,cgs,Integrated,IntegratedFlux,,7.25E+16,2.42E+18,hz
6400.799971,,,seconds,0.279014163,0.005396612,0.005396612,mjy,Spectral,SpectralFlux,3.94E+14,,,hz,,,,6030.753,,,seconds,3.52E-11,7.92E-12,7.92E-12,cgs,Integrated,IntegratedFlux,,7.25E+16,2.42E+18,hz
7466.400029,,,seconds,0.258717764,0.005480621,0.005480621,mjy,Spectral,SpectralFlux,3.94E+14,,,hz,,,,6073.499,,,seconds,3.64E-11,8.18E-12,8.18E-12,cgs,Integrated,IntegratedFlux,,7.25E+16,2.42E+18,hz
8535.600029,,,seconds,0.237042516,0.005239781,0.005239781,mjy,Spectral,SpectralFlux,3.94E+14,,,hz,,,,6121.528,,,seconds,5.30E-11,1.19E-11,1.19E-11,cgs,Integrated,IntegratedFlux,,7.25E+16,2.42E+18,hz
9586.799971,,,seconds,0.226791226,0.004804296,0.004804296,mjy,Spectral,SpectralFlux,3.94E+14,,,hz,,,,6174.035,,,seconds,3.28E-11,7.22E-12,7.22E-12,cgs,Integrated,IntegratedFlux,,7.25E+16,2.42E+18,hz
10674.00003,,,seconds,0.202500569,0.005035768,0.005035768,mjy,Spectral,SpectralFlux,3.94E+14,,,hz,,,,6229.197,,,seconds,3.51E-11,7.85E-12,7.85E-12,cgs,Integrated,IntegratedFlux,,7.25E+16,2.42E+18,hz
11746.79997,,,seconds,0.191966855,0.004950624,0.004950624,mjy,Spectral,SpectralFlux,3.94E+14,,,hz,,,,6280.475,,,seconds,3.39E-11,7.61E-12,7.61E-12,cgs,Integrated,IntegratedFlux,,7.25E+16,2.42E+18,hz
12996.00003,,,seconds,0.182484612,0.004033789,0.004033789,mjy,Spectral,SpectralFlux,3.94E+14,,,hz,,,,6343.27,,,seconds,2.54E-11,5.69E-12,5.69E-12,cgs,Integrated,IntegratedFlux,,7.25E+16,2.42E+18,hz
14068.79997,,,seconds,0.162789447,0.0038983,0.0038983,mjy,Spectral,SpectralFlux,3.94E+14,,,hz,,,,6416.881,,,seconds,3.39E-11,7.61E-12,7.61E-12,cgs,Integrated,IntegratedFlux,,7.25E+16,2.42E+18,hz
15148.79997,,,seconds,0.151923952,0.003638105,0.003638105,mjy,Spectral,SpectralFlux,3.94E+14,,,hz,,,,6455.626,,,seconds,5.30E-11,1.19E-11,1.19E-11,cgs,Integrated,IntegratedFlux,,7.25E+16,2.42E+18,hz
16214.40003,,,seconds,0.159083907,0.004249129,0.004249129,mjy,Spectral,SpectralFlux,3.94E+14,,,hz,,,,6518.342,,,seconds,2.29E-11,5.03E-12,5.03E-12,cgs,Integrated,IntegratedFlux,,7.25E+16,2.42E+18,hz
17272.80003,,,seconds,0.142963855,0.003686888,0.003686888,mjy,Spectral,SpectralFlux,3.94E+14,,,hz,,,,6599.64,,,seconds,2.46E-11,5.56E-12,5.56E-12,cgs,Integrated,IntegratedFlux,,7.25E+16,2.42E+18,hz
18349.2,,,seconds,0.138173974,0.003690625,0.003690625,mjy,Spectral,SpectralFlux,3.94E+14,,,hz,,,,6662.96,,,seconds,4.04E-11,8.67E-12,8.67E-12,cgs,Integrated,IntegratedFlux,,7.25E+16,2.42E+18,hz
19425.59997,,,seconds,0.127534079,0.00399375,0.00399375,mjy,Spectral,SpectralFlux,3.94E+14,,,hz,,,,6715.369,,,seconds,3.04E-11,6.86E-12,6.86E-12,cgs,Integrated,IntegratedFlux,,7.25E+16,2.42E+18,hz
5633.999971,,,seconds,0.377768941,0.010438142,0.010438142,mjy,Spectral,SpectralFlux,3.29E+14,,,hz,,,,6769.893,,,seconds,4.03E-11,8.46E-12,8.46E-12,cgs,Integrated,IntegratedFlux,,7.25E+16,2.42E+18,hz
6706.8,,,seconds,0.334523205,0.008627003,0.008627003,mjy,Spectral,SpectralFlux,3.29E+14,,,hz,,,,6829.786,,,seconds,2.90E-11,6.25E-12,6.25E-12,cgs,Integrated,IntegratedFlux,,7.25E+16,2.42E+18,hz
7765.2,,,seconds,0.340428765,0.009092848,0.009092848,mjy,Spectral,SpectralFlux,3.29E+14,,,hz,,,,6893.89,,,seconds,3.37E-11,7.57E-12,7.57E-12,cgs,Integrated,IntegratedFlux,,7.25E+16,2.42E+18,hz
8841.599971,,,seconds,0.284987787,0.008136987,0.008136987,mjy,Spectral,SpectralFlux,3.29E+14,,,hz,,,,6972.073,,,seconds,2.65E-11,4.81E-12,4.81E-12,cgs,Integrated,IntegratedFlux,,7.25E+16,2.42E+18,hz
9896.400029,,,seconds,0.26111165,0.00793626,0.00793626,mjy,Spectral,SpectralFlux,3.29E+14,,,hz,,,,,,,,,,,,,,,,,
10979.99997,,,seconds,0.242787458,0.007602927,0.007602927,mjy,Spectral,SpectralFlux,3.29E+14,,,hz,,,,,,,,,,,,,,,,,
12052.8,,,seconds,0.235736184,0.008467721,0.008467721,mjy,Spectral,SpectralFlux,3.29E+14,,,hz,,,,,,,,,,,,,,,,,
13301.99997,,,seconds,0.217383336,0.009009785,0.009009785,mjy,Spectral,SpectralFlux,3.29E+14,,,hz,,,,,,,,,,,,,,,,,
14381.99997,,,seconds,0.181981085,0.007039652,0.007039652,mjy,Spectral,SpectralFlux,3.29E+14,,,hz,,,,,,,,,,,,,,,,,
15458.40003,,,seconds,0.184173122,0.006785189,0.006785189,mjy,Spectral,SpectralFlux,3.29E+14,,,hz,,,,,,,,,,,,,,,,,
16513.2,,,seconds,0.150254071,0.006089121,0.006089121,mjy,Spectral,SpectralFlux,3.29E+14,,,hz,,,,,,,,,,,,,,,,,
17578.79997,,,seconds,0.165054074,0.006080817,0.006080817,mjy,Spectral,SpectralFlux,3.29E+14,,,hz,,,,,,,,,,,,,,,,,
18655.20003,,,seconds,0.149701533,0.00634249,0.00634249,mjy,Spectral,SpectralFlux,3.29E+14,,,hz,,,,,,,,,,,,,,,,,
19738.79997,,,seconds,0.148739477,0.006027741,0.006027741,mjy,Spectral,SpectralFlux,3.29E+14,,,hz,,,,,,,,,,,,,,,,,
70253.63997,,,seconds,0.057959402,0.001601477,0.001601477,mjy,Spectral,SpectralFlux,2.40E+14,,,hz,,,,,,,,,,,,,,,,,
70804.8,,,seconds,0.053842336,0.001388537,0.001388537,mjy,Spectral,SpectralFlux,2.40E+14,,,hz,,,,,,,,,,,,,,,,,
71077.67997,,,seconds,0.055503951,0.001278026,0.001278026,mjy,Spectral,SpectralFlux,2.40E+14,,,hz,,,,,,,,,,,,,,,,,
71357.76,,,seconds,0.054893876,0.001415656,0.001415656,mjy,Spectral,SpectralFlux,2.40E+14,,,hz,,,,,,,,,,,,,,,,,
71921.15997,,,seconds,0.05389195,0.001340181,0.001340181,mjy,Spectral,SpectralFlux,2.40E+14,,,hz,,,,,,,,,,,,,,,,,
72194.04003,,,seconds,0.053005861,0.001318145,0.001318145,mjy,Spectral,SpectralFlux,2.40E+14,,,hz,,,,,,,,,,,,,,,,,
72743.76003,,,seconds,0.053005861,0.001415786,0.001415786,mjy,Spectral,SpectralFlux,2.40E+14,,,hz,,,,,,,,,,,,,,,,,
73020.24003,,,seconds,0.054090861,0.001444766,0.001444766,mjy,Spectral,SpectralFlux,2.40E+14,,,hz,,,,,,,,,,,,,,,,,
73299.23997,,,seconds,0.054641662,0.001308498,0.001308498,mjy,Spectral,SpectralFlux,2.40E+14,,,hz,,,,,,,,,,,,,,,,,
73847.87997,,,seconds,0.051466413,0.001185058,0.001185058,mjy,Spectral,SpectralFlux,2.40E+14,,,hz,,,,,,,,,,,,,,,,,
74126.88,,,seconds,0.050666849,0.001166647,0.001166647,mjy,Spectral,SpectralFlux,2.40E+14,,,hz,,,,,,,,,,,,,,,,,
74672.99997,,,seconds,0.047372237,0.001265312,0.001265312,mjy,Spectral,SpectralFlux,2.40E+14,,,hz,,,,,,,,,,,,,,,,,
74883.59997,,,seconds,0.083364274,0.002226659,0.002226659,mjy,Spectral,SpectralFlux,1.36E+14,,,hz,,,,,,,,,,,,,,,,,
75089.52003,,,seconds,0.082599986,0.001978012,0.001978012,mjy,Spectral,SpectralFlux,1.36E+14,,,hz,,,,,,,,,,,,,,,,,
75288.96,,,seconds,0.080571226,0.002003639,0.002003639,mjy,Spectral,SpectralFlux,1.36E+14,,,hz,,,,,,,,,,,,,,,,,
75494.52003,,,seconds,0.083441091,0.002151858,0.002151858,mjy,Spectral,SpectralFlux,1.36E+14,,,hz,,,,,,,,,,,,,,,,,
75694.32003,,,seconds,0.079465748,0.001902957,0.001902957,mjy,Spectral,SpectralFlux,1.36E+14,,,hz,,,,,,,,,,,,,,,,,
75889.44,,,seconds,0.079465748,0.001829766,0.001829766,mjy,Spectral,SpectralFlux,1.36E+14,,,hz,,,,,,,,,,,,,,,,,
76096.08003,,,seconds,0.080053435,0.001769567,0.001769567,mjy,Spectral,SpectralFlux,1.36E+14,,,hz,,,,,,,,,,,,,,,,,
76296.23997,,,seconds,0.078955061,0.001890728,0.001890728,mjy,Spectral,SpectralFlux,1.36E+14,,,hz,,,,,,,,,,,,,,,,,
76496.03997,,,seconds,0.078375437,0.001804661,0.001804661,mjy,Spectral,SpectralFlux,1.36E+14,,,hz,,,,,,,,,,,,,,,,,
76696.56003,,,seconds,0.077086792,0.001703989,0.001703989,mjy,Spectral,SpectralFlux,1.36E+14,,,hz,,,,,,,,,,,,,,,,,
76901.03997,,,seconds,0.082144781,0.001815795,0.001815795,mjy,Spectral,SpectralFlux,1.36E+14,,,hz,,,,,,,,,,,,,,,,,
77100.83997,,,seconds,0.077300085,0.001851096,0.001851096,mjy,Spectral,SpectralFlux,1.36E+14,,,hz,,,,,,,,,,,,,,,,,
77302.79997,,,seconds,0.079832545,0.001985269,0.001985269,mjy,Spectral,SpectralFlux,1.36E+14,,,hz,,,,,,,,,,,,,,,,,
77509.44,,,seconds,0.079027815,0.001819683,0.001819683,mjy,Spectral,SpectralFlux,1.36E+14,,,hz,,,,,,,,,,,,,,,,,
78114.95997,,,seconds,0.076520883,0.00169148,0.00169148,mjy,Spectral,SpectralFlux,1.36E+14,,,hz,,,,,,,,,,,,,,,,,
78314.75997,,,seconds,0.079100636,0.001748505,0.001748505,mjy,Spectral,SpectralFlux,1.36E+14,,,hz,,,,,,,,,,,,,,,,,
78519.60003,,,seconds,0.078519943,0.001663349,0.001663349,mjy,Spectral,SpectralFlux,1.36E+14,,,hz,,,,,,,,,,,,,,,,,
78718.32003,,,seconds,0.074985963,0.001726616,0.001726616,mjy,Spectral,SpectralFlux,1.36E+14,,,hz,,,,,,,,,,,,,,,,,
10798.673,,,seconds,1.82E-11,4.76E-12,4.76E-12,cgs,Integrated,IntegratedFlux,,7.25E+16,2.42E+18,hz,,,,,,,,,,,,,,,,,
11181.438,,,seconds,2.51E-11,5.64E-12,5.64E-12,cgs,Integrated,IntegratedFlux,,7.25E+16,2.42E+18,hz,,,,,,,,,,,,,,,,,
11271.925,,,seconds,1.83E-11,4.13E-12,4.13E-12,cgs,Integrated,IntegratedFlux,,7.25E+16,2.42E+18,hz,,,,,,,,,,,,,,,,,
11369.573,,,seconds,1.65E-11,3.73E-12,3.73E-12,cgs,Integrated,IntegratedFlux,,7.25E+16,2.42E+18,hz,,,,,,,,,,,,,,,,,
11489.074,,,seconds,2.02E-11,4.54E-12,4.54E-12,cgs,Integrated,IntegratedFlux,,7.25E+16,2.42E+18,hz,,,,,,,,,,,,,,,,,
11584.227,,,seconds,2.07E-11,4.64E-12,4.64E-12,cgs,Integrated,IntegratedFlux,,7.25E+16,2.42E+18,hz,,,,,,,,,,,,,,,,,
11688.917,,,seconds,2.25E-11,5.07E-12,5.07E-12,cgs,Integrated,IntegratedFlux,,7.25E+16,2.42E+18,hz,,,,,,,,,,,,,,,,,
11781.663,,,seconds,1.94E-11,4.36E-12,4.36E-12,cgs,Integrated,IntegratedFlux,,7.25E+16,2.42E+18,hz,,,,,,,,,,,,,,,,,
11874.198,,,seconds,2.28E-11,5.08E-12,5.08E-12,cgs,Integrated,IntegratedFlux,,7.25E+16,2.42E+18,hz,,,,,,,,,,,,,,,,,
11953.809,,,seconds,2.38E-11,5.36E-12,5.36E-12,cgs,Integrated,IntegratedFlux,,7.25E+16,2.42E+18,hz,,,,,,,,,,,,,,,,,
12027.034,,,seconds,2.85E-11,6.38E-12,6.38E-12,cgs,Integrated,IntegratedFlux,,7.25E+16,2.42E+18,hz,,,,,,,,,,,,,,,,,
12098.664,,,seconds,3.33E-11,7.28E-12,7.28E-12,cgs,Integrated,IntegratedFlux,,7.25E+16,2.42E+18,hz,,,,,,,,,,,,,,,,,
12166.559,,,seconds,2.21E-11,4.98E-12,4.98E-12,cgs,Integrated,IntegratedFlux,,7.25E+16,2.42E+18,hz,,,,,,,,,,,,,,,,,
12260.576,,,seconds,2.30E-11,5.19E-12,5.19E-12,cgs,Integrated,IntegratedFlux,,7.25E+16,2.42E+18,hz,,,,,,,,,,,,,,,,,
12332.917,,,seconds,2.63E-11,5.92E-12,5.92E-12,cgs,Integrated,IntegratedFlux,,7.25E+16,2.42E+18,hz,,,,,,,,,,,,,,,,,
12411.711,,,seconds,2.72E-11,5.95E-12,5.95E-12,cgs,Integrated,IntegratedFlux,,7.25E+16,2.42E+18,hz,,,,,,,,,,,,,,,,,
12510.423,,,seconds,1.94E-11,4.36E-12,4.36E-12,cgs,Integrated,IntegratedFlux,,7.25E+16,2.42E+18,hz,,,,,,,,,,,,,,,,,
12616.1,,,seconds,1.83E-11,4.13E-12,4.13E-12,cgs,Integrated,IntegratedFlux,,7.25E+16,2.42E+18,hz,,,,,,,,,,,,,,,,,
12726.55,,,seconds,2.46E-11,4.41E-12,4.41E-12,cgs,Integrated,IntegratedFlux,,7.25E+16,2.42E+18,hz,,,,,,,,,,,,,,,,,
17811.763,,,seconds,1.44E-11,3.24E-12,3.24E-12,cgs,Integrated,IntegratedFlux,,7.25E+16,2.42E+18,hz,,,,,,,,,,,,,,,,,
17936.644,,,seconds,1.63E-11,3.49E-12,3.49E-12,cgs,Integrated,IntegratedFlux,,7.25E+16,2.42E+18,hz,,,,,,,,,,,,,,,,,
18065.744,,,seconds,1.75E-11,3.83E-12,3.83E-12,cgs,Integrated,IntegratedFlux,,7.25E+16,2.42E+18,hz,,,,,,,,,,,,,,,,,
18178.469,,,seconds,1.22E-11,2.75E-12,2.75E-12,cgs,Integrated,IntegratedFlux,,7.25E+16,2.42E+18,hz,,,,,,,,,,,,,,,,,
18264.469,,,seconds,1.96E-11,4.40E-12,4.40E-12,cgs,Integrated,IntegratedFlux,,7.25E+16,2.42E+18,hz,,,,,,,,,,,,,,,,,
18363.353,,,seconds,1.43E-11,3.21E-12,3.21E-12,cgs,Integrated,IntegratedFlux,,7.25E+16,2.42E+18,hz,,,,,,,,,,,,,,,,,
18514.074,,,seconds,1.36E-11,3.00E-12,3.00E-12,cgs,Integrated,IntegratedFlux,,7.25E+16,2.42E+18,hz,,,,,,,,,,,,,,,,,
23232.688,,,seconds,1.52E-11,5.96E-12,5.96E-12,cgs,Integrated,IntegratedFlux,,7.25E+16,2.42E+18,hz,,,,,,,,,,,,,,,,,
24227.034,,,seconds,6.86E-12,1.25E-12,1.25E-12,cgs,Integrated,IntegratedFlux,,7.25E+16,2.42E+18,hz,,,,,,,,,,,,,,,,,
28703.464,,,seconds,3.94E-12,9.82E-13,9.82E-13,cgs,Integrated,IntegratedFlux,,7.25E+16,2.42E+18,hz,,,,,,,,,,,,,,,,,
29450.275,,,seconds,3.25E-12,7.22E-13,7.22E-13,cgs,Integrated,IntegratedFlux,,7.25E+16,2.42E+18,hz,,,,,,,,,,,,,,,,,
41337.425,,,seconds,4.81E-12,9.36E-13,9.36E-13,cgs,Integrated,IntegratedFlux,,7.25E+16,2.42E+18,hz,,,,,,,,,,,,,,,,,
45094.597,,,seconds,6.96E-12,1.60E-12,1.60E-12,cgs,Integrated,IntegratedFlux,,7.25E+16,2.42E+18,hz,,,,,,,,,,,,,,,,,
45494.611,,,seconds,5.34E-12,1.02E-12,1.02E-12,cgs,Integrated,IntegratedFlux,,7.25E+16,2.42E+18,hz,,,,,,,,,,,,,,,,,
46899.326,,,seconds,5.46E-12,1.22E-12,1.22E-12,cgs,Integrated,IntegratedFlux,,7.25E+16,2.42E+18,hz,,,,,,,,,,,,,,,,,
47213.928,,,seconds,3.07E-12,7.12E-13,7.12E-13,cgs,Integrated,IntegratedFlux,,7.25E+16,2.42E+18,hz,,,,,,,,,,,,,,,,,
50784.16,,,seconds,3.02E-12,7.86E-13,7.86E-13,cgs,Integrated,IntegratedFlux,,7.25E+16,2.42E+18,hz,,,,,,,,,,,,,,,,,
51024.627,,,seconds,5.99E-12,1.31E-12,1.31E-12,cgs,Integrated,IntegratedFlux,,7.25E+16,2.42E+18,hz,,,,,,,,,,,,,,,,,
51184.98,,,seconds,6.22E-12,1.37E-12,1.37E-12,cgs,Integrated,IntegratedFlux,,7.25E+16,2.42E+18,hz,,,,,,,,,,,,,,,,,
51405.484,,,seconds,3.81E-12,9.89E-13,9.89E-13,cgs,Integrated,IntegratedFlux,,7.25E+16,2.42E+18,hz,,,,,,,,,,,,,,,,,
51597.218,,,seconds,4.38E-12,1.01E-12,1.01E-12,cgs,Integrated,IntegratedFlux,,7.25E+16,2.42E+18,hz,,,,,,,,,,,,,,,,,
56622.599,,,seconds,4.70E-12,1.15E-12,1.15E-12,cgs,Integrated,IntegratedFlux,,7.25E+16,2.42E+18,hz,,,,,,,,,,,,,,,,,
56919.301,,,seconds,3.21E-12,8.40E-13,8.40E-13,cgs,Integrated,IntegratedFlux,,7.25E+16,2.42E+18,hz,,,,,,,,,,,,,,,,,
57222.24,,,seconds,4.28E-12,1.12E-12,1.12E-12,cgs,Integrated,IntegratedFlux,,7.25E+16,2.42E+18,hz,,,,,,,,,,,,,,,,,
57470.098,,,seconds,4.18E-12,9.67E-13,9.67E-13,cgs,Integrated,IntegratedFlux,,7.25E+16,2.42E+18,hz,,,,,,,,,,,,,,,,,
62304.401,,,seconds,6.05E-12,1.36E-12,1.36E-12,cgs,Integrated,IntegratedFlux,,7.25E+16,2.42E+18,hz,,,,,,,,,,,,,,,,,
62503.1,,,seconds,5.65E-12,1.27E-12,1.27E-12,cgs,Integrated,IntegratedFlux,,7.25E+16,2.42E+18,hz,,,,,,,,,,,,,,,,,
62715.479,,,seconds,4.68E-12,1.22E-12,1.22E-12,cgs,Integrated,IntegratedFlux,,7.25E+16,2.42E+18,hz,,,,,,,,,,,,,,,,,
62915.565,,,seconds,4.15E-12,1.08E-12,1.08E-12,cgs,Integrated,IntegratedFlux,,7.25E+16,2.42E+18,hz,,,,,,,,,,,,,,,,,
63134.172,,,seconds,3.46E-12,9.07E-13,9.07E-13,cgs,Integrated,IntegratedFlux,,7.25E+16,2.42E+18,hz,,,,,,,,,,,,,,,,,
63492.434,,,seconds,3.36E-12,7.23E-13,7.23E-13,cgs,Integrated,IntegratedFlux,,7.25E+16,2.42E+18,hz,,,,,,,,,,,,,,,,,
68090.323,,,seconds,3.82E-12,9.93E-13,9.93E-13,cgs,Integrated,IntegratedFlux,,7.25E+16,2.42E+18,hz,,,,,,,,,,,,,,,,,
68375.462,,,seconds,3.14E-12,8.22E-13,8.22E-13,cgs,Integrated,IntegratedFlux,,7.25E+16,2.42E+18,hz,,,,,,,,,,,,,,,,,
68655.417,,,seconds,2.84E-12,7.19E-13,7.19E-13,cgs,Integrated,IntegratedFlux,,7.25E+16,2.42E+18,hz,,,,,,,,,,,,,,,,,
68943.66,,,seconds,4.00E-12,1.05E-12,1.05E-12,cgs,Integrated,IntegratedFlux,,7.25E+16,2.42E+18,hz,,,,,,,,,,,,,,,,,
69133.712,,,seconds,4.54E-12,1.18E-12,1.18E-12,cgs,Integrated,IntegratedFlux,,7.25E+16,2.42E+18,hz,,,,,,,,,,,,,,,,,
69343.4,,,seconds,5.93E-12,1.34E-12,1.34E-12,cgs,Integrated,IntegratedFlux,,7.25E+16,2.42E+18,hz,,,,,,,,,,,,,,,,,
69582.608,,,seconds,4.22E-12,9.34E-13,9.34E-13,cgs,Integrated,IntegratedFlux,,7.25E+16,2.42E+18,hz,,,,,,,,,,,,,,,,,
73970.206,,,seconds,4.40E-12,1.10E-12,1.10E-12,cgs,Integrated,IntegratedFlux,,7.25E+16,2.42E+18,hz,,,,,,,,,,,,,,,,,
74321.881,,,seconds,3.04E-12,7.90E-13,7.90E-13,cgs,Integrated,IntegratedFlux,,7.25E+16,2.42E+18,hz,,,,,,,,,,,,,,,,,
74668.53,,,seconds,2.84E-12,7.42E-13,7.42E-13,cgs,Integrated,IntegratedFlux,,7.25E+16,2.42E+18,hz,,,,,,,,,,,,,,,,,
75021.426,,,seconds,3.07E-12,7.95E-13,7.95E-13,cgs,Integrated,IntegratedFlux,,7.25E+16,2.42E+18,hz,,,,,,,,,,,,,,,,,
75414.091,,,seconds,3.05E-12,7.92E-13,7.92E-13,cgs,Integrated,IntegratedFlux,,7.25E+16,2.42E+18,hz,,,,,,,,,,,,,,,,,
75726.676,,,seconds,2.98E-12,7.76E-13,7.76E-13,cgs,Integrated,IntegratedFlux,,7.25E+16,2.42E+18,hz,,,,,,,,,,,,,,,,,
79867.15,,,seconds,2.17E-12,5.68E-13,5.68E-13,cgs,Integrated,IntegratedFlux,,7.25E+16,2.42E+18,hz,,,,,,,,,,,,,,,,,
80420.374,,,seconds,2.06E-12,5.38E-13,5.38E-13,cgs,Integrated,IntegratedFlux,,7.25E+16,2.42E+18,hz,,,,,,,,,,,,,,,,,
80792.56,,,seconds,3.40E-12,8.81E-13,8.81E-13,cgs,Integrated,IntegratedFlux,,7.25E+16,2.42E+18,hz,,,,,,,,,,,,,,,,,
81236.789,,,seconds,2.29E-12,4.82E-13,4.82E-13,cgs,Integrated,IntegratedFlux,,7.25E+16,2.42E+18,hz,,,,,,,,,,,,,,,,,
97163.125,,,seconds,2.34E-12,6.09E-13,6.09E-13,cgs,Integrated,IntegratedFlux,,7.25E+16,2.42E+18,hz,,,,,,,,,,,,,,,,,
97648.674,,,seconds,1.94E-12,5.06E-13,5.06E-13,cgs,Integrated,IntegratedFlux,,7.25E+16,2.42E+18,hz,,,,,,,,,,,,,,,,,
98030.98,,,seconds,2.52E-12,6.54E-13,6.54E-13,cgs,Integrated,IntegratedFlux,,7.25E+16,2.42E+18,hz,,,,,,,,,,,,,,,,,
98512.514,,,seconds,1.69E-12,4.42E-13,4.42E-13,cgs,Integrated,IntegratedFlux,,7.25E+16,2.42E+18,hz,,,,,,,,,,,,,,,,,
99067.152,,,seconds,1.84E-12,4.06E-13,4.06E-13,cgs,Integrated,IntegratedFlux,,7.25E+16,2.42E+18,hz,,,,,,,,,,,,,,,,,
102886.549,,,seconds,2.88E-12,7.45E-13,7.45E-13,cgs,Integrated,IntegratedFlux,,7.25E+16,2.42E+18,hz,,,,,,,,,,,,,,,,,
103273.482,,,seconds,2.08E-12,5.41E-13,5.41E-13,cgs,Integrated,IntegratedFlux,,7.25E+16,2.42E+18,hz,,,,,,,,,,,,,,,,,
103725.305,,,seconds,1.95E-12,5.09E-13,5.09E-13,cgs,Integrated,IntegratedFlux,,7.25E+16,2.42E+18,hz,,,,,,,,,,,,,,,,,
104233.654,,,seconds,1.98E-12,4.99E-13,4.99E-13,cgs,Integrated,IntegratedFlux,,7.25E+16,2.42E+18,hz,,,,,,,,,,,,,,,,,
104821.321,,,seconds,2.10E-12,4.11E-13,4.11E-13,cgs,Integrated,IntegratedFlux,,7.25E+16,2.42E+18,hz,,,,,,,,,,,,,,,,,
108810.073,,,seconds,1.71E-12,4.58E-13,4.58E-13,cgs,Integrated,IntegratedFlux,,7.25E+16,2.42E+18,hz,,,,,,,,,,,,,,,,,
109462.996,,,seconds,1.63E-12,4.28E-13,4.28E-13,cgs,Integrated,IntegratedFlux,,7.25E+16,2.42E+18,hz,,,,,,,,,,,,,,,,,
110036.775,,,seconds,1.74E-12,3.75E-13,3.75E-13,cgs,Integrated,IntegratedFlux,,7.25E+16,2.42E+18,hz,,,,,,,,,,,,,,,,,
155648.622,,,seconds,9.26E-13,2.04E-13,2.04E-13,cgs,Integrated,IntegratedFlux,,7.25E+16,2.42E+18,hz,,,,,,,,,,,,,,,,,
160780.542,,,seconds,1.14E-12,2.99E-13,2.99E-13,cgs,Integrated,IntegratedFlux,,7.25E+16,2.42E+18,hz,,,,,,,,,,,,,,,,,
161974.066,,,seconds,1.20E-12,2.40E-13,2.40E-13,cgs,Integrated,IntegratedFlux,,7.25E+16,2.42E+18,hz,,,,,,,,,,,,,,,,,
209543.81,,,seconds,6.06E-13,1.53E-13,1.53E-13,cgs,Integrated,IntegratedFlux,,7.25E+16,2.42E+18,hz,,,,,,,,,,,,,,,,,
259455.411,,,seconds,9.53E-13,1.90E-13,1.90E-13,cgs,Integrated,IntegratedFlux,,7.25E+16,2.42E+18,hz,,,,,,,,,,,,,,,,,
265411.077,,,seconds,6.30E-13,1.62E-13,1.62E-13,cgs,Integrated,IntegratedFlux,,7.25E+16,2.42E+18,hz,,,,,,,,,,,,,,,,,
271133.347,,,seconds,5.71E-13,1.46E-13,1.46E-13,cgs,Integrated,IntegratedFlux,,7.25E+16,2.42E+18,hz,,,,,,,,,,,,,,,,,
276839.406,,,seconds,6.01E-13,1.54E-13,1.54E-13,cgs,Integrated,IntegratedFlux,,7.25E+16,2.42E+18,hz,,,,,,,,,,,,,,,,,
282889.83,,,seconds,6.58E-13,1.60E-13,1.60E-13,cgs,Integrated,IntegratedFlux,,7.25E+16,2.42E+18,hz,,,,,,,,,,,,,,,,,
329143.637,,,seconds,6.42E-13,1.61E-13,1.61E-13,cgs,Integrated,IntegratedFlux,,7.25E+16,2.42E+18,hz,,,,,,,,,,,,,,,,,
338387.704,,,seconds,3.82E-13,9.41E-14,9.41E-14,cgs,Integrated,IntegratedFlux,,7.25E+16,2.42E+18,hz,,,,,,,,,,,,,,,,,
367080.591,,,seconds,5.45E-13,1.01E-13,1.01E-13,cgs,Integrated,IntegratedFlux,,7.25E+16,2.42E+18,hz,,,,,,,,,,,,,,,,,
440276.903,,,seconds,2.78E-13,5.01E-14,5.01E-14,cgs,Integrated,IntegratedFlux,,7.25E+16,2.42E+18,hz,,,,,,,,,,,,,,,,,
507159.019,,,seconds,3.54E-13,7.08E-14,7.08E-14,cgs,Integrated,IntegratedFlux,,7.25E+16,2.42E+18,hz,,,,,,,,,,,,,,,,,
542958.665,,,seconds,3.48E-13,7.37E-14,7.37E-14,cgs,Integrated,IntegratedFlux,,7.25E+16,2.42E+18,hz,,,,,,,,,,,,,,,,,
590909.209,,,seconds,1.98E-13,4.78E-14,4.78E-14,cgs,Integrated,IntegratedFlux,,7.25E+16,2.42E+18,hz,,,,,,,,,,,,,,,,,
660782.5,,,seconds,1.54E-13,3.67E-14,3.67E-14,cgs,Integrated,IntegratedFlux,,7.25E+16,2.42E+18,hz,,,,,,,,,,,,,,,,,
868575.379,,,seconds,1.13E-13,2.94E-14,2.94E-14,cgs,Integrated,IntegratedFlux,,7.25E+16,2.42E+18,hz,,,,,,,,,,,,,,,,,
1012818.115,,,seconds,1.10E-13,2.46E-14,2.46E-14,cgs,Integrated,IntegratedFlux,,7.25E+16,2.42E+18,hz,,,,,,,,,,,,,,,,,
1542748.43,,,seconds,3.86E-14,1.18E-14,1.18E-14,cgs,Integrated,IntegratedFlux,,7.25E+16,2.42E+18,hz,,,,,,,,,,,,,,,,,
206,148,354.948,seconds,-2.62E+00,7.00E-02,7.00E-02,cgs,SpectralIndex,SpectralIndex,,7.25E+16,2.42E+18,hz,,,,,,,,,,,,,,,,,
20545,354.948,81694,seconds,-9.40E-01,7.00E-02,7.00E-02,cgs,SpectralIndex,SpectralIndex,,7.25E+16,2.42E+18,hz,,,,,,,,,,,,,,,,,
,,,,,,,,,,,,,,,,,,,,,,,,,,,,,,
,,,,,,,,,,,,,,,,,,,,,,,,,,,,,,
,,,,,,,,,,,,,,,,,,,,,,,,,,,,,,
,,,,,,,,,,,,,,,,,,,,,,,,,,,,,,
,,,,,,,,,,,,,,,,,,,,,,,,,,,,,,
,,,,,,,,,,,,,,,,,,,,,,,,,,,,,,
,,,,,,,,,,,,,,,,,,,,,,,,,,,,,,
,,,,,,,,,,,,,,,,,,,,,,,,,,,,,,
,,,,,,,,,,,,,,,,,,,,,,,,,,,,,,
,,,,,,,,,,,,,,,,,,,,,,,,,,,,,,
,,,,,,,,,,,,,,,,,,,,,,,,,,,,,,
,,,,,,,,,,,,,,,,,,,,,,,,,,,,,,
,,,,,,,,,,,,,,,,,,,,,,,,,,,,,,
,,,,,,,,,,,,,,,,,,,,,,,,,,,,,,
,,,,,,,,,,,,,,,,,,,,,,,,,,,,,,
,,,,,,,,,,,,,,,,,,,,,,,,,,,,,,
,,,,,,,,,,,,,,,,,,,,,,,,,,,,,,
,,,,,,,,,,,,,,,,,,,,,,,,,,,,,,
,,,,,,,,,,,,,,,,,,,,,,,,,,,,,,
,,,,,,,,,,,,,,,,,,,,,,,,,,,,,,
,,,,,,,,,,,,,,,,,,,,,,,,,,,,,,
,,,,,,,,,,,,,,,,,,,,,,,,,,,,,,
,,,,,,,,,,,,,,,,,,,,,,,,,,,,,,
,,,,,,,,,,,,,,,,,,,,,,,,,,,,,,
,,,,,,,,,,,,,,,,,,,,,,,,,,,,,,
,,,,,,,,,,,,,,,,,,,,,,,,,,,,,,
,,,,,,,,,,,,,,,,,,,,,,,,,,,,,,
,,,,,,,,,,,,,,,,,,,,,,,,,,,,,,
,,,,,,,,,,,,,,,,,,,,,,,,,,,,,,
,,,,,,,,,,,,,,,,,,,,,,,,,,,,,,
,,,,,,,,,,,,,,,,,,,,,,,,,,,,,,
,,,,,,,,,,,,,,,,,,,,,,,,,,,,,,
,,,,,,,,,,,,,,,,,,,,,,,,,,,,,,
,,,,,,,,,,,,,,,,,,,,,,,,,,,,,,
,,,,,,,,,,,,,,,,,,,,,,,,,,,,,,
,,,,,,,,,,,,,,,,,,,,,,,,,,,,,,
,,,,,,,,,,,,,,,,,,,,,,,,,,,,,,
,,,,,,,,,,,,,,,,,,,,,,,,,,,,,,
,,,,,,,,,,,,,,,,,,,,,,,,,,,,,,
,,,,,,,,,,,,,,,,,,,,,,,,,,,,,,
,,,,,,,,,,,,,,,,,,,,,,,,,,,,,,
,,,,,,,,,,,,,,,,,,,,,,,,,,,,,,
,,,,,,,,,,,,,,,,,,,,,,,,,,,,,,
,,,,,,,,,,,,,,,,,,,,,,,,,,,,,,
,,,,,,,,,,,,,,,,,,,,,,,,,,,,,,
,,,,,,,,,,,,,,,,,,,,,,,,,,,,,,
,,,,,,,,,,,,,,,,,,,,,,,,,,,,,,
,,,,,,,,,,,,,,,,,,,,,,,,,,,,,,
,,,,,,,,,,,,,,,,,,,,,,,,,,,,,,
,,,,,,,,,,,,,,,,,,,,,,,,,,,,,,
,,,,,,,,,,,,,,,,,,,,,,,,,,,,,,
,,,,,,,,,,,,,,,,,,,,,,,,,,,,,,
,,,,,,,,,,,,,,,,,,,,,,,,,,,,,,
,,,,,,,,,,,,,,,,,,,,,,,,,,,,,,
,,,,,,,,,,,,,,,,,,,,,,,,,,,,,,
,,,,,,,,,,,,,,,,,,,,,,,,,,,,,,
,,,,,,,,,,,,,,,,,,,,,,,,,,,,,,
,,,,,,,,,,,,,,,,,,,,,,,,,,,,,,
,,,,,,,,,,,,,,,,,,,,,,,,,,,,,,
,,,,,,,,,,,,,,,,,,,,,,,,,,,,,,
,,,,,,,,,,,,,,,,,,,,,,,,,,,,,,
,,,,,,,,,,,,,,,,,,,,,,,,,,,,,,
,,,,,,,,,,,,,,,,,,,,,,,,,,,,,,
,,,,,,,,,,,,,,,,,,,,,,,,,,,,,,
,,,,,,,,,,,,,,,,,,,,,,,,,,,,,,
,,,,,,,,,,,,,,,,,,,,,,,,,,,,,,
,,,,,,,,,,,,,,,,,,,,,,,,,,,,,,
,,,,,,,,,,,,,,,,,,,,,,,,,,,,,,
,,,,,,,,,,,,,,,,,,,,,,,,,,,,,,
,,,,,,,,,,,,,,,,,,,,,,,,,,,,,,
,,,,,,,,,,,,,,,,,,,,,,,,,,,,,,
,,,,,,,,,,,,,,,,,,,,,,,,,,,,,,
,,,,,,,,,,,,,,,,,,,,,,,,,,,,,,
,,,,,,,,,,,,,,,,,,,,,,,,,,,,,,
,,,,,,,,,,,,,,,,,,,,,,,,,,,,,,
,,,,,,,,,,,,,,,,,,,,,,,,,,,,,,
,,,,,,,,,,,,,,,,,,,,,,,,,,,,,,
,,,,,,,,,,,,,,,,,,,,,,,,,,,,,,
,,,,,,,,,,,,,,,,,,,,,,,,,,,,,,
,,,,,,,,,,,,,,,,,,,,,,,,,,,,,,
,,,,,,,,,,,,,,,,,,,,,,,,,,,,,,
,,,,,,,,,,,,,,,,,,,,,,,,,,,,,,
,,,,,,,,,,,,,,,,,,,,,,,,,,,,,,
,,,,,,,,,,,,,,,,,,,,,,,,,,,,,,
,,,,,,,,,,,,,,,,,,,,,,,,,,,,,,
,,,,,,,,,,,,,,,,,,,,,,,,,,,,,,
,,,,,,,,,,,,,,,,,,,,,,,,,,,,,,
,,,,,,,,,,,,,,,,,,,,,,,,,,,,,,
,,,,,,,,,,,,,,,,,,,,,,,,,,,,,,
,,,,,,,,,,,,,,,,,,,,,,,,,,,,,,
,,,,,,,,,,,,,,,,,,,,,,,,,,,,,,
,,,,,,,,,,,,,,,,,,,,,,,,,,,,,,
,,,,,,,,,,,,,,,,,,,,,,,,,,,,,,
,,,,,,,,,,,,,,,,,,,,,,,,,,,,,,
,,,,,,,,,,,,,,,,,,,,,,,,,,,,,,
,,,,,,,,,,,,,,,,,,,,,,,,,,,,,,
,,,,,,,,,,,,,,,,,,,,,,,,,,,,,,
,,,,,,,,,,,,,,,,,,,,,,,,,,,,,,
,,,,,,,,,,,,,,,,,,,,,,,,,,,,,,
,,,,,,,,,,,,,,,,,,,,,,,,,,,,,,
,,,,,,,,,,,,,,,,,,,,,,,,,,,,,,
,,,,,,,,,,,,,,,,,,,,,,,,,,,,,,
,,,,,,,,,,,,,,,,,,,,,,,,,,,,,,
,,,,,,,,,,,,,,,,,,,,,,,,,,,,,,
,,,,,,,,,,,,,,,,,,,,,,,,,,,,,,
,,,,,,,,,,,,,,,,,,,,,,,,,,,,,,
,,,,,,,,,,,,,,,,,,,,,,,,,,,,,,
,,,,,,,,,,,,,,,,,,,,,,,,,,,,,,
,,,,,,,,,,,,,,,,,,,,,,,,,,,,,,
,,,,,,,,,,,,,,,,,,,,,,,,,,,,,,
,,,,,,,,,,,,,,,,,,,,,,,,,,,,,,
,,,,,,,,,,,,,,,,,,,,,,,,,,,,,,
,,,,,,,,,,,,,,,,,,,,,,,,,,,,,,
,,,,,,,,,,,,,,,,,,,,,,,,,,,,,,
,,,,,,,,,,,,,,,,,,,,,,,,,,,,,,
,,,,,,,,,,,,,,,,,,,,,,,,,,,,,,
,,,,,,,,,,,,,,,,,,,,,,,,,,,,,,
,,,,,,,,,,,,,,,,,,,,,,,,,,,,,,
,,,,,,,,,,,,,,,,,,,,,,,,,,,,,,
,,,,,,,,,,,,,,,,,,,,,,,,,,,,,,
,,,,,,,,,,,,,,,,,,,,,,,,,,,,,,
,,,,,,,,,,,,,,,,,,,,,,,,,,,,,,
,,,,,,,,,,,,,,,,,,,,,,,,,,,,,,
,,,,,,,,,,,,,,,,,,,,,,,,,,,,,,
,,,,,,,,,,,,,,,,,,,,,,,,,,,,,,
,,,,,,,,,,,,,,,,,,,,,,,,,,,,,,
,,,,,,,,,,,,,,,,,,,,,,,,,,,,,,
,,,,,,,,,,,,,,,,,,,,,,,,,,,,,,
,,,,,,,,,,,,,,,,,,,,,,,,,,,,,,
,,,,,,,,,,,,,,,,,,,,,,,,,,,,,,
,,,,,,,,,,,,,,,,,,,,,,,,,,,,,,
,,,,,,,,,,,,,,,,,,,,,,,,,,,,,,
,,,,,,,,,,,,,,,,,,,,,,,,,,,,,,
,,,,,,,,,,,,,,,,,,,,,,,,,,,,,,
,,,,,,,,,,,,,,,,,,,,,,,,,,,,,,
,,,,,,,,,,,,,,,,,,,,,,,,,,,,,,
,,,,,,,,,,,,,,,,,,,,,,,,,,,,,,
,,,,,,,,,,,,,,,,,,,,,,,,,,,,,,
,,,,,,,,,,,,,,,,,,,,,,,,,,,,,,
,,,,,,,,,,,,,,,,,,,,,,,,,,,,,,
,,,,,,,,,,,,,,,,,,,,,,,,,,,,,,
,,,,,,,,,,,,,,,,,,,,,,,,,,,,,,
,,,,,,,,,,,,,,,,,,,,,,,,,,,,,,
,,,,,,,,,,,,,,,,,,,,,,,,,,,,,,
,,,,,,,,,,,,,,,,,,,,,,,,,,,,,,
,,,,,,,,,,,,,,,,,,,,,,,,,,,,,,
,,,,,,,,,,,,,,,,,,,,,,,,,,,,,,
,,,,,,,,,,,,,,,,,,,,,,,,,,,,,,
,,,,,,,,,,,,,,,,,,,,,,,,,,,,,,
,,,,,,,,,,,,,,,,,,,,,,,,,,,,,,
,,,,,,,,,,,,,,,,,,,,,,,,,,,,,,
,,,,,,,,,,,,,,,,,,,,,,,,,,,,,,
,,,,,,,,,,,,,,,,,,,,,,,,,,,,,,
,,,,,,,,,,,,,,,WT,,,,,,,,,,,,,,,
,,,,,,,,,,,,,,,PC,,,,,,,,,,,,,,,
