Time,TimeLower,TimeUpper,TimeUnits,Value,ValueLower,ValueUpper,ValueUnits,ValueType,Wave,WaveLower,WaveUpper,WaveUnits,Filter,CalGroup,DataGroup,,
588.9600288,,,s,0.450816705,0.032408685,0.032408685,mJy,Spectral Flux,4.35E+14,,,Hz,R,R_offset,early,,-29411.03997
667.8000288,,,s,0.467735141,0.039186621,0.039186621,mJy,Spectral Flux,4.35E+14,,,Hz,R,R_offset,early,,-29332.19997
746.9999712,,,s,0.47599238,0.029308788,0.029308788,mJy,Spectral Flux,4.35E+14,,,Hz,R,R_offset,early,,-29253.00003
825.8399712,,,s,0.43411021,0.04290917,0.04290917,mJy,Spectral Flux,4.35E+14,,,Hz,R,R_offset,early,,-29174.16003
903.96,,,s,0.38583356,0.032324947,0.032324947,mJy,Spectral Flux,4.35E+14,,,Hz,R,R_offset,early,,-29096.04
982.8,,,s,0.401790811,0.032303099,0.032303099,mJy,Spectral Flux,4.35E+14,,,Hz,R,R_offset,early,,-29017.2
1060.920029,,,s,0.387971657,0.035438476,0.035438476,mJy,Spectral Flux,4.35E+14,,,Hz,R,R_offset,early,,-28939.07997
1139.039971,,,s,0.40926066,0.03943248,0.03943248,mJy,Spectral Flux,4.35E+14,,,Hz,R,R_offset,early,,-28860.96003
1217.879971,,,s,0.383354001,0.035977849,0.035977849,mJy,Spectral Flux,4.35E+14,,,Hz,R,R_offset,early,,-28782.12003
1296.719971,,,s,0.425794454,0.030245719,0.030245719,mJy,Spectral Flux,4.35E+14,,,Hz,R,R_offset,early,,-28703.28003
1374.84,,,s,0.361409863,0.038709094,0.038709094,mJy,Spectral Flux,4.35E+14,,,Hz,R,R_offset,early,,-28625.16
1452.960029,,,s,0.335737614,0.036511151,0.036511151,mJy,Spectral Flux,4.35E+14,,,Hz,R,R_offset,early,,-28547.03997
1531.800029,,,s,0.382648487,0.045361178,0.045361178,mJy,Spectral Flux,4.35E+14,,,Hz,R,R_offset,early,,-28468.19997
1609.919971,,,s,0.369487712,0.041694467,0.041694467,mJy,Spectral Flux,4.35E+14,,,Hz,R,R_offset,early,,-28390.08003
1688.759971,,,s,0.320626932,0.043167176,0.043167176,mJy,Spectral Flux,4.35E+14,,,Hz,R,R_offset,early,,-28311.24003
1766.88,,,s,0.299226464,0.038370962,0.038370962,mJy,Spectral Flux,4.35E+14,,,Hz,R,R_offset,early,,-28233.12
1845.72,,,s,0.394457302,0.044189675,0.044189675,mJy,Spectral Flux,4.35E+14,,,Hz,R,R_offset,early,,-28154.28
1923.840029,,,s,0.329609712,0.040142086,0.040142086,mJy,Spectral Flux,4.35E+14,,,Hz,R,R_offset,early,,-28076.15997
2003.039971,,,s,0.411907785,0.038657627,0.038657627,mJy,Spectral Flux,4.35E+14,,,Hz,R,R_offset,early,,-27996.96003
2080.799971,,,s,0.347696245,0.040369752,0.040369752,mJy,Spectral Flux,4.35E+14,,,Hz,R,R_offset,early,,-27919.20003
588.9600288,,,s,0.450816705,0.032408685,0.032408685,mJy,Spectral Flux,4.35E+14,,,Hz,R,R_offset,early,,-29411.03997
667.8000288,,,s,0.467735141,0.039186621,0.039186621,mJy,Spectral Flux,4.35E+14,,,Hz,R,R_offset,early,,-29332.19997
746.9999712,,,s,0.47599238,0.029308788,0.029308788,mJy,Spectral Flux,4.35E+14,,,Hz,R,R_offset,early,,-29253.00003
825.8399712,,,s,0.43411021,0.04290917,0.04290917,mJy,Spectral Flux,4.35E+14,,,Hz,R,R_offset,early,,-29174.16003
903.96,,,s,0.38583356,0.032324947,0.032324947,mJy,Spectral Flux,4.35E+14,,,Hz,R,R_offset,early,,-29096.04
982.8,,,s,0.401790811,0.032303099,0.032303099,mJy,Spectral Flux,4.35E+14,,,Hz,R,R_offset,early,,-29017.2
1060.920029,,,s,0.387971657,0.035438476,0.035438476,mJy,Spectral Flux,4.35E+14,,,Hz,R,R_offset,early,,-28939.07997
1139.039971,,,s,0.40926066,0.03943248,0.03943248,mJy,Spectral Flux,4.35E+14,,,Hz,R,R_offset,early,,-28860.96003
1217.879971,,,s,0.383354001,0.035977849,0.035977849,mJy,Spectral Flux,4.35E+14,,,Hz,R,R_offset,early,,-28782.12003
1296.719971,,,s,0.425794454,0.030245719,0.030245719,mJy,Spectral Flux,4.35E+14,,,Hz,R,R_offset,early,,-28703.28003
1374.84,,,s,0.361409863,0.038709094,0.038709094,mJy,Spectral Flux,4.35E+14,,,Hz,R,R_offset,early,,-28625.16
1452.960029,,,s,0.335737614,0.036511151,0.036511151,mJy,Spectral Flux,4.35E+14,,,Hz,R,R_offset,early,,-28547.03997
1531.800029,,,s,0.382648487,0.045361178,0.045361178,mJy,Spectral Flux,4.35E+14,,,Hz,R,R_offset,early,,-28468.19997
1609.919971,,,s,0.369487712,0.041694467,0.041694467,mJy,Spectral Flux,4.35E+14,,,Hz,R,R_offset,early,,-28390.08003
1688.759971,,,s,0.320626932,0.043167176,0.043167176,mJy,Spectral Flux,4.35E+14,,,Hz,R,R_offset,early,,-28311.24003
1766.88,,,s,0.299226464,0.038370962,0.038370962,mJy,Spectral Flux,4.35E+14,,,Hz,R,R_offset,early,,-28233.12
1845.72,,,s,0.394457302,0.044189675,0.044189675,mJy,Spectral Flux,4.35E+14,,,Hz,R,R_offset,early,,-28154.28
1923.840029,,,s,0.329609712,0.040142086,0.040142086,mJy,Spectral Flux,4.35E+14,,,Hz,R,R_offset,early,,-28076.15997
2003.039971,,,s,0.411907785,0.038657627,0.038657627,mJy,Spectral Flux,4.35E+14,,,Hz,R,R_offset,early,,-27996.96003
2080.799971,,,s,0.347696245,0.040369752,0.040369752,mJy,Spectral Flux,4.35E+14,,,Hz,R,R_offset,early,,-27919.20003
2280.96,,,s,0.369147558,0.018557174,0.018557174,mJy,Spectral Flux,4.35E+14,,,Hz,R,R_offset,early,,-27719.04
2599.199971,,,s,0.310455959,0.015606727,0.015606727,mJy,Spectral Flux,4.35E+14,,,Hz,R,R_offset,early,,-27400.80003
3283.2,,,s,0.286022369,0.015127986,0.015127986,mJy,Spectral Flux,4.35E+14,,,Hz,R,R_offset,early,,-26716.8
3924.72,,,s,0.285759054,0.014864671,0.014864671,mJy,Spectral Flux,4.35E+14,,,Hz,R,R_offset,early,,-26075.28
4566.959971,,,s,0.272144775,0.014631276,0.014631276,mJy,Spectral Flux,4.35E+14,,,Hz,R,R_offset,early,,-25433.04003
5208.120029,,,s,0.223460106,0.013179122,0.013179122,mJy,Spectral Flux,4.35E+14,,,Hz,R,R_offset,early,,-24791.87997
5849.999971,,,s,0.224284882,0.012058192,0.012058192,mJy,Spectral Flux,4.35E+14,,,Hz,R,R_offset,early,,-24150.00003
6492.240029,,,s,0.214783047,0.011172627,0.011172627,mJy,Spectral Flux,4.35E+14,,,Hz,R,R_offset,early,,-23507.75997
7134.119971,,,s,0.198975681,0.010350357,0.010350357,mJy,Spectral Flux,4.35E+14,,,Hz,R,R_offset,early,,-22865.88003
7775.280029,,,s,0.192132131,0.012493391,0.012493391,mJy,Spectral Flux,4.35E+14,,,Hz,R,R_offset,early,,-22224.71997
8417.159971,,,s,0.172663285,0.016348521,0.016348521,mJy,Spectral Flux,4.35E+14,,,Hz,R,R_offset,early,,-21582.84003
9059.04,,,s,0.156602972,0.010721546,0.010721546,mJy,Spectral Flux,4.35E+14,,,Hz,R,R_offset,early,,-20940.96
9700.199971,,,s,0.169044093,0.010700681,0.010700681,mJy,Spectral Flux,4.35E+14,,,Hz,R,R_offset,early,,-20299.80003
10342.08,,,s,0.163983443,0.009813397,0.009813397,mJy,Spectral Flux,4.35E+14,,,Hz,R,R_offset,early,,-19657.92
10983.96003,,,s,0.167803108,0.008582235,0.008582235,mJy,Spectral Flux,4.35E+14,,,Hz,R,R_offset,early,,-19016.03997
11626.2,,,s,0.153886315,0.008541347,0.008541347,mJy,Spectral Flux,4.35E+14,,,Hz,R,R_offset,early,,-18373.8
12267.00003,,,s,0.142036512,0.009235924,0.009235924,mJy,Spectral Flux,4.35E+14,,,Hz,R,R_offset,early,,-17732.99997
12909.24,,,s,0.129897263,0.009781501,0.009781501,mJy,Spectral Flux,4.35E+14,,,Hz,R,R_offset,early,,-17090.76
13551.12003,,,s,0.143615065,0.01479011,0.01479011,mJy,Spectral Flux,4.35E+14,,,Hz,R,R_offset,early,,-16448.87997
14192.28,,,s,0.162480034,0.019919274,0.019919274,mJy,Spectral Flux,4.35E+14,,,Hz,R,R_offset,early,,-15807.72
15476.03997,,,s,0.132312233,0.015146666,0.015146666,mJy,Spectral Flux,4.35E+14,,,Hz,R,R_offset,early,,-14523.96003
16118.28003,,,s,0.120337227,0.014460624,0.014460624,mJy,Spectral Flux,4.35E+14,,,Hz,R,R_offset,early,,-13881.71997
16759.07997,,,s,0.132800589,0.011461704,0.011461704,mJy,Spectral Flux,4.35E+14,,,Hz,R,R_offset,early,,-13240.92003
17400.96,,,s,0.098627949,0.010644699,0.010644699,mJy,Spectral Flux,4.35E+14,,,Hz,R,R_offset,early,,-12599.04
18043.19997,,,s,0.120559101,0.045466007,0.045466007,mJy,Spectral Flux,4.35E+14,,,Hz,R,R_offset,early,,-11956.80003
18684,,,s,0.127291675,0.01560535,0.01560535,mJy,Spectral Flux,4.35E+14,,,Hz,R,R_offset,early,,-11316
21251.16,,,s,0.094102248,0.008121742,0.008121742,mJy,Spectral Flux,4.35E+14,,,Hz,R,R_offset,early,,-8748.84
2805.120029,,,s,0.267670186,0.01901358,0.01901358,mJy,Spectral Flux,5.47E+14,,,Hz,V,V_offset,early,,-27194.87997
3453.84,,,s,0.290001337,0.019106954,0.019106954,mJy,Spectral Flux,5.47E+14,,,Hz,V,V_offset,early,,-26546.16
4096.079971,,,s,0.223254386,0.017191395,0.017191395,mJy,Spectral Flux,5.47E+14,,,Hz,V,V_offset,early,,-25903.92003
4737.96,,,s,0.218574755,0.018127552,0.018127552,mJy,Spectral Flux,5.47E+14,,,Hz,V,V_offset,early,,-25262.04
5379.119971,,,s,0.221411411,0.017049479,0.017049479,mJy,Spectral Flux,5.47E+14,,,Hz,V,V_offset,early,,-24620.88003
6021,,,s,0.189147236,0.012462106,0.012462106,mJy,Spectral Flux,5.47E+14,,,Hz,V,V_offset,early,,-23979
6662.880029,,,s,0.1900203,0.013984905,0.013984905,mJy,Spectral Flux,5.47E+14,,,Hz,V,V_offset,early,,-23337.11997
7304.04,,,s,0.162031704,0.010675579,0.010675579,mJy,Spectral Flux,5.47E+14,,,Hz,V,V_offset,early,,-22695.96
7945.920029,,,s,0.148593564,0.013945535,0.013945535,mJy,Spectral Flux,5.47E+14,,,Hz,V,V_offset,early,,-22054.07997
8588.16,,,s,0.13652117,0.01462221,0.01462221,mJy,Spectral Flux,5.47E+14,,,Hz,V,V_offset,early,,-21411.84
9230.040029,,,s,0.127291675,0.013947292,0.013947292,mJy,Spectral Flux,5.47E+14,,,Hz,V,V_offset,early,,-20769.95997
9870.839971,,,s,0.132556186,0.011774803,0.011774803,mJy,Spectral Flux,5.47E+14,,,Hz,V,V_offset,early,,-20129.16003
10513.08003,,,s,0.154739076,0.007778786,0.007778786,mJy,Spectral Flux,5.47E+14,,,Hz,V,V_offset,early,,-19486.91997
11154.95997,,,s,0.140863995,0.008185664,0.008185664,mJy,Spectral Flux,5.47E+14,,,Hz,V,V_offset,early,,-18845.04003
11796.12003,,,s,0.131704314,0.00810957,0.00810957,mJy,Spectral Flux,5.47E+14,,,Hz,V,V_offset,early,,-18203.87997
12437.99997,,,s,0.099448904,0.011465654,0.011465654,mJy,Spectral Flux,5.47E+14,,,Hz,V,V_offset,early,,-17562.00003
13079.88,,,s,0.132556186,0.010094566,0.010094566,mJy,Spectral Flux,5.47E+14,,,Hz,V,V_offset,early,,-16920.12
13722.11997,,,s,0.134400226,0.021055844,0.021055844,mJy,Spectral Flux,5.47E+14,,,Hz,V,V_offset,early,,-16277.88003
15647.04,,,s,0.103944138,0.01644576,0.01644576,mJy,Spectral Flux,5.47E+14,,,Hz,V,V_offset,early,,-14352.96
16287.84003,,,s,0.09479818,0.010619909,0.010619909,mJy,Spectral Flux,5.47E+14,,,Hz,V,V_offset,early,,-13712.15997
16930.08,,,s,0.114498553,0.01245161,0.01245161,mJy,Spectral Flux,5.47E+14,,,Hz,V,V_offset,early,,-13069.92
17571.96003,,,s,0.081357951,0.010563372,0.010563372,mJy,Spectral Flux,5.47E+14,,,Hz,V,V_offset,early,,-12428.03997
20139.12003,,,s,0.09103324,0.008543488,0.008543488,mJy,Spectral Flux,5.47E+14,,,Hz,V,V_offset,early,,-9860.87997
20779.91997,,,s,0.056545754,0.011046948,0.011046948,mJy,Spectral Flux,5.47E+14,,,Hz,V,V_offset,early,,-9220.08003
21422.16003,,,s,0.07848741,0.008406457,0.008406457,mJy,Spectral Flux,5.47E+14,,,Hz,V,V_offset,early,,-8577.83997
89351.27997,,,s,0.01650441,0.000887324,0.000887324,mJy,Spectral Flux,6.86E+14,,,Hz,B,B_offset,late,,59351.27997
91463.04,,,s,0.014804713,0.000847459,0.000847459,mJy,Spectral Flux,6.86E+14,,,Hz,B,B_offset,late,,61463.04
93696.84003,,,s,0.014641986,0.000812693,0.000812693,mJy,Spectral Flux,6.86E+14,,,Hz,B,B_offset,late,,63696.84003
182547.36,,,s,0.006103796,0.000537068,0.000537068,mJy,Spectral Flux,6.86E+14,,,Hz,B,B_offset,late,,152547.36
88692.47997,,,s,0.020511622,0.001102763,0.001102763,mJy,Spectral Flux,5.47E+14,,,Hz,V,V_offset,late,,58692.47997
90821.15997,,,s,0.017782794,0.001002483,0.001002483,mJy,Spectral Flux,5.47E+14,,,Hz,V,V_offset,late,,60821.15997
92996.27997,,,s,0.018450154,0.001008005,0.001008005,mJy,Spectral Flux,5.47E+14,,,Hz,V,V_offset,late,,62996.27997
181901.88,,,s,0.008053784,0.000735656,0.000735656,mJy,Spectral Flux,5.47E+14,,,Hz,V,V_offset,late,,151901.88
3115.439971,,,s,0.316227766,0.002899194,0.002899194,mJy,Spectral Flux,4.35E+14,,,Hz,R,R_offset,early,,-26884.56003
5671.08,,,s,0.239441817,0.002195216,0.002195216,mJy,Spectral Flux,4.35E+14,,,Hz,R,R_offset,early,,-24328.92
7214.4,,,s,0.209893988,0.00192432,0.00192432,mJy,Spectral Flux,4.35E+14,,,Hz,R,R_offset,early,,-22785.6
7892.279971,,,s,0.197696964,0.001812497,0.001812497,mJy,Spectral Flux,4.35E+14,,,Hz,R,R_offset,early,,-22107.72003
88074,,,s,0.020118704,0.001081639,0.001081639,mJy,Spectral Flux,4.35E+14,,,Hz,R,R_offset,late,,58074
90483.11997,,,s,0.021028098,0.00113053,0.00113053,mJy,Spectral Flux,4.35E+14,,,Hz,R,R_offset,late,,60483.11997
92647.8,,,s,0.018331584,0.000985558,0.000985558,mJy,Spectral Flux,4.35E+14,,,Hz,R,R_offset,late,,62647.8
182139.12,,,s,0.010864256,0.000955937,0.000955937,mJy,Spectral Flux,4.35E+14,,,Hz,R,R_offset,late,,152139.12
1119.599971,,,s,0.301995172,0.005238836,0.005238836,mJy,Spectral Flux,6.29E+14,,,Hz,g,g_offset,early,,-28880.40003
1818.000029,,,s,0.28002706,0.00536416,0.00536416,mJy,Spectral Flux,6.29E+14,,,Hz,g,g_offset,early,,-28181.99997
2509.200029,,,s,0.260855501,0.004761149,0.004761149,mJy,Spectral Flux,6.29E+14,,,Hz,g,g_offset,early,,-27490.79997
3214.799971,,,s,0.248198984,0.004754466,0.004754466,mJy,Spectral Flux,6.29E+14,,,Hz,g,g_offset,early,,-26785.20003
3920.4,,,s,0.222638363,0.00426483,0.00426483,mJy,Spectral Flux,6.29E+14,,,Hz,g,g_offset,early,,-26079.6
4860,,,s,0.201557981,0.003314005,0.003314005,mJy,Spectral Flux,6.29E+14,,,Hz,g,g_offset,early,,-25140
5929.2,,,s,0.177337262,0.002755047,0.002755047,mJy,Spectral Flux,6.29E+14,,,Hz,g,g_offset,early,,-24070.8
7005.599971,,,s,0.163079736,0.002533547,0.002533547,mJy,Spectral Flux,6.29E+14,,,Hz,g,g_offset,early,,-22994.40003
8060.400029,,,s,0.15093849,0.002618393,0.002618393,mJy,Spectral Flux,6.29E+14,,,Hz,g,g_offset,early,,-21939.59997
9136.8,,,s,0.137151323,0.002255034,0.002255034,mJy,Spectral Flux,6.29E+14,,,Hz,g,g_offset,early,,-20863.2
10202.39997,,,s,0.125892541,0.002069918,0.002069918,mJy,Spectral Flux,6.29E+14,,,Hz,g,g_offset,early,,-19797.60003
11282.39997,,,s,0.115877736,0.001905255,0.001905255,mJy,Spectral Flux,6.29E+14,,,Hz,g,g_offset,early,,-18717.60003
12531.60003,,,s,0.108842874,0.002084979,0.002084979,mJy,Spectral Flux,6.29E+14,,,Hz,g,g_offset,early,,-17468.39997
13604.39997,,,s,0.101859139,0.0019512,0.0019512,mJy,Spectral Flux,6.29E+14,,,Hz,g,g_offset,early,,-16395.60003
14684.39997,,,s,0.0934975,0.001706522,0.001706522,mJy,Spectral Flux,6.29E+14,,,Hz,g,g_offset,early,,-15315.60003
15750.00003,,,s,0.086696188,0.001503955,0.001503955,mJy,Spectral Flux,6.29E+14,,,Hz,g,g_offset,early,,-14249.99997
16815.6,,,s,0.084255838,0.001613993,0.001613993,mJy,Spectral Flux,6.29E+14,,,Hz,g,g_offset,early,,-13184.4
17884.8,,,s,0.080760686,0.001474049,0.001474049,mJy,Spectral Flux,6.29E+14,,,Hz,g,g_offset,early,,-12115.2
18957.60003,,,s,0.077911219,0.001703318,0.001703318,mJy,Spectral Flux,6.29E+14,,,Hz,g,g_offset,early,,-11042.39997
1353.600029,,,s,0.40513522,0.00702805,0.00702805,mJy,Spectral Flux,4.81E+14,,,Hz,r,r_offset,early,,-28646.39997
2048.399971,,,s,0.380189396,0.006251053,0.006251053,mJy,Spectral Flux,4.81E+14,,,Hz,r,r_offset,early,,-27951.60003
2746.800029,,,s,0.360080829,0.006246472,0.006246472,mJy,Spectral Flux,4.81E+14,,,Hz,r,r_offset,early,,-27253.19997
3448.800029,,,s,0.323891835,0.005911692,0.005911692,mJy,Spectral Flux,4.81E+14,,,Hz,r,r_offset,early,,-26551.19997
4150.800029,,,s,0.301717152,0.005779653,0.005779653,mJy,Spectral Flux,4.81E+14,,,Hz,r,r_offset,early,,-25849.19997
5090.400029,,,s,0.278740452,0.00433041,0.00433041,mJy,Spectral Flux,4.81E+14,,,Hz,r,r_offset,early,,-24909.59997
6166.8,,,s,0.242549286,0.003987982,0.003987982,mJy,Spectral Flux,4.81E+14,,,Hz,r,r_offset,early,,-23833.2
7239.600029,,,s,0.224078403,0.003684284,0.003684284,mJy,Spectral Flux,4.81E+14,,,Hz,r,r_offset,early,,-22760.39997
8301.599971,,,s,0.20398583,0.003538627,0.003538627,mJy,Spectral Flux,4.81E+14,,,Hz,r,r_offset,early,,-21698.40003
9363.6,,,s,0.189495979,0.003458691,0.003458691,mJy,Spectral Flux,4.81E+14,,,Hz,r,r_offset,early,,-20636.4
10436.40003,,,s,0.178648757,0.003099095,0.003099095,mJy,Spectral Flux,4.81E+14,,,Hz,r,r_offset,early,,-19563.59997
11516.40003,,,s,0.168732989,0.003384588,0.003384588,mJy,Spectral Flux,4.81E+14,,,Hz,r,r_offset,early,,-18483.59997
12769.20003,,,s,0.154170045,0.002674452,0.002674452,mJy,Spectral Flux,4.81E+14,,,Hz,r,r_offset,early,,-17230.79997
13841.99997,,,s,0.145211162,0.002650402,0.002650402,mJy,Spectral Flux,4.81E+14,,,Hz,r,r_offset,early,,-16158.00003
14918.40003,,,s,0.13652117,0.002615181,0.002615181,mJy,Spectral Flux,4.81E+14,,,Hz,r,r_offset,early,,-15081.59997
15980.39997,,,s,0.126706822,0.002655899,0.002655899,mJy,Spectral Flux,4.81E+14,,,Hz,r,r_offset,early,,-14019.60003
17042.4,,,s,0.122011285,0.002667447,0.002667447,mJy,Spectral Flux,4.81E+14,,,Hz,r,r_offset,early,,-12957.6
18115.20003,,,s,0.108043837,0.00255658,0.00255658,mJy,Spectral Flux,4.81E+14,,,Hz,r,r_offset,early,,-11884.79997
19195.20003,,,s,0.109446027,0.002491296,0.002491296,mJy,Spectral Flux,4.81E+14,,,Hz,r,r_offset,early,,-10804.79997
1580.400029,,,s,0.490681857,0.011169283,0.011169283,mJy,Spectral Flux,3.94E+14,,,Hz,i,i_offset,early,,-28419.59997
2282.400029,,,s,0.436113971,0.009141377,0.009141377,mJy,Spectral Flux,3.94E+14,,,Hz,i,i_offset,early,,-27717.59997
2977.199971,,,s,0.420339303,0.009568091,0.009568091,mJy,Spectral Flux,3.94E+14,,,Hz,i,i_offset,early,,-27022.80003
3682.8,,,s,0.355467582,0.008730732,0.008730732,mJy,Spectral Flux,3.94E+14,,,Hz,i,i_offset,early,,-26317.2
4377.600029,,,s,0.345143739,0.008787104,0.008787104,mJy,Spectral Flux,3.94E+14,,,Hz,i,i_offset,early,,-25622.39997
5324.4,,,s,0.311314967,0.005963507,0.005963507,mJy,Spectral Flux,3.94E+14,,,Hz,i,i_offset,early,,-24675.6
6400.799971,,,s,0.2789973,0.005344434,0.005344434,mJy,Spectral Flux,3.94E+14,,,Hz,i,i_offset,early,,-23599.20003
7466.400029,,,s,0.258702127,0.005422651,0.005422651,mJy,Spectral Flux,3.94E+14,,,Hz,i,i_offset,early,,-22533.59997
8535.600029,,,s,0.23702819,0.00518198,0.00518198,mJy,Spectral Flux,3.94E+14,,,Hz,i,i_offset,early,,-21464.39997
9586.799971,,,s,0.226777519,0.00475348,0.00475348,mJy,Spectral Flux,3.94E+14,,,Hz,i,i_offset,early,,-20413.20003
10674.00003,,,s,0.202488331,0.004973368,0.004973368,mJy,Spectral Flux,3.94E+14,,,Hz,i,i_offset,early,,-19325.99997
11746.79997,,,s,0.191955252,0.004887038,0.004887038,mJy,Spectral Flux,3.94E+14,,,Hz,i,i_offset,early,,-18253.20003
12996.00003,,,s,0.182473583,0.003989291,0.003989291,mJy,Spectral Flux,3.94E+14,,,Hz,i,i_offset,early,,-17003.99997
14068.79997,,,s,0.162779609,0.003851762,0.003851762,mJy,Spectral Flux,3.94E+14,,,Hz,i,i_offset,early,,-15931.20003
15148.79997,,,s,0.15191477,0.003594673,0.003594673,mJy,Spectral Flux,3.94E+14,,,Hz,i,i_offset,early,,-14851.20003
16214.40003,,,s,0.159074292,0.00419263,0.00419263,mJy,Spectral Flux,3.94E+14,,,Hz,i,i_offset,early,,-13785.59997
17272.80003,,,s,0.142955214,0.003639534,0.003639534,mJy,Spectral Flux,3.94E+14,,,Hz,i,i_offset,early,,-12727.19997
18349.2,,,s,0.138165623,0.003641553,0.003641553,mJy,Spectral Flux,3.94E+14,,,Hz,i,i_offset,early,,-11650.8
19425.59997,,,s,0.127526371,0.003931627,0.003931627,mJy,Spectral Flux,3.94E+14,,,Hz,i,i_offset,early,,-10574.40003
5633.999971,,,s,0.377746109,0.01029463,0.01029463,mJy,Spectral Flux,3.29E+14,,,Hz,z,z_offset,early,,-24366.00003
6706.8,,,s,0.334502987,0.008516198,0.008516198,mJy,Spectral Flux,3.29E+14,,,Hz,z,z_offset,early,,-23293.2
7765.2,,,s,0.34040819,0.008971945,0.008971945,mJy,Spectral Flux,3.29E+14,,,Hz,z,z_offset,early,,-22234.8
8841.599971,,,s,0.284970563,0.008021436,0.008021436,mJy,Spectral Flux,3.29E+14,,,Hz,z,z_offset,early,,-21158.40003
9896.400029,,,s,0.261095869,0.007816392,0.007816392,mJy,Spectral Flux,3.29E+14,,,Hz,z,z_offset,early,,-20103.59997
10979.99997,,,s,0.242772785,0.007484665,0.007484665,mJy,Spectral Flux,3.29E+14,,,Hz,z,z_offset,early,,-19020.00003
12052.8,,,s,0.235721936,0.008316941,0.008316941,mJy,Spectral Flux,3.29E+14,,,Hz,z,z_offset,early,,-17947.2
13301.99997,,,s,0.217370198,0.008825093,0.008825093,mJy,Spectral Flux,3.29E+14,,,Hz,z,z_offset,early,,-16698.00003
14381.99997,,,s,0.181970086,0.006904815,0.006904815,mJy,Spectral Flux,3.29E+14,,,Hz,z,z_offset,early,,-15618.00003
15458.40003,,,s,0.18416199,0.006661319,0.006661319,mJy,Spectral Flux,3.29E+14,,,Hz,z,z_offset,early,,-14541.59997
16513.2,,,s,0.15024499,0.005967028,0.005967028,mJy,Spectral Flux,3.29E+14,,,Hz,z,z_offset,early,,-13486.8
17578.79997,,,s,0.165044099,0.005969806,0.005969806,mJy,Spectral Flux,3.29E+14,,,Hz,z,z_offset,early,,-12421.20003
18655.20003,,,s,0.149692486,0.006209634,0.006209634,mJy,Spectral Flux,3.29E+14,,,Hz,z,z_offset,early,,-11344.79997
19738.79997,,,s,0.148730487,0.005906879,0.005906879,mJy,Spectral Flux,3.29E+14,,,Hz,z,z_offset,early,,-10261.20003
70253.63997,,,s,0.057279603,0.001561028,0.001561028,mJy,Spectral Flux,2.43E+14,,,Hz,J,J_offset,late,,40253.63997
70804.8,,,s,0.053210826,0.001354708,0.001354708,mJy,Spectral Flux,2.43E+14,,,Hz,J,J_offset,late,,40804.8
71077.67997,,,s,0.054852951,0.001248606,0.001248606,mJy,Spectral Flux,2.43E+14,,,Hz,J,J_offset,late,,41077.67997
71357.76,,,s,0.054250032,0.001381166,0.001381166,mJy,Spectral Flux,2.43E+14,,,Hz,J,J_offset,late,,41357.76
71921.15997,,,s,0.053259857,0.001308129,0.001308129,mJy,Spectral Flux,2.43E+14,,,Hz,J,J_offset,late,,41921.15997
72194.04003,,,s,0.052384162,0.001286621,0.001286621,mJy,Spectral Flux,2.43E+14,,,Hz,J,J_offset,late,,42194.04003
72743.76003,,,s,0.052384162,0.00138066,0.00138066,mJy,Spectral Flux,2.43E+14,,,Hz,J,J_offset,late,,42743.76003
73020.24003,,,s,0.053456436,0.001408921,0.001408921,mJy,Spectral Flux,2.43E+14,,,Hz,J,J_offset,late,,43020.24003
73299.23997,,,s,0.054000776,0.00127779,0.00127779,mJy,Spectral Flux,2.43E+14,,,Hz,J,J_offset,late,,43299.23997
73847.87997,,,s,0.050862769,0.001157778,0.001157778,mJy,Spectral Flux,2.43E+14,,,Hz,J,J_offset,late,,43847.87997
74126.88,,,s,0.050072584,0.001139791,0.001139791,mJy,Spectral Flux,2.43E+14,,,Hz,J,J_offset,late,,44126.88
74672.99997,,,s,0.046816614,0.001233919,0.001233919,mJy,Spectral Flux,2.43E+14,,,Hz,J,J_offset,late,,44672.99997
74883.59997,,,s,0.086059734,0.002268227,0.002268227,mJy,Spectral Flux,1.36E+14,,,Hz,K,K_offset,late,,44883.59997
75089.52003,,,s,0.085270734,0.002017713,0.002017713,mJy,Spectral Flux,1.36E+14,,,Hz,K,K_offset,late,,45089.52003
75288.96,,,s,0.083176377,0.002042917,0.002042917,mJy,Spectral Flux,1.36E+14,,,Hz,K,K_offset,late,,45288.96
75494.52003,,,s,0.086139035,0.002193036,0.002193036,mJy,Spectral Flux,1.36E+14,,,Hz,K,K_offset,late,,45494.52003
75694.32003,,,s,0.082035154,0.001941151,0.001941151,mJy,Spectral Flux,1.36E+14,,,Hz,K,K_offset,late,,45694.32003
75889.44,,,s,0.082035154,0.001867348,0.001867348,mJy,Spectral Flux,1.36E+14,,,Hz,K,K_offset,late,,45889.44
76096.08003,,,s,0.082641844,0.00180674,0.00180674,mJy,Spectral Flux,1.36E+14,,,Hz,K,K_offset,late,,46096.08003
76296.23997,,,s,0.081507956,0.001928677,0.001928677,mJy,Spectral Flux,1.36E+14,,,Hz,K,K_offset,late,,46296.23997
76496.03997,,,s,0.08090959,0.001841727,0.001841727,mJy,Spectral Flux,1.36E+14,,,Hz,K,K_offset,late,,46496.03997
76696.56003,,,s,0.079579279,0.001739786,0.001739786,mJy,Spectral Flux,1.36E+14,,,Hz,K,K_offset,late,,46696.56003
76901.03997,,,s,0.08480081,0.00185394,0.00185394,mJy,Spectral Flux,1.36E+14,,,Hz,K,K_offset,late,,46901.03997
77100.83997,,,s,0.079799469,0.00188825,0.00188825,mJy,Spectral Flux,1.36E+14,,,Hz,K,K_offset,late,,47100.83997
77302.79997,,,s,0.082413812,0.002024187,0.002024187,mJy,Spectral Flux,1.36E+14,,,Hz,K,K_offset,late,,47302.79997
77509.44,,,s,0.081583062,0.001857057,0.001857057,mJy,Spectral Flux,1.36E+14,,,Hz,K,K_offset,late,,47509.44
78114.95997,,,s,0.078995072,0.001727014,0.001727014,mJy,Spectral Flux,1.36E+14,,,Hz,K,K_offset,late,,48114.95997
78314.75997,,,s,0.081658237,0.001785237,0.001785237,mJy,Spectral Flux,1.36E+14,,,Hz,K,K_offset,late,,48314.75997
78519.60003,,,s,0.081058768,0.001699071,0.001699071,mJy,Spectral Flux,1.36E+14,,,Hz,K,K_offset,late,,48519.60003
78718.32003,,,s,0.077410523,0.001762079,0.001762079,mJy,Spectral Flux,1.36E+14,,,Hz,K,K_offset,late,,48718.32003
421.141,,,s,1.23E-10,2.76E-11,2.76E-11,erg cm-2 s-1,Integrated Flux,,7.25E+16,2.42E+18,Hz,xray,,early,,-29578.859
451.446,,,s,1.40E-10,3.06E-11,3.06E-11,erg cm-2 s-1,Integrated Flux,,7.25E+16,2.42E+18,Hz,xray,,early,,-29548.554
481.158,,,s,1.07E-10,2.41E-11,2.41E-11,erg cm-2 s-1,Integrated Flux,,7.25E+16,2.42E+18,Hz,xray,,early,,-29518.842
519.173,,,s,9.18E-11,2.02E-11,2.02E-11,erg cm-2 s-1,Integrated Flux,,7.25E+16,2.42E+18,Hz,xray,,early,,-29480.827
576.062,,,s,7.05E-11,1.47E-11,1.47E-11,erg cm-2 s-1,Integrated Flux,,7.25E+16,2.42E+18,Hz,xray,,early,,-29423.938
622.956,,,s,9.13E-11,1.95E-11,1.95E-11,erg cm-2 s-1,Integrated Flux,,7.25E+16,2.42E+18,Hz,xray,,early,,-29377.044
661.436,,,s,1.30E-10,2.74E-11,2.74E-11,erg cm-2 s-1,Integrated Flux,,7.25E+16,2.42E+18,Hz,xray,,early,,-29338.564
711.035,,,s,5.66E-11,1.28E-11,1.28E-11,erg cm-2 s-1,Integrated Flux,,7.25E+16,2.42E+18,Hz,xray,,early,,-29288.965
771.623,,,s,8.20E-11,1.85E-11,1.85E-11,erg cm-2 s-1,Integrated Flux,,7.25E+16,2.42E+18,Hz,xray,,early,,-29228.377
823.225,,,s,5.19E-11,1.17E-11,1.17E-11,erg cm-2 s-1,Integrated Flux,,7.25E+16,2.42E+18,Hz,xray,,early,,-29176.775
896.379,,,s,5.45E-11,1.23E-11,1.23E-11,erg cm-2 s-1,Integrated Flux,,7.25E+16,2.42E+18,Hz,xray,,early,,-29103.621
952.821,,,s,8.15E-11,1.83E-11,1.83E-11,erg cm-2 s-1,Integrated Flux,,7.25E+16,2.42E+18,Hz,xray,,early,,-29047.179
1012.23,,,s,6.20E-11,1.37E-11,1.37E-11,erg cm-2 s-1,Integrated Flux,,7.25E+16,2.42E+18,Hz,xray,,early,,-28987.77
1062.218,,,s,6.99E-11,1.57E-11,1.57E-11,erg cm-2 s-1,Integrated Flux,,7.25E+16,2.42E+18,Hz,xray,,early,,-28937.782
1127.308,,,s,5.86E-11,1.33E-11,1.33E-11,erg cm-2 s-1,Integrated Flux,,7.25E+16,2.42E+18,Hz,xray,,early,,-28872.692
1172.824,,,s,8.59E-11,1.89E-11,1.89E-11,erg cm-2 s-1,Integrated Flux,,7.25E+16,2.42E+18,Hz,xray,,early,,-28827.176
1226.979,,,s,7.62E-11,1.48E-11,1.48E-11,erg cm-2 s-1,Integrated Flux,,7.25E+16,2.42E+18,Hz,xray,,early,,-28773.021
4475.093,,,s,4.84E-11,1.18E-11,1.18E-11,erg cm-2 s-1,Integrated Flux,,7.25E+16,2.42E+18,Hz,xray,,early,,-25524.907
5360.428,,,s,4.95E-11,1.11E-11,1.11E-11,erg cm-2 s-1,Integrated Flux,,7.25E+16,2.42E+18,Hz,xray,,early,,-24639.572
5406.184,,,s,3.93E-11,8.83E-12,8.83E-12,erg cm-2 s-1,Integrated Flux,,7.25E+16,2.42E+18,Hz,xray,,early,,-24593.816
5449.677,,,s,3.38E-11,7.61E-12,7.61E-12,erg cm-2 s-1,Integrated Flux,,7.25E+16,2.42E+18,Hz,xray,,early,,-24550.323
5503.586,,,s,3.42E-11,7.68E-12,7.68E-12,erg cm-2 s-1,Integrated Flux,,7.25E+16,2.42E+18,Hz,xray,,early,,-24496.414
5565.901,,,s,3.76E-11,8.44E-12,8.44E-12,erg cm-2 s-1,Integrated Flux,,7.25E+16,2.42E+18,Hz,xray,,early,,-24434.099
5613.159,,,s,3.69E-11,8.28E-12,8.28E-12,erg cm-2 s-1,Integrated Flux,,7.25E+16,2.42E+18,Hz,xray,,early,,-24386.841
5668.351,,,s,3.98E-11,8.50E-12,8.50E-12,erg cm-2 s-1,Integrated Flux,,7.25E+16,2.42E+18,Hz,xray,,early,,-24331.649
5714.446,,,s,3.34E-11,7.57E-12,7.57E-12,erg cm-2 s-1,Integrated Flux,,7.25E+16,2.42E+18,Hz,xray,,early,,-24285.554
5768.233,,,s,3.50E-11,7.87E-12,7.87E-12,erg cm-2 s-1,Integrated Flux,,7.25E+16,2.42E+18,Hz,xray,,early,,-24231.767
5817.881,,,s,3.72E-11,8.32E-12,8.32E-12,erg cm-2 s-1,Integrated Flux,,7.25E+16,2.42E+18,Hz,xray,,early,,-24182.119
5879.912,,,s,2.24E-11,5.08E-12,5.08E-12,erg cm-2 s-1,Integrated Flux,,7.25E+16,2.42E+18,Hz,xray,,early,,-24120.088
5974.956,,,s,2.65E-11,5.94E-12,5.94E-12,erg cm-2 s-1,Integrated Flux,,7.25E+16,2.42E+18,Hz,xray,,early,,-24025.044
6030.753,,,s,3.52E-11,7.92E-12,7.92E-12,erg cm-2 s-1,Integrated Flux,,7.25E+16,2.42E+18,Hz,xray,,early,,-23969.247
6073.499,,,s,3.64E-11,8.18E-12,8.18E-12,erg cm-2 s-1,Integrated Flux,,7.25E+16,2.42E+18,Hz,xray,,early,,-23926.501
6121.528,,,s,5.30E-11,1.19E-11,1.19E-11,erg cm-2 s-1,Integrated Flux,,7.25E+16,2.42E+18,Hz,xray,,early,,-23878.472
6174.035,,,s,3.28E-11,7.22E-12,7.22E-12,erg cm-2 s-1,Integrated Flux,,7.25E+16,2.42E+18,Hz,xray,,early,,-23825.965
6229.197,,,s,3.51E-11,7.85E-12,7.85E-12,erg cm-2 s-1,Integrated Flux,,7.25E+16,2.42E+18,Hz,xray,,early,,-23770.803
6280.475,,,s,3.39E-11,7.61E-12,7.61E-12,erg cm-2 s-1,Integrated Flux,,7.25E+16,2.42E+18,Hz,xray,,early,,-23719.525
6343.27,,,s,2.54E-11,5.69E-12,5.69E-12,erg cm-2 s-1,Integrated Flux,,7.25E+16,2.42E+18,Hz,xray,,early,,-23656.73
6416.881,,,s,3.39E-11,7.61E-12,7.61E-12,erg cm-2 s-1,Integrated Flux,,7.25E+16,2.42E+18,Hz,xray,,early,,-23583.119
6455.626,,,s,5.30E-11,1.19E-11,1.19E-11,erg cm-2 s-1,Integrated Flux,,7.25E+16,2.42E+18,Hz,xray,,early,,-23544.374
6518.342,,,s,2.29E-11,5.03E-12,5.03E-12,erg cm-2 s-1,Integrated Flux,,7.25E+16,2.42E+18,Hz,xray,,early,,-23481.658
6599.64,,,s,2.46E-11,5.56E-12,5.56E-12,erg cm-2 s-1,Integrated Flux,,7.25E+16,2.42E+18,Hz,xray,,early,,-23400.36
6662.96,,,s,4.04E-11,8.67E-12,8.67E-12,erg cm-2 s-1,Integrated Flux,,7.25E+16,2.42E+18,Hz,xray,,early,,-23337.04
6715.369,,,s,3.04E-11,6.86E-12,6.86E-12,erg cm-2 s-1,Integrated Flux,,7.25E+16,2.42E+18,Hz,xray,,early,,-23284.631
6769.893,,,s,4.03E-11,8.46E-12,8.46E-12,erg cm-2 s-1,Integrated Flux,,7.25E+16,2.42E+18,Hz,xray,,early,,-23230.107
6829.786,,,s,2.90E-11,6.25E-12,6.25E-12,erg cm-2 s-1,Integrated Flux,,7.25E+16,2.42E+18,Hz,xray,,early,,-23170.214
6893.89,,,s,3.37E-11,7.57E-12,7.57E-12,erg cm-2 s-1,Integrated Flux,,7.25E+16,2.42E+18,Hz,xray,,early,,-23106.11
6972.073,,,s,2.65E-11,4.81E-12,4.81E-12,erg cm-2 s-1,Integrated Flux,,7.25E+16,2.42E+18,Hz,xray,,early,,-23027.927
10798.673,,,s,1.82E-11,4.76E-12,4.76E-12,erg cm-2 s-1,Integrated Flux,,7.25E+16,2.42E+18,Hz,xray,,early,,-19201.327
11181.438,,,s,2.51E-11,5.64E-12,5.64E-12,erg cm-2 s-1,Integrated Flux,,7.25E+16,2.42E+18,Hz,xray,,early,,-18818.562
11271.925,,,s,1.83E-11,4.13E-12,4.13E-12,erg cm-2 s-1,Integrated Flux,,7.25E+16,2.42E+18,Hz,xray,,early,,-18728.075
11369.573,,,s,1.65E-11,3.73E-12,3.73E-12,erg cm-2 s-1,Integrated Flux,,7.25E+16,2.42E+18,Hz,xray,,early,,-18630.427
11489.074,,,s,2.02E-11,4.54E-12,4.54E-12,erg cm-2 s-1,Integrated Flux,,7.25E+16,2.42E+18,Hz,xray,,early,,-18510.926
11584.227,,,s,2.07E-11,4.64E-12,4.64E-12,erg cm-2 s-1,Integrated Flux,,7.25E+16,2.42E+18,Hz,xray,,early,,-18415.773
11688.917,,,s,2.25E-11,5.07E-12,5.07E-12,erg cm-2 s-1,Integrated Flux,,7.25E+16,2.42E+18,Hz,xray,,early,,-18311.083
11781.663,,,s,1.94E-11,4.36E-12,4.36E-12,erg cm-2 s-1,Integrated Flux,,7.25E+16,2.42E+18,Hz,xray,,early,,-18218.337
11874.198,,,s,2.28E-11,5.08E-12,5.08E-12,erg cm-2 s-1,Integrated Flux,,7.25E+16,2.42E+18,Hz,xray,,early,,-18125.802
11953.809,,,s,2.38E-11,5.36E-12,5.36E-12,erg cm-2 s-1,Integrated Flux,,7.25E+16,2.42E+18,Hz,xray,,early,,-18046.191
12027.034,,,s,2.85E-11,6.38E-12,6.38E-12,erg cm-2 s-1,Integrated Flux,,7.25E+16,2.42E+18,Hz,xray,,early,,-17972.966
12098.664,,,s,3.33E-11,7.28E-12,7.28E-12,erg cm-2 s-1,Integrated Flux,,7.25E+16,2.42E+18,Hz,xray,,early,,-17901.336
12166.559,,,s,2.21E-11,4.98E-12,4.98E-12,erg cm-2 s-1,Integrated Flux,,7.25E+16,2.42E+18,Hz,xray,,early,,-17833.441
12260.576,,,s,2.30E-11,5.19E-12,5.19E-12,erg cm-2 s-1,Integrated Flux,,7.25E+16,2.42E+18,Hz,xray,,early,,-17739.424
12332.917,,,s,2.63E-11,5.92E-12,5.92E-12,erg cm-2 s-1,Integrated Flux,,7.25E+16,2.42E+18,Hz,xray,,early,,-17667.083
12411.711,,,s,2.72E-11,5.95E-12,5.95E-12,erg cm-2 s-1,Integrated Flux,,7.25E+16,2.42E+18,Hz,xray,,early,,-17588.289
12510.423,,,s,1.94E-11,4.36E-12,4.36E-12,erg cm-2 s-1,Integrated Flux,,7.25E+16,2.42E+18,Hz,xray,,early,,-17489.577
12616.1,,,s,1.83E-11,4.13E-12,4.13E-12,erg cm-2 s-1,Integrated Flux,,7.25E+16,2.42E+18,Hz,xray,,early,,-17383.9
12726.55,,,s,2.46E-11,4.41E-12,4.41E-12,erg cm-2 s-1,Integrated Flux,,7.25E+16,2.42E+18,Hz,xray,,early,,-17273.45
17811.763,,,s,1.44E-11,3.24E-12,3.24E-12,erg cm-2 s-1,Integrated Flux,,7.25E+16,2.42E+18,Hz,xray,,early,,-12188.237
17936.644,,,s,1.63E-11,3.49E-12,3.49E-12,erg cm-2 s-1,Integrated Flux,,7.25E+16,2.42E+18,Hz,xray,,early,,-12063.356
18065.744,,,s,1.75E-11,3.83E-12,3.83E-12,erg cm-2 s-1,Integrated Flux,,7.25E+16,2.42E+18,Hz,xray,,early,,-11934.256
18178.469,,,s,1.22E-11,2.75E-12,2.75E-12,erg cm-2 s-1,Integrated Flux,,7.25E+16,2.42E+18,Hz,xray,,early,,-11821.531
18264.469,,,s,1.96E-11,4.40E-12,4.40E-12,erg cm-2 s-1,Integrated Flux,,7.25E+16,2.42E+18,Hz,xray,,early,,-11735.531
18363.353,,,s,1.43E-11,3.21E-12,3.21E-12,erg cm-2 s-1,Integrated Flux,,7.25E+16,2.42E+18,Hz,xray,,early,,-11636.647
18514.074,,,s,1.36E-11,3.00E-12,3.00E-12,erg cm-2 s-1,Integrated Flux,,7.25E+16,2.42E+18,Hz,xray,,early,,-11485.926
23232.688,,,s,1.52E-11,5.96E-12,5.96E-12,erg cm-2 s-1,Integrated Flux,,7.25E+16,2.42E+18,Hz,xray,,early,,-6767.312
24227.034,,,s,6.86E-12,1.25E-12,1.25E-12,erg cm-2 s-1,Integrated Flux,,7.25E+16,2.42E+18,Hz,xray,,early,,-5772.966
28703.464,,,s,3.94E-12,9.82E-13,9.82E-13,erg cm-2 s-1,Integrated Flux,,7.25E+16,2.42E+18,Hz,xray,,early,,-1296.536
29450.275,,,s,3.25E-12,7.22E-13,7.22E-13,erg cm-2 s-1,Integrated Flux,,7.25E+16,2.42E+18,Hz,xray,,early,,-549.725
41337.425,,,s,4.81E-12,9.36E-13,9.36E-13,erg cm-2 s-1,Integrated Flux,,7.25E+16,2.42E+18,Hz,xray,,late,,11337.425
45094.597,,,s,6.96E-12,1.60E-12,1.60E-12,erg cm-2 s-1,Integrated Flux,,7.25E+16,2.42E+18,Hz,xray,,late,,15094.597
45494.611,,,s,5.34E-12,1.02E-12,1.02E-12,erg cm-2 s-1,Integrated Flux,,7.25E+16,2.42E+18,Hz,xray,,late,,15494.611
46899.326,,,s,5.46E-12,1.22E-12,1.22E-12,erg cm-2 s-1,Integrated Flux,,7.25E+16,2.42E+18,Hz,xray,,late,,16899.326
47213.928,,,s,3.07E-12,7.12E-13,7.12E-13,erg cm-2 s-1,Integrated Flux,,7.25E+16,2.42E+18,Hz,xray,,late,,17213.928
50784.16,,,s,3.02E-12,7.86E-13,7.86E-13,erg cm-2 s-1,Integrated Flux,,7.25E+16,2.42E+18,Hz,xray,,late,,20784.16
51024.627,,,s,5.99E-12,1.31E-12,1.31E-12,erg cm-2 s-1,Integrated Flux,,7.25E+16,2.42E+18,Hz,xray,,late,,21024.627
51184.98,,,s,6.22E-12,1.37E-12,1.37E-12,erg cm-2 s-1,Integrated Flux,,7.25E+16,2.42E+18,Hz,xray,,late,,21184.98
51405.484,,,s,3.81E-12,9.89E-13,9.89E-13,erg cm-2 s-1,Integrated Flux,,7.25E+16,2.42E+18,Hz,xray,,late,,21405.484
51597.218,,,s,4.38E-12,1.01E-12,1.01E-12,erg cm-2 s-1,Integrated Flux,,7.25E+16,2.42E+18,Hz,xray,,late,,21597.218
56622.599,,,s,4.70E-12,1.15E-12,1.15E-12,erg cm-2 s-1,Integrated Flux,,7.25E+16,2.42E+18,Hz,xray,,late,,26622.599
56919.301,,,s,3.21E-12,8.40E-13,8.40E-13,erg cm-2 s-1,Integrated Flux,,7.25E+16,2.42E+18,Hz,xray,,late,,26919.301
57222.24,,,s,4.28E-12,1.12E-12,1.12E-12,erg cm-2 s-1,Integrated Flux,,7.25E+16,2.42E+18,Hz,xray,,late,,27222.24
57470.098,,,s,4.18E-12,9.67E-13,9.67E-13,erg cm-2 s-1,Integrated Flux,,7.25E+16,2.42E+18,Hz,xray,,late,,27470.098
62304.401,,,s,6.05E-12,1.36E-12,1.36E-12,erg cm-2 s-1,Integrated Flux,,7.25E+16,2.42E+18,Hz,xray,,late,,32304.401
62503.1,,,s,5.65E-12,1.27E-12,1.27E-12,erg cm-2 s-1,Integrated Flux,,7.25E+16,2.42E+18,Hz,xray,,late,,32503.1
62715.479,,,s,4.68E-12,1.22E-12,1.22E-12,erg cm-2 s-1,Integrated Flux,,7.25E+16,2.42E+18,Hz,xray,,late,,32715.479
62915.565,,,s,4.15E-12,1.08E-12,1.08E-12,erg cm-2 s-1,Integrated Flux,,7.25E+16,2.42E+18,Hz,xray,,late,,32915.565
63134.172,,,s,3.46E-12,9.07E-13,9.07E-13,erg cm-2 s-1,Integrated Flux,,7.25E+16,2.42E+18,Hz,xray,,late,,33134.172
63492.434,,,s,3.36E-12,7.23E-13,7.23E-13,erg cm-2 s-1,Integrated Flux,,7.25E+16,2.42E+18,Hz,xray,,late,,33492.434
68090.323,,,s,3.82E-12,9.93E-13,9.93E-13,erg cm-2 s-1,Integrated Flux,,7.25E+16,2.42E+18,Hz,xray,,late,,38090.323
68375.462,,,s,3.14E-12,8.22E-13,8.22E-13,erg cm-2 s-1,Integrated Flux,,7.25E+16,2.42E+18,Hz,xray,,late,,38375.462
68655.417,,,s,2.84E-12,7.19E-13,7.19E-13,erg cm-2 s-1,Integrated Flux,,7.25E+16,2.42E+18,Hz,xray,,late,,38655.417
68943.66,,,s,4.00E-12,1.05E-12,1.05E-12,erg cm-2 s-1,Integrated Flux,,7.25E+16,2.42E+18,Hz,xray,,late,,38943.66
69133.712,,,s,4.54E-12,1.18E-12,1.18E-12,erg cm-2 s-1,Integrated Flux,,7.25E+16,2.42E+18,Hz,xray,,late,,39133.712
69343.4,,,s,5.93E-12,1.34E-12,1.34E-12,erg cm-2 s-1,Integrated Flux,,7.25E+16,2.42E+18,Hz,xray,,late,,39343.4
69582.608,,,s,4.22E-12,9.34E-13,9.34E-13,erg cm-2 s-1,Integrated Flux,,7.25E+16,2.42E+18,Hz,xray,,late,,39582.608
73970.206,,,s,4.40E-12,1.10E-12,1.10E-12,erg cm-2 s-1,Integrated Flux,,7.25E+16,2.42E+18,Hz,xray,,late,,43970.206
74321.881,,,s,3.04E-12,7.90E-13,7.90E-13,erg cm-2 s-1,Integrated Flux,,7.25E+16,2.42E+18,Hz,xray,,late,,44321.881
74668.53,,,s,2.84E-12,7.42E-13,7.42E-13,erg cm-2 s-1,Integrated Flux,,7.25E+16,2.42E+18,Hz,xray,,late,,44668.53
75021.426,,,s,3.07E-12,7.95E-13,7.95E-13,erg cm-2 s-1,Integrated Flux,,7.25E+16,2.42E+18,Hz,xray,,late,,45021.426
75414.091,,,s,3.05E-12,7.92E-13,7.92E-13,erg cm-2 s-1,Integrated Flux,,7.25E+16,2.42E+18,Hz,xray,,late,,45414.091
75726.676,,,s,2.98E-12,7.76E-13,7.76E-13,erg cm-2 s-1,Integrated Flux,,7.25E+16,2.42E+18,Hz,xray,,late,,45726.676
79867.15,,,s,2.17E-12,5.68E-13,5.68E-13,erg cm-2 s-1,Integrated Flux,,7.25E+16,2.42E+18,Hz,xray,,late,,49867.15
80420.374,,,s,2.06E-12,5.38E-13,5.38E-13,erg cm-2 s-1,Integrated Flux,,7.25E+16,2.42E+18,Hz,xray,,late,,50420.374
80792.56,,,s,3.40E-12,8.81E-13,8.81E-13,erg cm-2 s-1,Integrated Flux,,7.25E+16,2.42E+18,Hz,xray,,late,,50792.56
81236.789,,,s,2.29E-12,4.82E-13,4.82E-13,erg cm-2 s-1,Integrated Flux,,7.25E+16,2.42E+18,Hz,xray,,late,,51236.789
97163.125,,,s,2.34E-12,6.09E-13,6.09E-13,erg cm-2 s-1,Integrated Flux,,7.25E+16,2.42E+18,Hz,xray,,late,,67163.125
97648.674,,,s,1.94E-12,5.06E-13,5.06E-13,erg cm-2 s-1,Integrated Flux,,7.25E+16,2.42E+18,Hz,xray,,late,,67648.674
98030.98,,,s,2.52E-12,6.54E-13,6.54E-13,erg cm-2 s-1,Integrated Flux,,7.25E+16,2.42E+18,Hz,xray,,late,,68030.98
98512.514,,,s,1.69E-12,4.42E-13,4.42E-13,erg cm-2 s-1,Integrated Flux,,7.25E+16,2.42E+18,Hz,xray,,late,,68512.514
99067.152,,,s,1.84E-12,4.06E-13,4.06E-13,erg cm-2 s-1,Integrated Flux,,7.25E+16,2.42E+18,Hz,xray,,late,,69067.152
102886.549,,,s,2.88E-12,7.45E-13,7.45E-13,erg cm-2 s-1,Integrated Flux,,7.25E+16,2.42E+18,Hz,xray,,late,,72886.549
103273.482,,,s,2.08E-12,5.41E-13,5.41E-13,erg cm-2 s-1,Integrated Flux,,7.25E+16,2.42E+18,Hz,xray,,late,,73273.482
103725.305,,,s,1.95E-12,5.09E-13,5.09E-13,erg cm-2 s-1,Integrated Flux,,7.25E+16,2.42E+18,Hz,xray,,late,,73725.305
104233.654,,,s,1.98E-12,4.99E-13,4.99E-13,erg cm-2 s-1,Integrated Flux,,7.25E+16,2.42E+18,Hz,xray,,late,,74233.654
104821.321,,,s,2.10E-12,4.11E-13,4.11E-13,erg cm-2 s-1,Integrated Flux,,7.25E+16,2.42E+18,Hz,xray,,late,,74821.321
108810.073,,,s,1.71E-12,4.58E-13,4.58E-13,erg cm-2 s-1,Integrated Flux,,7.25E+16,2.42E+18,Hz,xray,,late,,78810.073
109462.996,,,s,1.63E-12,4.28E-13,4.28E-13,erg cm-2 s-1,Integrated Flux,,7.25E+16,2.42E+18,Hz,xray,,late,,79462.996
110036.775,,,s,1.74E-12,3.75E-13,3.75E-13,erg cm-2 s-1,Integrated Flux,,7.25E+16,2.42E+18,Hz,xray,,late,,80036.775
155648.622,,,s,9.26E-13,2.04E-13,2.04E-13,erg cm-2 s-1,Integrated Flux,,7.25E+16,2.42E+18,Hz,xray,,late,,125648.622
160780.542,,,s,1.14E-12,2.99E-13,2.99E-13,erg cm-2 s-1,Integrated Flux,,7.25E+16,2.42E+18,Hz,xray,,late,,130780.542
161974.066,,,s,1.20E-12,2.40E-13,2.40E-13,erg cm-2 s-1,Integrated Flux,,7.25E+16,2.42E+18,Hz,xray,,late,,131974.066
209543.81,,,s,6.06E-13,1.53E-13,1.53E-13,erg cm-2 s-1,Integrated Flux,,7.25E+16,2.42E+18,Hz,xray,,late,,179543.81
259455.411,,,s,9.53E-13,1.90E-13,1.90E-13,erg cm-2 s-1,Integrated Flux,,7.25E+16,2.42E+18,Hz,xray,,late,,229455.411
265411.077,,,s,6.30E-13,1.62E-13,1.62E-13,erg cm-2 s-1,Integrated Flux,,7.25E+16,2.42E+18,Hz,xray,,late,,235411.077
271133.347,,,s,5.71E-13,1.46E-13,1.46E-13,erg cm-2 s-1,Integrated Flux,,7.25E+16,2.42E+18,Hz,xray,,late,,241133.347
276839.406,,,s,6.01E-13,1.54E-13,1.54E-13,erg cm-2 s-1,Integrated Flux,,7.25E+16,2.42E+18,Hz,xray,,late,,246839.406
282889.83,,,s,6.58E-13,1.60E-13,1.60E-13,erg cm-2 s-1,Integrated Flux,,7.25E+16,2.42E+18,Hz,xray,,late,,252889.83
329143.637,,,s,6.42E-13,1.61E-13,1.61E-13,erg cm-2 s-1,Integrated Flux,,7.25E+16,2.42E+18,Hz,xray,,late,,299143.637
338387.704,,,s,3.82E-13,9.41E-14,9.41E-14,erg cm-2 s-1,Integrated Flux,,7.25E+16,2.42E+18,Hz,xray,,late,,308387.704
367080.591,,,s,5.45E-13,1.01E-13,1.01E-13,erg cm-2 s-1,Integrated Flux,,7.25E+16,2.42E+18,Hz,xray,,late,,337080.591
440276.903,,,s,2.78E-13,5.01E-14,5.01E-14,erg cm-2 s-1,Integrated Flux,,7.25E+16,2.42E+18,Hz,xray,,late,,410276.903
507159.019,,,s,3.54E-13,7.08E-14,7.08E-14,erg cm-2 s-1,Integrated Flux,,7.25E+16,2.42E+18,Hz,xray,,late,,477159.019
542958.665,,,s,3.48E-13,7.37E-14,7.37E-14,erg cm-2 s-1,Integrated Flux,,7.25E+16,2.42E+18,Hz,xray,,late,,512958.665
590909.209,,,s,1.98E-13,4.78E-14,4.78E-14,erg cm-2 s-1,Integrated Flux,,7.25E+16,2.42E+18,Hz,xray,,late,,560909.209
660782.5,,,s,1.54E-13,3.67E-14,3.67E-14,erg cm-2 s-1,Integrated Flux,,7.25E+16,2.42E+18,Hz,xray,,late,,630782.5
868575.379,,,s,1.13E-13,2.94E-14,2.94E-14,erg cm-2 s-1,Integrated Flux,,7.25E+16,2.42E+18,Hz,xray,,late,,838575.379
1012818.115,,,s,1.10E-13,2.46E-14,2.46E-14,erg cm-2 s-1,Integrated Flux,,7.25E+16,2.42E+18,Hz,xray,,late,,982818.115
1542748.43,,,s,3.86E-14,1.18E-14,1.18E-14,erg cm-2 s-1,Integrated Flux,,7.25E+16,2.42E+18,Hz,xray,,late,,1512748.43
6721,,,s,-1.00E+00,9.00E-02,9.00E-02,erg cm-2 s-1,Spectral Index,,7.25E+16,2.42E+18,Hz,,,early,,-23279
20636,,,s,-8.40E-01,2.40E-01,2.60E-01,erg cm-2 s-1,Spectral Index,,7.25E+16,2.42E+18,Hz,,,early,,-9364
46705,,,s,-9.70E-01,2.60E-01,2.80E-01,erg cm-2 s-1,Spectral Index,,7.25E+16,2.42E+18,Hz,,,late,,16705
276672,,,s,-9.70E-01,1.30E-01,1.40E-01,erg cm-2 s-1,Spectral Index,,7.25E+16,2.42E+18,Hz,,,late,,246672
