Time,TimeLower,TimeUpper,TimeUnits,Value,ValueLower,ValueUpper,ValueUnits,ValueType,Model,Frequency,FrequencyLower,FrequencyUpper,FrequencyUnits,,
309,,,seconds,1.475207226,0.176633089,0.176633089,mjy,Spectral,SpectralFlux,8.20E+14,,,hz,,
319.2,,,seconds,1.129413647,0.156034262,0.156034262,mjy,Spectral,SpectralFlux,8.20E+14,,,hz,,
328.8,,,seconds,1.171798752,0.16188998,0.16188998,mjy,Spectral,SpectralFlux,8.20E+14,,,hz,,
339,,,seconds,1.193584117,0.153906424,0.153906424,mjy,Spectral,SpectralFlux,8.20E+14,,,hz,,
349.2,,,seconds,1.058895325,0.146291795,0.146291795,mjy,Spectral,SpectralFlux,8.20E+14,,,hz,,
358.8,,,seconds,1.068693163,0.147645417,0.147645417,mjy,Spectral,SpectralFlux,8.20E+14,,,hz,,
369,,,seconds,0.753100665,0.131789956,0.131789956,mjy,Spectral,SpectralFlux,8.20E+14,,,hz,,
379.2,,,seconds,0.965724014,0.14231435,0.14231435,mjy,Spectral,SpectralFlux,8.20E+14,,,hz,,
388.8,,,seconds,0.956870203,0.141009604,0.141009604,mjy,Spectral,SpectralFlux,8.20E+14,,,hz,,
399,,,seconds,0.739355029,0.129384518,0.129384518,mjy,Spectral,SpectralFlux,8.20E+14,,,hz,,
409.2,,,seconds,1.039568307,0.143621669,0.143621669,mjy,Spectral,SpectralFlux,8.20E+14,,,hz,,
418.8,,,seconds,0.661992442,0.121943514,0.121943514,mjy,Spectral,SpectralFlux,8.20E+14,,,hz,,
429,,,seconds,0.732576581,0.128198314,0.128198314,mjy,Spectral,SpectralFlux,8.20E+14,,,hz,,
439.2,,,seconds,0.825758458,0.136899296,0.136899296,mjy,Spectral,SpectralFlux,8.20E+14,,,hz,,
448.8,,,seconds,0.560858145,0.113645277,0.113645277,mjy,Spectral,SpectralFlux,8.20E+14,,,hz,,
459,,,seconds,0.753100665,0.124853642,0.124853642,mjy,Spectral,SpectralFlux,8.20E+14,,,hz,,
469.2,,,seconds,0.788593206,0.130737813,0.130737813,mjy,Spectral,SpectralFlux,8.20E+14,,,hz,,
478.8,,,seconds,0.888900255,0.139180256,0.139180256,mjy,Spectral,SpectralFlux,8.20E+14,,,hz,,
489,,,seconds,0.587290575,0.119001214,0.119001214,mjy,Spectral,SpectralFlux,8.20E+14,,,hz,,
499.2,,,seconds,0.638047529,0.117532698,0.117532698,mjy,Spectral,SpectralFlux,8.20E+14,,,hz,,
508.8,,,seconds,0.686835969,0.120193868,0.120193868,mjy,Spectral,SpectralFlux,8.20E+14,,,hz,,
519,,,seconds,0.825758458,0.12929378,0.12929378,mjy,Spectral,SpectralFlux,8.20E+14,,,hz,,
529.2,,,seconds,0.449627671,0.103530597,0.103530597,mjy,Spectral,SpectralFlux,8.20E+14,,,hz,,
538.8,,,seconds,0.719205551,0.125858431,0.125858431,mjy,Spectral,SpectralFlux,8.20E+14,,,hz,,
549,,,seconds,0.680539019,0.12535992,0.12535992,mjy,Spectral,SpectralFlux,8.20E+14,,,hz,,
709.2,,,seconds,0.55062133,0.152142296,0.152142296,mjy,Spectral,SpectralFlux,8.20E+14,,,hz,,
718.8,,,seconds,0.493006938,0.104437519,0.104437519,mjy,Spectral,SpectralFlux,8.20E+14,,,hz,,
729,,,seconds,0.44550546,0.151820506,0.151820506,mjy,Spectral,SpectralFlux,8.20E+14,,,hz,,
1122,,,seconds,0.402580774,0.070450213,0.070450213,mjy,Spectral,SpectralFlux,8.20E+14,,,hz,,
1467,,,seconds,0.360456641,0.066398567,0.066398567,mjy,Spectral,SpectralFlux,8.20E+14,,,hz,,
1641,,,seconds,0.299814775,0.063512111,0.063512111,mjy,Spectral,SpectralFlux,8.20E+14,,,hz,,
1987.2,,,seconds,0.128485178,0.049702473,0.049702473,mjy,Spectral,SpectralFlux,8.20E+14,,,hz,,
2159.4,,,seconds,0.225347649,0.058114799,0.058114799,mjy,Spectral,SpectralFlux,8.20E+14,,,hz,,
5768.4,,,seconds,0.231661056,0.051208252,0.051208252,mjy,Spectral,SpectralFlux,8.20E+14,,,hz,,
6238.2,,,seconds,0.083339911,0.01458419,0.01458419,mjy,Spectral,SpectralFlux,8.20E+14,,,hz,,
30018,,,seconds,0.036715803,0.010483116,0.010483116,mjy,Spectral,SpectralFlux,8.20E+14,,,hz,,
30322.2,,,seconds,0.029981477,0.010217166,0.010217166,mjy,Spectral,SpectralFlux,8.20E+14,,,hz,,
30625.8,,,seconds,0.042155382,0.010483166,0.010483166,mjy,Spectral,SpectralFlux,8.20E+14,,,hz,,
570.6,,,seconds,0.441414731,0.056918119,0.056918119,mjy,Spectral,SpectralFlux,6.74E+14,,,hz,,
743.4,,,seconds,0.388013488,0.050032308,0.050032308,mjy,Spectral,SpectralFlux,6.74E+14,,,hz,,
1147.2,,,seconds,0.273430415,0.045330969,0.045330969,mjy,Spectral,SpectralFlux,6.74E+14,,,hz,,
1318.8,,,seconds,0.223278457,0.043185882,0.043185882,mjy,Spectral,SpectralFlux,6.74E+14,,,hz,,
1493.4,,,seconds,0.178997441,0.039567057,0.039567057,mjy,Spectral,SpectralFlux,6.74E+14,,,hz,,
1666.2,,,seconds,0.140879182,0.037628811,0.037628811,mjy,Spectral,SpectralFlux,6.74E+14,,,hz,,
1838.4,,,seconds,0.169374031,0.040559804,0.040559804,mjy,Spectral,SpectralFlux,6.74E+14,,,hz,,
2011.8,,,seconds,0.118262437,0.037034068,0.037034068,mjy,Spectral,SpectralFlux,6.74E+14,,,hz,,
2184,,,seconds,0.221231428,0.042789952,0.042789952,mjy,Spectral,SpectralFlux,6.74E+14,,,hz,,
6444,,,seconds,0.045378154,0.010030758,0.010030758,mjy,Spectral,SpectralFlux,6.74E+14,,,hz,,
13781.4,,,seconds,0.033177742,0.011306397,0.011306397,mjy,Spectral,SpectralFlux,6.74E+14,,,hz,,
30931.8,,,seconds,0.028631679,0.007911225,0.007911225,mjy,Spectral,SpectralFlux,6.74E+14,,,hz,,
31143.6,,,seconds,0.017899744,0.012199842,0.012199842,mjy,Spectral,SpectralFlux,6.74E+14,,,hz,,
79.8,,,seconds,10.98054446,0.707941863,0.707941863,mjy,Spectral,SpectralFlux,5.44E+14,,,hz,,
644.4,,,seconds,0.655577251,0.114723703,0.114723703,mjy,Spectral,SpectralFlux,5.44E+14,,,hz,,
818.4,,,seconds,0.49274687,0.108920793,0.108920793,mjy,Spectral,SpectralFlux,5.44E+14,,,hz,,
1048.8,,,seconds,0.322569926,0.092100343,0.092100343,mjy,Spectral,SpectralFlux,5.44E+14,,,hz,,
1221,,,seconds,0.240228138,0.086290734,0.086290734,mjy,Spectral,SpectralFlux,5.44E+14,,,hz,,
1392.6,,,seconds,0.258597234,0.088125436,0.088125436,mjy,Spectral,SpectralFlux,5.44E+14,,,hz,,
1566.6,,,seconds,0.283546228,0.091404505,0.091404505,mjy,Spectral,SpectralFlux,5.44E+14,,,hz,,
1740,,,seconds,0.117118061,0.077666199,0.077666199,mjy,Spectral,SpectralFlux,5.44E+14,,,hz,,
1913.4,,,seconds,0.328566949,0.09683883,0.09683883,mjy,Spectral,SpectralFlux,5.44E+14,,,hz,,
2085.6,,,seconds,0.169287104,0.082637168,0.082637168,mjy,Spectral,SpectralFlux,5.44E+14,,,hz,,
2259.6,,,seconds,0.344051832,0.095065034,0.095065034,mjy,Spectral,SpectralFlux,5.44E+14,,,hz,,
12042.6,,,seconds,0.056056228,0.018070393,0.018070393,mjy,Spectral,SpectralFlux,5.44E+14,,,hz,,
91.1323,,,seconds,9.62E-09,1.31E-09,1.31E-09,cgs,Integrated,IntegratedFlux,,7.25E+16,2.42E+18,hz,,
91.7687,,,seconds,8.26E-09,1.12E-09,1.12E-09,cgs,Integrated,IntegratedFlux,,7.25E+16,2.42E+18,hz,,
92.5679,,,seconds,9.15E-09,1.29E-09,1.29E-09,cgs,Integrated,IntegratedFlux,,7.25E+16,2.42E+18,hz,,
93.2539,,,seconds,8.28E-09,1.16E-09,1.16E-09,cgs,Integrated,IntegratedFlux,,7.25E+16,2.42E+18,hz,,
94.0568,,,seconds,7.15E-09,1.04E-09,1.04E-09,cgs,Integrated,IntegratedFlux,,7.25E+16,2.42E+18,hz,,
94.9207,,,seconds,7.31E-09,1.05E-09,1.05E-09,cgs,Integrated,IntegratedFlux,,7.25E+16,2.42E+18,hz,,
95.6821,,,seconds,9.60E-09,1.39E-09,1.39E-09,cgs,Integrated,IntegratedFlux,,7.25E+16,2.42E+18,hz,,
96.4738,,,seconds,6.24E-09,9.43E-10,9.43E-10,cgs,Integrated,IntegratedFlux,,7.25E+16,2.42E+18,hz,,
97.3296,,,seconds,6.58E-09,9.94E-10,9.94E-10,cgs,Integrated,IntegratedFlux,,7.25E+16,2.42E+18,hz,,
98.3232,,,seconds,7.69E-09,1.15E-09,1.15E-09,cgs,Integrated,IntegratedFlux,,7.25E+16,2.42E+18,hz,,
99.1161,,,seconds,7.32E-09,1.18E-09,1.18E-09,cgs,Integrated,IntegratedFlux,,7.25E+16,2.42E+18,hz,,
99.9211,,,seconds,7.92E-09,1.34E-09,1.34E-09,cgs,Integrated,IntegratedFlux,,7.25E+16,2.42E+18,hz,,
100.8466,,,seconds,6.65E-09,1.19E-09,1.19E-09,cgs,Integrated,IntegratedFlux,,7.25E+16,2.42E+18,hz,,
101.774,,,seconds,4.83E-09,8.70E-10,8.70E-10,cgs,Integrated,IntegratedFlux,,7.25E+16,2.42E+18,hz,,
102.907,,,seconds,4.12E-09,7.60E-10,7.60E-10,cgs,Integrated,IntegratedFlux,,7.25E+16,2.42E+18,hz,,
104.004,,,seconds,5.97E-09,1.13E-09,1.13E-09,cgs,Integrated,IntegratedFlux,,7.25E+16,2.42E+18,hz,,
104.8378,,,seconds,5.49E-09,1.04E-09,1.04E-09,cgs,Integrated,IntegratedFlux,,7.25E+16,2.42E+18,hz,,
105.7515,,,seconds,5.33E-09,1.01E-09,1.01E-09,cgs,Integrated,IntegratedFlux,,7.25E+16,2.42E+18,hz,,
106.6857,,,seconds,5.97E-09,1.12E-09,1.12E-09,cgs,Integrated,IntegratedFlux,,7.25E+16,2.42E+18,hz,,
107.5629,,,seconds,5.06E-09,9.48E-10,9.48E-10,cgs,Integrated,IntegratedFlux,,7.25E+16,2.42E+18,hz,,
108.618,,,seconds,4.83E-09,9.07E-10,9.07E-10,cgs,Integrated,IntegratedFlux,,7.25E+16,2.42E+18,hz,,
109.655,,,seconds,4.50E-09,8.35E-10,8.35E-10,cgs,Integrated,IntegratedFlux,,7.25E+16,2.42E+18,hz,,
110.6966,,,seconds,5.26E-09,9.48E-10,9.48E-10,cgs,Integrated,IntegratedFlux,,7.25E+16,2.42E+18,hz,,
111.558,,,seconds,5.83E-09,1.02E-09,1.02E-09,cgs,Integrated,IntegratedFlux,,7.25E+16,2.42E+18,hz,,
112.4645,,,seconds,4.41E-09,7.74E-10,7.74E-10,cgs,Integrated,IntegratedFlux,,7.25E+16,2.42E+18,hz,,
113.3012,,,seconds,5.08E-09,8.53E-10,8.53E-10,cgs,Integrated,IntegratedFlux,,7.25E+16,2.42E+18,hz,,
114.0149,,,seconds,3.78E-09,7.10E-10,7.10E-10,cgs,Integrated,IntegratedFlux,,7.25E+16,2.42E+18,hz,,
114.8381,,,seconds,4.32E-09,7.33E-10,7.33E-10,cgs,Integrated,IntegratedFlux,,7.25E+16,2.42E+18,hz,,
115.7473,,,seconds,3.26E-09,6.11E-10,6.11E-10,cgs,Integrated,IntegratedFlux,,7.25E+16,2.42E+18,hz,,
116.6534,,,seconds,4.47E-09,7.40E-10,7.40E-10,cgs,Integrated,IntegratedFlux,,7.25E+16,2.42E+18,hz,,
117.5449,,,seconds,4.11E-09,6.86E-10,6.86E-10,cgs,Integrated,IntegratedFlux,,7.25E+16,2.42E+18,hz,,
118.5586,,,seconds,3.11E-09,5.64E-10,5.64E-10,cgs,Integrated,IntegratedFlux,,7.25E+16,2.42E+18,hz,,
119.425,,,seconds,4.03E-09,6.49E-10,6.49E-10,cgs,Integrated,IntegratedFlux,,7.25E+16,2.42E+18,hz,,
120.437,,,seconds,4.00E-09,6.35E-10,6.35E-10,cgs,Integrated,IntegratedFlux,,7.25E+16,2.42E+18,hz,,
121.45,,,seconds,3.84E-09,5.99E-10,5.99E-10,cgs,Integrated,IntegratedFlux,,7.25E+16,2.42E+18,hz,,
122.4958,,,seconds,4.23E-09,6.60E-10,6.60E-10,cgs,Integrated,IntegratedFlux,,7.25E+16,2.42E+18,hz,,
123.3394,,,seconds,3.69E-09,6.55E-10,6.55E-10,cgs,Integrated,IntegratedFlux,,7.25E+16,2.42E+18,hz,,
124.0199,,,seconds,2.84E-09,5.11E-10,5.11E-10,cgs,Integrated,IntegratedFlux,,7.25E+16,2.42E+18,hz,,
124.8863,,,seconds,4.36E-09,6.91E-10,6.91E-10,cgs,Integrated,IntegratedFlux,,7.25E+16,2.42E+18,hz,,
125.6956,,,seconds,2.88E-09,5.19E-10,5.19E-10,cgs,Integrated,IntegratedFlux,,7.25E+16,2.42E+18,hz,,
126.4948,,,seconds,3.31E-09,5.92E-10,5.92E-10,cgs,Integrated,IntegratedFlux,,7.25E+16,2.42E+18,hz,,
127.4071,,,seconds,2.65E-09,4.82E-10,4.82E-10,cgs,Integrated,IntegratedFlux,,7.25E+16,2.42E+18,hz,,
128.1357,,,seconds,3.79E-09,6.34E-10,6.34E-10,cgs,Integrated,IntegratedFlux,,7.25E+16,2.42E+18,hz,,
128.8765,,,seconds,4.63E-09,6.89E-10,6.89E-10,cgs,Integrated,IntegratedFlux,,7.25E+16,2.42E+18,hz,,
129.6786,,,seconds,3.53E-09,6.10E-10,6.10E-10,cgs,Integrated,IntegratedFlux,,7.25E+16,2.42E+18,hz,,
130.3514,,,seconds,3.39E-09,5.90E-10,5.90E-10,cgs,Integrated,IntegratedFlux,,7.25E+16,2.42E+18,hz,,
131.0768,,,seconds,3.57E-09,6.14E-10,6.14E-10,cgs,Integrated,IntegratedFlux,,7.25E+16,2.42E+18,hz,,
131.8802,,,seconds,2.77E-09,4.88E-10,4.88E-10,cgs,Integrated,IntegratedFlux,,7.25E+16,2.42E+18,hz,,
132.6178,,,seconds,3.52E-09,6.09E-10,6.09E-10,cgs,Integrated,IntegratedFlux,,7.25E+16,2.42E+18,hz,,
133.2962,,,seconds,3.26E-09,5.64E-10,5.64E-10,cgs,Integrated,IntegratedFlux,,7.25E+16,2.42E+18,hz,,
134.2085,,,seconds,2.49E-09,4.39E-10,4.39E-10,cgs,Integrated,IntegratedFlux,,7.25E+16,2.42E+18,hz,,
135.1271,,,seconds,3.98E-09,6.00E-10,6.00E-10,cgs,Integrated,IntegratedFlux,,7.25E+16,2.42E+18,hz,,
135.9693,,,seconds,3.85E-09,6.16E-10,6.16E-10,cgs,Integrated,IntegratedFlux,,7.25E+16,2.42E+18,hz,,
136.7179,,,seconds,3.77E-09,6.66E-10,6.66E-10,cgs,Integrated,IntegratedFlux,,7.25E+16,2.42E+18,hz,,
137.3547,,,seconds,3.13E-09,5.53E-10,5.53E-10,cgs,Integrated,IntegratedFlux,,7.25E+16,2.42E+18,hz,,
138.2492,,,seconds,2.58E-09,4.54E-10,4.54E-10,cgs,Integrated,IntegratedFlux,,7.25E+16,2.42E+18,hz,,
139.17,,,seconds,2.78E-09,5.05E-10,5.05E-10,cgs,Integrated,IntegratedFlux,,7.25E+16,2.42E+18,hz,,
139.9139,,,seconds,3.11E-09,5.45E-10,5.45E-10,cgs,Integrated,IntegratedFlux,,7.25E+16,2.42E+18,hz,,
140.7152,,,seconds,3.16E-09,5.51E-10,5.51E-10,cgs,Integrated,IntegratedFlux,,7.25E+16,2.42E+18,hz,,
141.6618,,,seconds,2.53E-09,4.37E-10,4.37E-10,cgs,Integrated,IntegratedFlux,,7.25E+16,2.42E+18,hz,,
142.405,,,seconds,2.75E-09,4.87E-10,4.87E-10,cgs,Integrated,IntegratedFlux,,7.25E+16,2.42E+18,hz,,
143.368,,,seconds,2.29E-09,3.97E-10,3.97E-10,cgs,Integrated,IntegratedFlux,,7.25E+16,2.42E+18,hz,,
144.4481,,,seconds,2.70E-09,4.54E-10,4.54E-10,cgs,Integrated,IntegratedFlux,,7.25E+16,2.42E+18,hz,,
145.396,,,seconds,2.27E-09,3.98E-10,3.98E-10,cgs,Integrated,IntegratedFlux,,7.25E+16,2.42E+18,hz,,
146.2876,,,seconds,3.03E-09,5.38E-10,5.38E-10,cgs,Integrated,IntegratedFlux,,7.25E+16,2.42E+18,hz,,
147.286,,,seconds,2.01E-09,3.49E-10,3.49E-10,cgs,Integrated,IntegratedFlux,,7.25E+16,2.42E+18,hz,,
148.285,,,seconds,3.26E-09,5.70E-10,5.70E-10,cgs,Integrated,IntegratedFlux,,7.25E+16,2.42E+18,hz,,
149.0614,,,seconds,3.16E-09,5.46E-10,5.46E-10,cgs,Integrated,IntegratedFlux,,7.25E+16,2.42E+18,hz,,
149.8701,,,seconds,3.02E-09,5.22E-10,5.22E-10,cgs,Integrated,IntegratedFlux,,7.25E+16,2.42E+18,hz,,
150.689,,,seconds,2.78E-09,4.85E-10,4.85E-10,cgs,Integrated,IntegratedFlux,,7.25E+16,2.42E+18,hz,,
151.77,,,seconds,2.03E-09,3.51E-10,3.51E-10,cgs,Integrated,IntegratedFlux,,7.25E+16,2.42E+18,hz,,
152.809,,,seconds,2.40E-09,4.17E-10,4.17E-10,cgs,Integrated,IntegratedFlux,,7.25E+16,2.42E+18,hz,,
153.7437,,,seconds,2.86E-09,5.02E-10,5.02E-10,cgs,Integrated,IntegratedFlux,,7.25E+16,2.42E+18,hz,,
154.805,,,seconds,2.20E-09,3.90E-10,3.90E-10,cgs,Integrated,IntegratedFlux,,7.25E+16,2.42E+18,hz,,
155.7701,,,seconds,2.96E-09,5.12E-10,5.12E-10,cgs,Integrated,IntegratedFlux,,7.25E+16,2.42E+18,hz,,
156.855,,,seconds,2.05E-09,3.59E-10,3.59E-10,cgs,Integrated,IntegratedFlux,,7.25E+16,2.42E+18,hz,,
157.917,,,seconds,2.54E-09,4.46E-10,4.46E-10,cgs,Integrated,IntegratedFlux,,7.25E+16,2.42E+18,hz,,
159.054,,,seconds,2.27E-09,4.20E-10,4.20E-10,cgs,Integrated,IntegratedFlux,,7.25E+16,2.42E+18,hz,,
160.1079,,,seconds,2.61E-09,4.71E-10,4.71E-10,cgs,Integrated,IntegratedFlux,,7.25E+16,2.42E+18,hz,,
160.9782,,,seconds,2.83E-09,5.12E-10,5.12E-10,cgs,Integrated,IntegratedFlux,,7.25E+16,2.42E+18,hz,,
161.923,,,seconds,2.94E-09,5.24E-10,5.24E-10,cgs,Integrated,IntegratedFlux,,7.25E+16,2.42E+18,hz,,
162.8489,,,seconds,2.62E-09,4.78E-10,4.78E-10,cgs,Integrated,IntegratedFlux,,7.25E+16,2.42E+18,hz,,
163.762,,,seconds,2.50E-09,4.58E-10,4.58E-10,cgs,Integrated,IntegratedFlux,,7.25E+16,2.42E+18,hz,,
164.954,,,seconds,2.51E-09,4.51E-10,4.51E-10,cgs,Integrated,IntegratedFlux,,7.25E+16,2.42E+18,hz,,
165.922,,,seconds,2.58E-09,4.75E-10,4.75E-10,cgs,Integrated,IntegratedFlux,,7.25E+16,2.42E+18,hz,,
167.018,,,seconds,2.42E-09,4.49E-10,4.49E-10,cgs,Integrated,IntegratedFlux,,7.25E+16,2.42E+18,hz,,
168.126,,,seconds,2.48E-09,4.54E-10,4.54E-10,cgs,Integrated,IntegratedFlux,,7.25E+16,2.42E+18,hz,,
169,,,seconds,2.48E-09,4.53E-10,4.53E-10,cgs,Integrated,IntegratedFlux,,7.25E+16,2.42E+18,hz,,
169.9534,,,seconds,3.29E-09,6.01E-10,6.01E-10,cgs,Integrated,IntegratedFlux,,7.25E+16,2.42E+18,hz,,
170.7719,,,seconds,2.98E-09,5.50E-10,5.50E-10,cgs,Integrated,IntegratedFlux,,7.25E+16,2.42E+18,hz,,
171.7751,,,seconds,2.69E-09,4.92E-10,4.92E-10,cgs,Integrated,IntegratedFlux,,7.25E+16,2.42E+18,hz,,
172.788,,,seconds,2.25E-09,4.16E-10,4.16E-10,cgs,Integrated,IntegratedFlux,,7.25E+16,2.42E+18,hz,,
173.834,,,seconds,2.57E-09,4.68E-10,4.68E-10,cgs,Integrated,IntegratedFlux,,7.25E+16,2.42E+18,hz,,
174.8117,,,seconds,2.72E-09,4.98E-10,4.98E-10,cgs,Integrated,IntegratedFlux,,7.25E+16,2.42E+18,hz,,
175.8638,,,seconds,2.81E-09,5.19E-10,5.19E-10,cgs,Integrated,IntegratedFlux,,7.25E+16,2.42E+18,hz,,
176.85,,,seconds,2.30E-09,4.27E-10,4.27E-10,cgs,Integrated,IntegratedFlux,,7.25E+16,2.42E+18,hz,,
178.008,,,seconds,2.29E-09,4.20E-10,4.20E-10,cgs,Integrated,IntegratedFlux,,7.25E+16,2.42E+18,hz,,
179.0571,,,seconds,2.74E-09,5.07E-10,5.07E-10,cgs,Integrated,IntegratedFlux,,7.25E+16,2.42E+18,hz,,
180.453,,,seconds,1.72E-09,3.20E-10,3.20E-10,cgs,Integrated,IntegratedFlux,,7.25E+16,2.42E+18,hz,,
181.724,,,seconds,2.57E-09,4.71E-10,4.71E-10,cgs,Integrated,IntegratedFlux,,7.25E+16,2.42E+18,hz,,
182.849,,,seconds,2.45E-09,4.49E-10,4.49E-10,cgs,Integrated,IntegratedFlux,,7.25E+16,2.42E+18,hz,,
183.7689,,,seconds,3.06E-09,5.61E-10,5.61E-10,cgs,Integrated,IntegratedFlux,,7.25E+16,2.42E+18,hz,,
184.815,,,seconds,2.37E-09,4.32E-10,4.32E-10,cgs,Integrated,IntegratedFlux,,7.25E+16,2.42E+18,hz,,
186.074,,,seconds,2.46E-09,4.51E-10,4.51E-10,cgs,Integrated,IntegratedFlux,,7.25E+16,2.42E+18,hz,,
187.135,,,seconds,2.24E-09,4.16E-10,4.16E-10,cgs,Integrated,IntegratedFlux,,7.25E+16,2.42E+18,hz,,
188.344,,,seconds,2.09E-09,3.84E-10,3.84E-10,cgs,Integrated,IntegratedFlux,,7.25E+16,2.42E+18,hz,,
189.612,,,seconds,2.37E-09,4.42E-10,4.42E-10,cgs,Integrated,IntegratedFlux,,7.25E+16,2.42E+18,hz,,
190.94,,,seconds,2.05E-09,3.84E-10,3.84E-10,cgs,Integrated,IntegratedFlux,,7.25E+16,2.42E+18,hz,,
192.202,,,seconds,1.85E-09,3.41E-10,3.41E-10,cgs,Integrated,IntegratedFlux,,7.25E+16,2.42E+18,hz,,
193.772,,,seconds,2.19E-09,4.11E-10,4.11E-10,cgs,Integrated,IntegratedFlux,,7.25E+16,2.42E+18,hz,,
195.114,,,seconds,1.78E-09,3.32E-10,3.32E-10,cgs,Integrated,IntegratedFlux,,7.25E+16,2.42E+18,hz,,
196.369,,,seconds,2.35E-09,4.45E-10,4.45E-10,cgs,Integrated,IntegratedFlux,,7.25E+16,2.42E+18,hz,,
197.646,,,seconds,2.24E-09,4.34E-10,4.34E-10,cgs,Integrated,IntegratedFlux,,7.25E+16,2.42E+18,hz,,
198.762,,,seconds,2.40E-09,4.54E-10,4.54E-10,cgs,Integrated,IntegratedFlux,,7.25E+16,2.42E+18,hz,,
199.946,,,seconds,2.33E-09,4.43E-10,4.43E-10,cgs,Integrated,IntegratedFlux,,7.25E+16,2.42E+18,hz,,
201.125,,,seconds,2.50E-09,4.73E-10,4.73E-10,cgs,Integrated,IntegratedFlux,,7.25E+16,2.42E+18,hz,,
202.403,,,seconds,2.20E-09,4.16E-10,4.16E-10,cgs,Integrated,IntegratedFlux,,7.25E+16,2.42E+18,hz,,
203.699,,,seconds,2.26E-09,4.31E-10,4.31E-10,cgs,Integrated,IntegratedFlux,,7.25E+16,2.42E+18,hz,,
205.2,,,seconds,1.65E-09,3.10E-10,3.10E-10,cgs,Integrated,IntegratedFlux,,7.25E+16,2.42E+18,hz,,
206.698,,,seconds,2.04E-09,3.80E-10,3.80E-10,cgs,Integrated,IntegratedFlux,,7.25E+16,2.42E+18,hz,,
208.024,,,seconds,1.88E-09,3.56E-10,3.56E-10,cgs,Integrated,IntegratedFlux,,7.25E+16,2.42E+18,hz,,
209.573,,,seconds,1.76E-09,3.35E-10,3.35E-10,cgs,Integrated,IntegratedFlux,,7.25E+16,2.42E+18,hz,,
211.182,,,seconds,1.67E-09,3.20E-10,3.20E-10,cgs,Integrated,IntegratedFlux,,7.25E+16,2.42E+18,hz,,
212.761,,,seconds,1.88E-09,3.57E-10,3.57E-10,cgs,Integrated,IntegratedFlux,,7.25E+16,2.42E+18,hz,,
214.201,,,seconds,1.94E-09,3.66E-10,3.66E-10,cgs,Integrated,IntegratedFlux,,7.25E+16,2.42E+18,hz,,
215.826,,,seconds,1.49E-09,2.83E-10,2.83E-10,cgs,Integrated,IntegratedFlux,,7.25E+16,2.42E+18,hz,,
217.392,,,seconds,1.72E-09,3.30E-10,3.30E-10,cgs,Integrated,IntegratedFlux,,7.25E+16,2.42E+18,hz,,
219.035,,,seconds,1.86E-09,3.46E-10,3.46E-10,cgs,Integrated,IntegratedFlux,,7.25E+16,2.42E+18,hz,,
220.566,,,seconds,1.90E-09,3.52E-10,3.52E-10,cgs,Integrated,IntegratedFlux,,7.25E+16,2.42E+18,hz,,
222.076,,,seconds,1.67E-09,3.13E-10,3.13E-10,cgs,Integrated,IntegratedFlux,,7.25E+16,2.42E+18,hz,,
223.691,,,seconds,1.58E-09,2.96E-10,2.96E-10,cgs,Integrated,IntegratedFlux,,7.25E+16,2.42E+18,hz,,
225.51,,,seconds,1.82E-09,3.46E-10,3.46E-10,cgs,Integrated,IntegratedFlux,,7.25E+16,2.42E+18,hz,,
227.037,,,seconds,1.74E-09,3.26E-10,3.26E-10,cgs,Integrated,IntegratedFlux,,7.25E+16,2.42E+18,hz,,
228.568,,,seconds,1.82E-09,3.45E-10,3.45E-10,cgs,Integrated,IntegratedFlux,,7.25E+16,2.42E+18,hz,,
230.391,,,seconds,1.27E-09,2.44E-10,2.44E-10,cgs,Integrated,IntegratedFlux,,7.25E+16,2.42E+18,hz,,
232.313,,,seconds,1.90E-09,3.64E-10,3.64E-10,cgs,Integrated,IntegratedFlux,,7.25E+16,2.42E+18,hz,,
234.109,,,seconds,1.39E-09,2.70E-10,2.70E-10,cgs,Integrated,IntegratedFlux,,7.25E+16,2.42E+18,hz,,
235.758,,,seconds,1.64E-09,3.11E-10,3.11E-10,cgs,Integrated,IntegratedFlux,,7.25E+16,2.42E+18,hz,,
237.483,,,seconds,1.75E-09,3.44E-10,3.44E-10,cgs,Integrated,IntegratedFlux,,7.25E+16,2.42E+18,hz,,
239.148,,,seconds,1.64E-09,3.17E-10,3.17E-10,cgs,Integrated,IntegratedFlux,,7.25E+16,2.42E+18,hz,,
241.031,,,seconds,1.53E-09,2.91E-10,2.91E-10,cgs,Integrated,IntegratedFlux,,7.25E+16,2.42E+18,hz,,
243.107,,,seconds,1.26E-09,2.38E-10,2.38E-10,cgs,Integrated,IntegratedFlux,,7.25E+16,2.42E+18,hz,,
245.134,,,seconds,1.47E-09,2.76E-10,2.76E-10,cgs,Integrated,IntegratedFlux,,7.25E+16,2.42E+18,hz,,
247.071,,,seconds,1.32E-09,2.49E-10,2.49E-10,cgs,Integrated,IntegratedFlux,,7.25E+16,2.42E+18,hz,,
249.037,,,seconds,1.31E-09,2.58E-10,2.58E-10,cgs,Integrated,IntegratedFlux,,7.25E+16,2.42E+18,hz,,
250.884,,,seconds,1.61E-09,3.19E-10,3.19E-10,cgs,Integrated,IntegratedFlux,,7.25E+16,2.42E+18,hz,,
252.581,,,seconds,1.86E-09,3.53E-10,3.53E-10,cgs,Integrated,IntegratedFlux,,7.25E+16,2.42E+18,hz,,
254.551,,,seconds,1.33E-09,2.54E-10,2.54E-10,cgs,Integrated,IntegratedFlux,,7.25E+16,2.42E+18,hz,,
256.809,,,seconds,1.14E-09,2.19E-10,2.19E-10,cgs,Integrated,IntegratedFlux,,7.25E+16,2.42E+18,hz,,
258.848,,,seconds,1.56E-09,2.95E-10,2.95E-10,cgs,Integrated,IntegratedFlux,,7.25E+16,2.42E+18,hz,,
260.784,,,seconds,1.33E-09,2.60E-10,2.60E-10,cgs,Integrated,IntegratedFlux,,7.25E+16,2.42E+18,hz,,
263.04,,,seconds,1.31E-09,2.55E-10,2.55E-10,cgs,Integrated,IntegratedFlux,,7.25E+16,2.42E+18,hz,,
265.133,,,seconds,1.23E-09,2.34E-10,2.34E-10,cgs,Integrated,IntegratedFlux,,7.25E+16,2.42E+18,hz,,
267.095,,,seconds,1.79E-09,3.53E-10,3.53E-10,cgs,Integrated,IntegratedFlux,,7.25E+16,2.42E+18,hz,,
268.783,,,seconds,1.61E-09,3.04E-10,3.04E-10,cgs,Integrated,IntegratedFlux,,7.25E+16,2.42E+18,hz,,
271.06,,,seconds,1.09E-09,2.09E-10,2.09E-10,cgs,Integrated,IntegratedFlux,,7.25E+16,2.42E+18,hz,,
273.021,,,seconds,1.93E-09,3.62E-10,3.62E-10,cgs,Integrated,IntegratedFlux,,7.25E+16,2.42E+18,hz,,
274.888,,,seconds,1.47E-09,2.78E-10,2.78E-10,cgs,Integrated,IntegratedFlux,,7.25E+16,2.42E+18,hz,,
276.464,,,seconds,1.87E-09,3.55E-10,3.55E-10,cgs,Integrated,IntegratedFlux,,7.25E+16,2.42E+18,hz,,
278.622,,,seconds,1.10E-09,2.07E-10,2.07E-10,cgs,Integrated,IntegratedFlux,,7.25E+16,2.42E+18,hz,,
281.006,,,seconds,1.36E-09,2.65E-10,2.65E-10,cgs,Integrated,IntegratedFlux,,7.25E+16,2.42E+18,hz,,
282.906,,,seconds,1.44E-09,2.73E-10,2.73E-10,cgs,Integrated,IntegratedFlux,,7.25E+16,2.42E+18,hz,,
284.505,,,seconds,2.04E-09,3.81E-10,3.81E-10,cgs,Integrated,IntegratedFlux,,7.25E+16,2.42E+18,hz,,
286.412,,,seconds,1.37E-09,2.57E-10,2.57E-10,cgs,Integrated,IntegratedFlux,,7.25E+16,2.42E+18,hz,,
288.298,,,seconds,1.49E-09,2.82E-10,2.82E-10,cgs,Integrated,IntegratedFlux,,7.25E+16,2.42E+18,hz,,
290.364,,,seconds,1.46E-09,2.78E-10,2.78E-10,cgs,Integrated,IntegratedFlux,,7.25E+16,2.42E+18,hz,,
292.477,,,seconds,1.23E-09,2.34E-10,2.34E-10,cgs,Integrated,IntegratedFlux,,7.25E+16,2.42E+18,hz,,
294.208,,,seconds,2.50E-09,4.68E-10,4.68E-10,cgs,Integrated,IntegratedFlux,,7.25E+16,2.42E+18,hz,,
295.733,,,seconds,1.37E-09,2.64E-10,2.64E-10,cgs,Integrated,IntegratedFlux,,7.25E+16,2.42E+18,hz,,
297.843,,,seconds,1.37E-09,2.73E-10,2.73E-10,cgs,Integrated,IntegratedFlux,,7.25E+16,2.42E+18,hz,,
299.724,,,seconds,1.59E-09,3.01E-10,3.01E-10,cgs,Integrated,IntegratedFlux,,7.25E+16,2.42E+18,hz,,
302.139,,,seconds,9.77E-10,1.92E-10,1.92E-10,cgs,Integrated,IntegratedFlux,,7.25E+16,2.42E+18,hz,,
304.392,,,seconds,1.55E-09,2.92E-10,2.92E-10,cgs,Integrated,IntegratedFlux,,7.25E+16,2.42E+18,hz,,
306.606,,,seconds,1.11E-09,2.13E-10,2.13E-10,cgs,Integrated,IntegratedFlux,,7.25E+16,2.42E+18,hz,,
308.847,,,seconds,1.39E-09,2.62E-10,2.62E-10,cgs,Integrated,IntegratedFlux,,7.25E+16,2.42E+18,hz,,
310.984,,,seconds,9.83E-10,1.86E-10,1.86E-10,cgs,Integrated,IntegratedFlux,,7.25E+16,2.42E+18,hz,,
314.012,,,seconds,9.22E-10,1.73E-10,1.73E-10,cgs,Integrated,IntegratedFlux,,7.25E+16,2.42E+18,hz,,
316.756,,,seconds,1.21E-09,2.29E-10,2.29E-10,cgs,Integrated,IntegratedFlux,,7.25E+16,2.42E+18,hz,,
319.086,,,seconds,1.12E-09,2.11E-10,2.11E-10,cgs,Integrated,IntegratedFlux,,7.25E+16,2.42E+18,hz,,
321.196,,,seconds,1.47E-09,2.81E-10,2.81E-10,cgs,Integrated,IntegratedFlux,,7.25E+16,2.42E+18,hz,,
323.157,,,seconds,1.35E-09,2.59E-10,2.59E-10,cgs,Integrated,IntegratedFlux,,7.25E+16,2.42E+18,hz,,
325.35,,,seconds,9.92E-10,1.88E-10,1.88E-10,cgs,Integrated,IntegratedFlux,,7.25E+16,2.42E+18,hz,,
328.219,,,seconds,1.40E-09,2.63E-10,2.63E-10,cgs,Integrated,IntegratedFlux,,7.25E+16,2.42E+18,hz,,
329.822,,,seconds,1.56E-09,2.88E-10,2.88E-10,cgs,Integrated,IntegratedFlux,,7.25E+16,2.42E+18,hz,,
332.078,,,seconds,1.17E-09,2.20E-10,2.20E-10,cgs,Integrated,IntegratedFlux,,7.25E+16,2.42E+18,hz,,
334.41,,,seconds,1.08E-09,2.10E-10,2.10E-10,cgs,Integrated,IntegratedFlux,,7.25E+16,2.42E+18,hz,,
336.725,,,seconds,1.42E-09,2.68E-10,2.68E-10,cgs,Integrated,IntegratedFlux,,7.25E+16,2.42E+18,hz,,
339.056,,,seconds,1.03E-09,2.03E-10,2.03E-10,cgs,Integrated,IntegratedFlux,,7.25E+16,2.42E+18,hz,,
341.411,,,seconds,1.35E-09,2.60E-10,2.60E-10,cgs,Integrated,IntegratedFlux,,7.25E+16,2.42E+18,hz,,
343.758,,,seconds,1.09E-09,2.12E-10,2.12E-10,cgs,Integrated,IntegratedFlux,,7.25E+16,2.42E+18,hz,,
346.336,,,seconds,1.08E-09,2.08E-10,2.08E-10,cgs,Integrated,IntegratedFlux,,7.25E+16,2.42E+18,hz,,
349.044,,,seconds,9.97E-10,1.89E-10,1.89E-10,cgs,Integrated,IntegratedFlux,,7.25E+16,2.42E+18,hz,,
351.887,,,seconds,1.13E-09,2.15E-10,2.15E-10,cgs,Integrated,IntegratedFlux,,7.25E+16,2.42E+18,hz,,
354.564,,,seconds,9.60E-10,1.89E-10,1.89E-10,cgs,Integrated,IntegratedFlux,,7.25E+16,2.42E+18,hz,,
357.186,,,seconds,1.14E-09,2.18E-10,2.18E-10,cgs,Integrated,IntegratedFlux,,7.25E+16,2.42E+18,hz,,
359.995,,,seconds,1.01E-09,1.91E-10,1.91E-10,cgs,Integrated,IntegratedFlux,,7.25E+16,2.42E+18,hz,,
362.322,,,seconds,1.32E-09,2.51E-10,2.51E-10,cgs,Integrated,IntegratedFlux,,7.25E+16,2.42E+18,hz,,
364.67,,,seconds,1.09E-09,2.03E-10,2.03E-10,cgs,Integrated,IntegratedFlux,,7.25E+16,2.42E+18,hz,,
366.984,,,seconds,1.31E-09,2.45E-10,2.45E-10,cgs,Integrated,IntegratedFlux,,7.25E+16,2.42E+18,hz,,
368.665,,,seconds,1.69E-09,3.13E-10,3.13E-10,cgs,Integrated,IntegratedFlux,,7.25E+16,2.42E+18,hz,,
371.141,,,seconds,1.03E-09,1.92E-10,1.92E-10,cgs,Integrated,IntegratedFlux,,7.25E+16,2.42E+18,hz,,
373.398,,,seconds,1.47E-09,2.77E-10,2.77E-10,cgs,Integrated,IntegratedFlux,,7.25E+16,2.42E+18,hz,,
375.42,,,seconds,1.21E-09,2.28E-10,2.28E-10,cgs,Integrated,IntegratedFlux,,7.25E+16,2.42E+18,hz,,
377.891,,,seconds,9.95E-10,1.96E-10,1.96E-10,cgs,Integrated,IntegratedFlux,,7.25E+16,2.42E+18,hz,,
380.836,,,seconds,1.04E-09,1.96E-10,1.96E-10,cgs,Integrated,IntegratedFlux,,7.25E+16,2.42E+18,hz,,
383.508,,,seconds,9.00E-10,1.77E-10,1.77E-10,cgs,Integrated,IntegratedFlux,,7.25E+16,2.42E+18,hz,,
386.048,,,seconds,1.33E-09,2.51E-10,2.51E-10,cgs,Integrated,IntegratedFlux,,7.25E+16,2.42E+18,hz,,
388.815,,,seconds,8.96E-10,1.70E-10,1.70E-10,cgs,Integrated,IntegratedFlux,,7.25E+16,2.42E+18,hz,,
391.449,,,seconds,1.10E-09,2.08E-10,2.08E-10,cgs,Integrated,IntegratedFlux,,7.25E+16,2.42E+18,hz,,
394.191,,,seconds,9.32E-10,1.77E-10,1.77E-10,cgs,Integrated,IntegratedFlux,,7.25E+16,2.42E+18,hz,,
397.26,,,seconds,1.13E-09,2.18E-10,2.18E-10,cgs,Integrated,IntegratedFlux,,7.25E+16,2.42E+18,hz,,
399.45,,,seconds,1.06E-09,2.07E-10,2.07E-10,cgs,Integrated,IntegratedFlux,,7.25E+16,2.42E+18,hz,,
401.824,,,seconds,1.08E-09,2.04E-10,2.04E-10,cgs,Integrated,IntegratedFlux,,7.25E+16,2.42E+18,hz,,
404.364,,,seconds,1.31E-09,2.53E-10,2.53E-10,cgs,Integrated,IntegratedFlux,,7.25E+16,2.42E+18,hz,,
406.675,,,seconds,1.12E-09,2.15E-10,2.15E-10,cgs,Integrated,IntegratedFlux,,7.25E+16,2.42E+18,hz,,
409.832,,,seconds,7.95E-10,1.50E-10,1.50E-10,cgs,Integrated,IntegratedFlux,,7.25E+16,2.42E+18,hz,,
412.865,,,seconds,1.06E-09,2.05E-10,2.05E-10,cgs,Integrated,IntegratedFlux,,7.25E+16,2.42E+18,hz,,
415.514,,,seconds,9.70E-10,1.83E-10,1.83E-10,cgs,Integrated,IntegratedFlux,,7.25E+16,2.42E+18,hz,,
418.317,,,seconds,1.07E-09,2.05E-10,2.05E-10,cgs,Integrated,IntegratedFlux,,7.25E+16,2.42E+18,hz,,
421.06,,,seconds,1.13E-09,2.13E-10,2.13E-10,cgs,Integrated,IntegratedFlux,,7.25E+16,2.42E+18,hz,,
423.742,,,seconds,9.50E-10,1.80E-10,1.80E-10,cgs,Integrated,IntegratedFlux,,7.25E+16,2.42E+18,hz,,
426.479,,,seconds,1.04E-09,1.94E-10,1.94E-10,cgs,Integrated,IntegratedFlux,,7.25E+16,2.42E+18,hz,,
428.873,,,seconds,1.35E-09,2.50E-10,2.50E-10,cgs,Integrated,IntegratedFlux,,7.25E+16,2.42E+18,hz,,
431.105,,,seconds,9.82E-10,1.86E-10,1.86E-10,cgs,Integrated,IntegratedFlux,,7.25E+16,2.42E+18,hz,,
434.308,,,seconds,9.04E-10,1.75E-10,1.75E-10,cgs,Integrated,IntegratedFlux,,7.25E+16,2.42E+18,hz,,
437.286,,,seconds,9.66E-10,1.88E-10,1.88E-10,cgs,Integrated,IntegratedFlux,,7.25E+16,2.42E+18,hz,,
440.187,,,seconds,1.03E-09,1.97E-10,1.97E-10,cgs,Integrated,IntegratedFlux,,7.25E+16,2.42E+18,hz,,
443.228,,,seconds,9.14E-10,1.74E-10,1.74E-10,cgs,Integrated,IntegratedFlux,,7.25E+16,2.42E+18,hz,,
445.946,,,seconds,1.07E-09,2.05E-10,2.05E-10,cgs,Integrated,IntegratedFlux,,7.25E+16,2.42E+18,hz,,
448.792,,,seconds,8.81E-10,1.67E-10,1.67E-10,cgs,Integrated,IntegratedFlux,,7.25E+16,2.42E+18,hz,,
451.267,,,seconds,1.48E-09,2.77E-10,2.77E-10,cgs,Integrated,IntegratedFlux,,7.25E+16,2.42E+18,hz,,
453.716,,,seconds,9.21E-10,1.74E-10,1.74E-10,cgs,Integrated,IntegratedFlux,,7.25E+16,2.42E+18,hz,,
456.736,,,seconds,8.62E-10,1.71E-10,1.71E-10,cgs,Integrated,IntegratedFlux,,7.25E+16,2.42E+18,hz,,
459.822,,,seconds,9.60E-10,1.86E-10,1.86E-10,cgs,Integrated,IntegratedFlux,,7.25E+16,2.42E+18,hz,,
462.436,,,seconds,1.13E-09,2.14E-10,2.14E-10,cgs,Integrated,IntegratedFlux,,7.25E+16,2.42E+18,hz,,
465.164,,,seconds,1.00E-09,1.93E-10,1.93E-10,cgs,Integrated,IntegratedFlux,,7.25E+16,2.42E+18,hz,,
468.039,,,seconds,8.38E-10,1.62E-10,1.62E-10,cgs,Integrated,IntegratedFlux,,7.25E+16,2.42E+18,hz,,
470.883,,,seconds,9.07E-10,1.71E-10,1.71E-10,cgs,Integrated,IntegratedFlux,,7.25E+16,2.42E+18,hz,,
474.274,,,seconds,8.83E-10,1.65E-10,1.65E-10,cgs,Integrated,IntegratedFlux,,7.25E+16,2.42E+18,hz,,
476.796,,,seconds,1.19E-09,2.23E-10,2.23E-10,cgs,Integrated,IntegratedFlux,,7.25E+16,2.42E+18,hz,,
479.45,,,seconds,1.07E-09,2.03E-10,2.03E-10,cgs,Integrated,IntegratedFlux,,7.25E+16,2.42E+18,hz,,
482.021,,,seconds,1.14E-09,2.16E-10,2.16E-10,cgs,Integrated,IntegratedFlux,,7.25E+16,2.42E+18,hz,,
484.771,,,seconds,9.31E-10,1.80E-10,1.80E-10,cgs,Integrated,IntegratedFlux,,7.25E+16,2.42E+18,hz,,
487.612,,,seconds,1.04E-09,1.98E-10,1.98E-10,cgs,Integrated,IntegratedFlux,,7.25E+16,2.42E+18,hz,,
490.556,,,seconds,7.77E-10,1.53E-10,1.53E-10,cgs,Integrated,IntegratedFlux,,7.25E+16,2.42E+18,hz,,
493.755,,,seconds,1.32E-09,2.51E-10,2.51E-10,cgs,Integrated,IntegratedFlux,,7.25E+16,2.42E+18,hz,,
496.301,,,seconds,8.80E-10,1.65E-10,1.65E-10,cgs,Integrated,IntegratedFlux,,7.25E+16,2.42E+18,hz,,
499.344,,,seconds,9.66E-10,1.81E-10,1.81E-10,cgs,Integrated,IntegratedFlux,,7.25E+16,2.42E+18,hz,,
501.839,,,seconds,1.25E-09,2.37E-10,2.37E-10,cgs,Integrated,IntegratedFlux,,7.25E+16,2.42E+18,hz,,
504.651,,,seconds,8.34E-10,1.58E-10,1.58E-10,cgs,Integrated,IntegratedFlux,,7.25E+16,2.42E+18,hz,,
507.753,,,seconds,9.15E-10,1.75E-10,1.75E-10,cgs,Integrated,IntegratedFlux,,7.25E+16,2.42E+18,hz,,
510.63,,,seconds,1.07E-09,2.05E-10,2.05E-10,cgs,Integrated,IntegratedFlux,,7.25E+16,2.42E+18,hz,,
513.26,,,seconds,1.06E-09,1.97E-10,1.97E-10,cgs,Integrated,IntegratedFlux,,7.25E+16,2.42E+18,hz,,
515.648,,,seconds,1.22E-09,2.30E-10,2.30E-10,cgs,Integrated,IntegratedFlux,,7.25E+16,2.42E+18,hz,,
517.943,,,seconds,1.14E-09,2.16E-10,2.16E-10,cgs,Integrated,IntegratedFlux,,7.25E+16,2.42E+18,hz,,
520.506,,,seconds,9.69E-10,1.85E-10,1.85E-10,cgs,Integrated,IntegratedFlux,,7.25E+16,2.42E+18,hz,,
523.901,,,seconds,8.22E-10,1.54E-10,1.54E-10,cgs,Integrated,IntegratedFlux,,7.25E+16,2.42E+18,hz,,
527.28,,,seconds,7.69E-10,1.45E-10,1.45E-10,cgs,Integrated,IntegratedFlux,,7.25E+16,2.42E+18,hz,,
530.512,,,seconds,1.01E-09,1.91E-10,1.91E-10,cgs,Integrated,IntegratedFlux,,7.25E+16,2.42E+18,hz,,
533.855,,,seconds,6.60E-10,1.26E-10,1.26E-10,cgs,Integrated,IntegratedFlux,,7.25E+16,2.42E+18,hz,,
537.259,,,seconds,9.25E-10,1.85E-10,1.85E-10,cgs,Integrated,IntegratedFlux,,7.25E+16,2.42E+18,hz,,
539.984,,,seconds,9.81E-10,1.91E-10,1.91E-10,cgs,Integrated,IntegratedFlux,,7.25E+16,2.42E+18,hz,,
542.621,,,seconds,9.09E-10,1.75E-10,1.75E-10,cgs,Integrated,IntegratedFlux,,7.25E+16,2.42E+18,hz,,
546.571,,,seconds,7.94E-10,1.50E-10,1.50E-10,cgs,Integrated,IntegratedFlux,,7.25E+16,2.42E+18,hz,,
549.149,,,seconds,1.05E-09,2.01E-10,2.01E-10,cgs,Integrated,IntegratedFlux,,7.25E+16,2.42E+18,hz,,
552.697,,,seconds,6.72E-10,1.28E-10,1.28E-10,cgs,Integrated,IntegratedFlux,,7.25E+16,2.42E+18,hz,,
556.003,,,seconds,8.96E-10,1.72E-10,1.72E-10,cgs,Integrated,IntegratedFlux,,7.25E+16,2.42E+18,hz,,
559.38,,,seconds,8.66E-10,1.66E-10,1.66E-10,cgs,Integrated,IntegratedFlux,,7.25E+16,2.42E+18,hz,,
561.884,,,seconds,1.10E-09,2.06E-10,2.06E-10,cgs,Integrated,IntegratedFlux,,7.25E+16,2.42E+18,hz,,
564.812,,,seconds,9.69E-10,1.80E-10,1.80E-10,cgs,Integrated,IntegratedFlux,,7.25E+16,2.42E+18,hz,,
568.152,,,seconds,6.85E-10,1.32E-10,1.32E-10,cgs,Integrated,IntegratedFlux,,7.25E+16,2.42E+18,hz,,
572.12,,,seconds,7.83E-10,1.47E-10,1.47E-10,cgs,Integrated,IntegratedFlux,,7.25E+16,2.42E+18,hz,,
575.015,,,seconds,9.21E-10,1.79E-10,1.79E-10,cgs,Integrated,IntegratedFlux,,7.25E+16,2.42E+18,hz,,
578.347,,,seconds,7.66E-10,1.46E-10,1.46E-10,cgs,Integrated,IntegratedFlux,,7.25E+16,2.42E+18,hz,,
581.761,,,seconds,1.03E-09,1.97E-10,1.97E-10,cgs,Integrated,IntegratedFlux,,7.25E+16,2.42E+18,hz,,
584.548,,,seconds,1.03E-09,1.96E-10,1.96E-10,cgs,Integrated,IntegratedFlux,,7.25E+16,2.42E+18,hz,,
587.365,,,seconds,1.09E-09,2.09E-10,2.09E-10,cgs,Integrated,IntegratedFlux,,7.25E+16,2.42E+18,hz,,
589.9,,,seconds,9.99E-10,1.89E-10,1.89E-10,cgs,Integrated,IntegratedFlux,,7.25E+16,2.42E+18,hz,,
593.085,,,seconds,7.96E-10,1.49E-10,1.49E-10,cgs,Integrated,IntegratedFlux,,7.25E+16,2.42E+18,hz,,
596.607,,,seconds,8.45E-10,1.64E-10,1.64E-10,cgs,Integrated,IntegratedFlux,,7.25E+16,2.42E+18,hz,,
600.106,,,seconds,7.81E-10,1.52E-10,1.52E-10,cgs,Integrated,IntegratedFlux,,7.25E+16,2.42E+18,hz,,
603.664,,,seconds,8.12E-10,1.56E-10,1.56E-10,cgs,Integrated,IntegratedFlux,,7.25E+16,2.42E+18,hz,,
606.863,,,seconds,7.84E-10,1.50E-10,1.50E-10,cgs,Integrated,IntegratedFlux,,7.25E+16,2.42E+18,hz,,
610.073,,,seconds,1.03E-09,1.92E-10,1.92E-10,cgs,Integrated,IntegratedFlux,,7.25E+16,2.42E+18,hz,,
613.405,,,seconds,7.42E-10,1.40E-10,1.40E-10,cgs,Integrated,IntegratedFlux,,7.25E+16,2.42E+18,hz,,
616.848,,,seconds,8.14E-10,1.58E-10,1.58E-10,cgs,Integrated,IntegratedFlux,,7.25E+16,2.42E+18,hz,,
620.163,,,seconds,7.96E-10,1.56E-10,1.56E-10,cgs,Integrated,IntegratedFlux,,7.25E+16,2.42E+18,hz,,
624.26,,,seconds,7.09E-10,1.34E-10,1.34E-10,cgs,Integrated,IntegratedFlux,,7.25E+16,2.42E+18,hz,,
627.529,,,seconds,8.52E-10,1.63E-10,1.63E-10,cgs,Integrated,IntegratedFlux,,7.25E+16,2.42E+18,hz,,
630.708,,,seconds,1.04E-09,1.96E-10,1.96E-10,cgs,Integrated,IntegratedFlux,,7.25E+16,2.42E+18,hz,,
633.594,,,seconds,9.04E-10,1.74E-10,1.74E-10,cgs,Integrated,IntegratedFlux,,7.25E+16,2.42E+18,hz,,
637.08,,,seconds,6.78E-10,1.32E-10,1.32E-10,cgs,Integrated,IntegratedFlux,,7.25E+16,2.42E+18,hz,,
641.245,,,seconds,6.70E-10,1.27E-10,1.27E-10,cgs,Integrated,IntegratedFlux,,7.25E+16,2.42E+18,hz,,
644.967,,,seconds,8.37E-10,1.61E-10,1.61E-10,cgs,Integrated,IntegratedFlux,,7.25E+16,2.42E+18,hz,,
648.451,,,seconds,7.70E-10,1.44E-10,1.44E-10,cgs,Integrated,IntegratedFlux,,7.25E+16,2.42E+18,hz,,
652.253,,,seconds,7.42E-10,1.40E-10,1.40E-10,cgs,Integrated,IntegratedFlux,,7.25E+16,2.42E+18,hz,,
656.368,,,seconds,6.62E-10,1.25E-10,1.25E-10,cgs,Integrated,IntegratedFlux,,7.25E+16,2.42E+18,hz,,
660.552,,,seconds,7.24E-10,1.41E-10,1.41E-10,cgs,Integrated,IntegratedFlux,,7.25E+16,2.42E+18,hz,,
664.315,,,seconds,7.90E-10,1.53E-10,1.53E-10,cgs,Integrated,IntegratedFlux,,7.25E+16,2.42E+18,hz,,
667.767,,,seconds,8.23E-10,1.58E-10,1.58E-10,cgs,Integrated,IntegratedFlux,,7.25E+16,2.42E+18,hz,,
671.249,,,seconds,7.57E-10,1.52E-10,1.52E-10,cgs,Integrated,IntegratedFlux,,7.25E+16,2.42E+18,hz,,
674.674,,,seconds,8.75E-10,1.68E-10,1.68E-10,cgs,Integrated,IntegratedFlux,,7.25E+16,2.42E+18,hz,,
678.197,,,seconds,7.32E-10,1.39E-10,1.39E-10,cgs,Integrated,IntegratedFlux,,7.25E+16,2.42E+18,hz,,
682.024,,,seconds,7.13E-10,1.38E-10,1.38E-10,cgs,Integrated,IntegratedFlux,,7.25E+16,2.42E+18,hz,,
685.612,,,seconds,9.01E-10,1.73E-10,1.73E-10,cgs,Integrated,IntegratedFlux,,7.25E+16,2.42E+18,hz,,
689.355,,,seconds,7.33E-10,1.40E-10,1.40E-10,cgs,Integrated,IntegratedFlux,,7.25E+16,2.42E+18,hz,,
692.634,,,seconds,9.58E-10,1.81E-10,1.81E-10,cgs,Integrated,IntegratedFlux,,7.25E+16,2.42E+18,hz,,
695.901,,,seconds,6.88E-10,1.31E-10,1.31E-10,cgs,Integrated,IntegratedFlux,,7.25E+16,2.42E+18,hz,,
700.657,,,seconds,5.68E-10,1.09E-10,1.09E-10,cgs,Integrated,IntegratedFlux,,7.25E+16,2.42E+18,hz,,
704.912,,,seconds,7.09E-10,1.39E-10,1.39E-10,cgs,Integrated,IntegratedFlux,,7.25E+16,2.42E+18,hz,,
709.036,,,seconds,6.76E-10,1.33E-10,1.33E-10,cgs,Integrated,IntegratedFlux,,7.25E+16,2.42E+18,hz,,
712.809,,,seconds,7.33E-10,1.44E-10,1.44E-10,cgs,Integrated,IntegratedFlux,,7.25E+16,2.42E+18,hz,,
716.618,,,seconds,7.67E-10,1.47E-10,1.47E-10,cgs,Integrated,IntegratedFlux,,7.25E+16,2.42E+18,hz,,
720.809,,,seconds,6.23E-10,1.22E-10,1.22E-10,cgs,Integrated,IntegratedFlux,,7.25E+16,2.42E+18,hz,,
725.242,,,seconds,6.73E-10,1.30E-10,1.30E-10,cgs,Integrated,IntegratedFlux,,7.25E+16,2.42E+18,hz,,
728.925,,,seconds,8.59E-10,1.65E-10,1.65E-10,cgs,Integrated,IntegratedFlux,,7.25E+16,2.42E+18,hz,,
732.589,,,seconds,6.77E-10,1.30E-10,1.30E-10,cgs,Integrated,IntegratedFlux,,7.25E+16,2.42E+18,hz,,
737.485,,,seconds,5.34E-10,1.06E-10,1.06E-10,cgs,Integrated,IntegratedFlux,,7.25E+16,2.42E+18,hz,,
742.338,,,seconds,6.47E-10,1.27E-10,1.27E-10,cgs,Integrated,IntegratedFlux,,7.25E+16,2.42E+18,hz,,
746.157,,,seconds,7.60E-10,1.45E-10,1.45E-10,cgs,Integrated,IntegratedFlux,,7.25E+16,2.42E+18,hz,,
749.945,,,seconds,6.89E-10,1.35E-10,1.35E-10,cgs,Integrated,IntegratedFlux,,7.25E+16,2.42E+18,hz,,
754.285,,,seconds,6.51E-10,1.24E-10,1.24E-10,cgs,Integrated,IntegratedFlux,,7.25E+16,2.42E+18,hz,,
758.221,,,seconds,7.39E-10,1.41E-10,1.41E-10,cgs,Integrated,IntegratedFlux,,7.25E+16,2.42E+18,hz,,
762.047,,,seconds,6.80E-10,1.29E-10,1.29E-10,cgs,Integrated,IntegratedFlux,,7.25E+16,2.42E+18,hz,,
766.553,,,seconds,6.04E-10,1.16E-10,1.16E-10,cgs,Integrated,IntegratedFlux,,7.25E+16,2.42E+18,hz,,
770.782,,,seconds,7.04E-10,1.36E-10,1.36E-10,cgs,Integrated,IntegratedFlux,,7.25E+16,2.42E+18,hz,,
775.067,,,seconds,6.73E-10,1.29E-10,1.29E-10,cgs,Integrated,IntegratedFlux,,7.25E+16,2.42E+18,hz,,
779.573,,,seconds,5.89E-10,1.13E-10,1.13E-10,cgs,Integrated,IntegratedFlux,,7.25E+16,2.42E+18,hz,,
784.224,,,seconds,5.84E-10,1.13E-10,1.13E-10,cgs,Integrated,IntegratedFlux,,7.25E+16,2.42E+18,hz,,
788.454,,,seconds,7.36E-10,1.44E-10,1.44E-10,cgs,Integrated,IntegratedFlux,,7.25E+16,2.42E+18,hz,,
792.098,,,seconds,6.13E-10,1.19E-10,1.19E-10,cgs,Integrated,IntegratedFlux,,7.25E+16,2.42E+18,hz,,
796.701,,,seconds,6.79E-10,1.31E-10,1.31E-10,cgs,Integrated,IntegratedFlux,,7.25E+16,2.42E+18,hz,,
800.884,,,seconds,5.46E-10,1.06E-10,1.06E-10,cgs,Integrated,IntegratedFlux,,7.25E+16,2.42E+18,hz,,
805.002,,,seconds,9.57E-10,1.78E-10,1.78E-10,cgs,Integrated,IntegratedFlux,,7.25E+16,2.42E+18,hz,,
808.536,,,seconds,6.21E-10,1.15E-10,1.15E-10,cgs,Integrated,IntegratedFlux,,7.25E+16,2.42E+18,hz,,
812.901,,,seconds,7.31E-10,1.36E-10,1.36E-10,cgs,Integrated,IntegratedFlux,,7.25E+16,2.42E+18,hz,,
816.775,,,seconds,6.22E-10,1.19E-10,1.19E-10,cgs,Integrated,IntegratedFlux,,7.25E+16,2.42E+18,hz,,
820.861,,,seconds,6.34E-10,1.20E-10,1.20E-10,cgs,Integrated,IntegratedFlux,,7.25E+16,2.42E+18,hz,,
825.946,,,seconds,5.28E-10,1.04E-10,1.04E-10,cgs,Integrated,IntegratedFlux,,7.25E+16,2.42E+18,hz,,
830.798,,,seconds,6.54E-10,1.25E-10,1.25E-10,cgs,Integrated,IntegratedFlux,,7.25E+16,2.42E+18,hz,,
834.949,,,seconds,7.80E-10,1.50E-10,1.50E-10,cgs,Integrated,IntegratedFlux,,7.25E+16,2.42E+18,hz,,
839.089,,,seconds,6.28E-10,1.19E-10,1.19E-10,cgs,Integrated,IntegratedFlux,,7.25E+16,2.42E+18,hz,,
844.292,,,seconds,4.91E-10,9.57E-11,9.57E-11,cgs,Integrated,IntegratedFlux,,7.25E+16,2.42E+18,hz,,
849.332,,,seconds,6.50E-10,1.26E-10,1.26E-10,cgs,Integrated,IntegratedFlux,,7.25E+16,2.42E+18,hz,,
853.559,,,seconds,7.65E-10,1.47E-10,1.47E-10,cgs,Integrated,IntegratedFlux,,7.25E+16,2.42E+18,hz,,
857.103,,,seconds,7.46E-10,1.42E-10,1.42E-10,cgs,Integrated,IntegratedFlux,,7.25E+16,2.42E+18,hz,,
860.858,,,seconds,7.97E-10,1.51E-10,1.51E-10,cgs,Integrated,IntegratedFlux,,7.25E+16,2.42E+18,hz,,
865.255,,,seconds,5.20E-10,1.01E-10,1.01E-10,cgs,Integrated,IntegratedFlux,,7.25E+16,2.42E+18,hz,,
870.708,,,seconds,5.87E-10,1.12E-10,1.12E-10,cgs,Integrated,IntegratedFlux,,7.25E+16,2.42E+18,hz,,
875.531,,,seconds,5.52E-10,1.07E-10,1.07E-10,cgs,Integrated,IntegratedFlux,,7.25E+16,2.42E+18,hz,,
880.236,,,seconds,6.23E-10,1.19E-10,1.19E-10,cgs,Integrated,IntegratedFlux,,7.25E+16,2.42E+18,hz,,
885.357,,,seconds,5.14E-10,1.00E-10,1.00E-10,cgs,Integrated,IntegratedFlux,,7.25E+16,2.42E+18,hz,,
890.183,,,seconds,6.28E-10,1.20E-10,1.20E-10,cgs,Integrated,IntegratedFlux,,7.25E+16,2.42E+18,hz,,
894.86,,,seconds,6.87E-10,1.32E-10,1.32E-10,cgs,Integrated,IntegratedFlux,,7.25E+16,2.42E+18,hz,,
899.586,,,seconds,4.91E-10,9.64E-11,9.64E-11,cgs,Integrated,IntegratedFlux,,7.25E+16,2.42E+18,hz,,
904.781,,,seconds,5.67E-10,1.09E-10,1.09E-10,cgs,Integrated,IntegratedFlux,,7.25E+16,2.42E+18,hz,,
909.195,,,seconds,7.37E-10,1.39E-10,1.39E-10,cgs,Integrated,IntegratedFlux,,7.25E+16,2.42E+18,hz,,
914.264,,,seconds,4.41E-10,8.65E-11,8.65E-11,cgs,Integrated,IntegratedFlux,,7.25E+16,2.42E+18,hz,,
919.711,,,seconds,6.26E-10,1.18E-10,1.18E-10,cgs,Integrated,IntegratedFlux,,7.25E+16,2.42E+18,hz,,
925.002,,,seconds,4.71E-10,8.96E-11,8.96E-11,cgs,Integrated,IntegratedFlux,,7.25E+16,2.42E+18,hz,,
930.124,,,seconds,5.44E-10,1.04E-10,1.04E-10,cgs,Integrated,IntegratedFlux,,7.25E+16,2.42E+18,hz,,
935.729,,,seconds,4.82E-10,9.27E-11,9.27E-11,cgs,Integrated,IntegratedFlux,,7.25E+16,2.42E+18,hz,,
940.856,,,seconds,5.77E-10,1.12E-10,1.12E-10,cgs,Integrated,IntegratedFlux,,7.25E+16,2.42E+18,hz,,
945.625,,,seconds,5.79E-10,1.13E-10,1.13E-10,cgs,Integrated,IntegratedFlux,,7.25E+16,2.42E+18,hz,,
950.08,,,seconds,6.18E-10,1.18E-10,1.18E-10,cgs,Integrated,IntegratedFlux,,7.25E+16,2.42E+18,hz,,
954.94,,,seconds,6.19E-10,1.16E-10,1.16E-10,cgs,Integrated,IntegratedFlux,,7.25E+16,2.42E+18,hz,,
960.133,,,seconds,4.48E-10,8.53E-11,8.53E-11,cgs,Integrated,IntegratedFlux,,7.25E+16,2.42E+18,hz,,
965.626,,,seconds,7.16E-10,1.34E-10,1.34E-10,cgs,Integrated,IntegratedFlux,,7.25E+16,2.42E+18,hz,,
969.913,,,seconds,5.66E-10,1.09E-10,1.09E-10,cgs,Integrated,IntegratedFlux,,7.25E+16,2.42E+18,hz,,
975.411,,,seconds,4.66E-10,8.81E-11,8.81E-11,cgs,Integrated,IntegratedFlux,,7.25E+16,2.42E+18,hz,,
980.924,,,seconds,5.34E-10,1.01E-10,1.01E-10,cgs,Integrated,IntegratedFlux,,7.25E+16,2.42E+18,hz,,
986.58,,,seconds,5.65E-10,1.09E-10,1.09E-10,cgs,Integrated,IntegratedFlux,,7.25E+16,2.42E+18,hz,,
990.535,,,seconds,6.88E-10,1.32E-10,1.32E-10,cgs,Integrated,IntegratedFlux,,7.25E+16,2.42E+18,hz,,
994.789,,,seconds,6.46E-10,1.22E-10,1.22E-10,cgs,Integrated,IntegratedFlux,,7.25E+16,2.42E+18,hz,,
999.137,,,seconds,6.62E-10,1.26E-10,1.26E-10,cgs,Integrated,IntegratedFlux,,7.25E+16,2.42E+18,hz,,
1004.289,,,seconds,5.14E-10,1.00E-10,1.00E-10,cgs,Integrated,IntegratedFlux,,7.25E+16,2.42E+18,hz,,
1008.95,,,seconds,6.13E-10,1.15E-10,1.15E-10,cgs,Integrated,IntegratedFlux,,7.25E+16,2.42E+18,hz,,
1014.17,,,seconds,5.35E-10,1.01E-10,1.01E-10,cgs,Integrated,IntegratedFlux,,7.25E+16,2.42E+18,hz,,
1019.194,,,seconds,4.82E-10,9.34E-11,9.34E-11,cgs,Integrated,IntegratedFlux,,7.25E+16,2.42E+18,hz,,
1025.212,,,seconds,5.05E-10,9.66E-11,9.66E-11,cgs,Integrated,IntegratedFlux,,7.25E+16,2.42E+18,hz,,
1029.937,,,seconds,6.52E-10,1.22E-10,1.22E-10,cgs,Integrated,IntegratedFlux,,7.25E+16,2.42E+18,hz,,
1034.539,,,seconds,5.78E-10,1.09E-10,1.09E-10,cgs,Integrated,IntegratedFlux,,7.25E+16,2.42E+18,hz,,
1039.932,,,seconds,5.40E-10,1.06E-10,1.06E-10,cgs,Integrated,IntegratedFlux,,7.25E+16,2.42E+18,hz,,
1045.633,,,seconds,4.65E-10,8.79E-11,8.79E-11,cgs,Integrated,IntegratedFlux,,7.25E+16,2.42E+18,hz,,
1050.709,,,seconds,5.67E-10,1.08E-10,1.08E-10,cgs,Integrated,IntegratedFlux,,7.25E+16,2.42E+18,hz,,
1056.674,,,seconds,4.84E-10,9.15E-11,9.15E-11,cgs,Integrated,IntegratedFlux,,7.25E+16,2.42E+18,hz,,
1061.74,,,seconds,6.94E-10,1.32E-10,1.32E-10,cgs,Integrated,IntegratedFlux,,7.25E+16,2.42E+18,hz,,
1066.305,,,seconds,5.36E-10,1.02E-10,1.02E-10,cgs,Integrated,IntegratedFlux,,7.25E+16,2.42E+18,hz,,
1071.8,,,seconds,5.15E-10,9.60E-11,9.60E-11,cgs,Integrated,IntegratedFlux,,7.25E+16,2.42E+18,hz,,
1076.979,,,seconds,5.47E-10,1.01E-10,1.01E-10,cgs,Integrated,IntegratedFlux,,7.25E+16,2.42E+18,hz,,
1082.236,,,seconds,4.64E-10,8.97E-11,8.97E-11,cgs,Integrated,IntegratedFlux,,7.25E+16,2.42E+18,hz,,
1087.921,,,seconds,4.96E-10,9.76E-11,9.76E-11,cgs,Integrated,IntegratedFlux,,7.25E+16,2.42E+18,hz,,
1092.946,,,seconds,6.08E-10,1.20E-10,1.20E-10,cgs,Integrated,IntegratedFlux,,7.25E+16,2.42E+18,hz,,
1098.564,,,seconds,5.19E-10,9.94E-11,9.94E-11,cgs,Integrated,IntegratedFlux,,7.25E+16,2.42E+18,hz,,
1103.759,,,seconds,5.80E-10,1.14E-10,1.14E-10,cgs,Integrated,IntegratedFlux,,7.25E+16,2.42E+18,hz,,
1107.881,,,seconds,6.54E-10,1.26E-10,1.26E-10,cgs,Integrated,IntegratedFlux,,7.25E+16,2.42E+18,hz,,
1112.575,,,seconds,5.65E-10,1.07E-10,1.07E-10,cgs,Integrated,IntegratedFlux,,7.25E+16,2.42E+18,hz,,
1118.674,,,seconds,4.47E-10,8.45E-11,8.45E-11,cgs,Integrated,IntegratedFlux,,7.25E+16,2.42E+18,hz,,
1124.327,,,seconds,5.25E-10,1.01E-10,1.01E-10,cgs,Integrated,IntegratedFlux,,7.25E+16,2.42E+18,hz,,
1128.753,,,seconds,6.85E-10,1.29E-10,1.29E-10,cgs,Integrated,IntegratedFlux,,7.25E+16,2.42E+18,hz,,
1133.495,,,seconds,5.50E-10,1.05E-10,1.05E-10,cgs,Integrated,IntegratedFlux,,7.25E+16,2.42E+18,hz,,
1138.178,,,seconds,5.97E-10,1.14E-10,1.14E-10,cgs,Integrated,IntegratedFlux,,7.25E+16,2.42E+18,hz,,
1143.583,,,seconds,4.72E-10,9.18E-11,9.18E-11,cgs,Integrated,IntegratedFlux,,7.25E+16,2.42E+18,hz,,
1149.348,,,seconds,4.50E-10,8.49E-11,8.49E-11,cgs,Integrated,IntegratedFlux,,7.25E+16,2.42E+18,hz,,
1155.808,,,seconds,5.22E-10,9.95E-11,9.95E-11,cgs,Integrated,IntegratedFlux,,7.25E+16,2.42E+18,hz,,
1161.67,,,seconds,4.51E-10,8.50E-11,8.50E-11,cgs,Integrated,IntegratedFlux,,7.25E+16,2.42E+18,hz,,
1166.881,,,seconds,5.22E-10,1.02E-10,1.02E-10,cgs,Integrated,IntegratedFlux,,7.25E+16,2.42E+18,hz,,
1171.991,,,seconds,5.57E-10,1.05E-10,1.05E-10,cgs,Integrated,IntegratedFlux,,7.25E+16,2.42E+18,hz,,
1177.509,,,seconds,5.02E-10,9.47E-11,9.47E-11,cgs,Integrated,IntegratedFlux,,7.25E+16,2.42E+18,hz,,
1182.633,,,seconds,5.31E-10,1.01E-10,1.01E-10,cgs,Integrated,IntegratedFlux,,7.25E+16,2.42E+18,hz,,
1188.278,,,seconds,4.47E-10,8.56E-11,8.56E-11,cgs,Integrated,IntegratedFlux,,7.25E+16,2.42E+18,hz,,
1194.405,,,seconds,5.27E-10,1.00E-10,1.00E-10,cgs,Integrated,IntegratedFlux,,7.25E+16,2.42E+18,hz,,
1200.361,,,seconds,5.14E-10,9.67E-11,9.67E-11,cgs,Integrated,IntegratedFlux,,7.25E+16,2.42E+18,hz,,
1205.775,,,seconds,5.22E-10,1.00E-10,1.00E-10,cgs,Integrated,IntegratedFlux,,7.25E+16,2.42E+18,hz,,
1210.869,,,seconds,5.09E-10,9.60E-11,9.60E-11,cgs,Integrated,IntegratedFlux,,7.25E+16,2.42E+18,hz,,
1216.639,,,seconds,4.82E-10,9.51E-11,9.51E-11,cgs,Integrated,IntegratedFlux,,7.25E+16,2.42E+18,hz,,
1223.212,,,seconds,3.19E-10,6.95E-11,6.95E-11,cgs,Integrated,IntegratedFlux,,7.25E+16,2.42E+18,hz,,
1229.155,,,seconds,4.28E-10,8.20E-11,8.20E-11,cgs,Integrated,IntegratedFlux,,7.25E+16,2.42E+18,hz,,
1235.209,,,seconds,5.26E-10,9.94E-11,9.94E-11,cgs,Integrated,IntegratedFlux,,7.25E+16,2.42E+18,hz,,
1240.776,,,seconds,4.09E-10,7.59E-11,7.59E-11,cgs,Integrated,IntegratedFlux,,7.25E+16,2.42E+18,hz,,
1247.142,,,seconds,3.30E-10,7.11E-11,7.11E-11,cgs,Integrated,IntegratedFlux,,7.25E+16,2.42E+18,hz,,
1253.109,,,seconds,4.26E-10,8.08E-11,8.08E-11,cgs,Integrated,IntegratedFlux,,7.25E+16,2.42E+18,hz,,
1259.962,,,seconds,5.15E-10,1.00E-10,1.00E-10,cgs,Integrated,IntegratedFlux,,7.25E+16,2.42E+18,hz,,
1265.431,,,seconds,4.66E-10,8.96E-11,8.96E-11,cgs,Integrated,IntegratedFlux,,7.25E+16,2.42E+18,hz,,
1271.199,,,seconds,3.15E-10,6.74E-11,6.74E-11,cgs,Integrated,IntegratedFlux,,7.25E+16,2.42E+18,hz,,
1277.674,,,seconds,3.85E-10,7.38E-11,7.38E-11,cgs,Integrated,IntegratedFlux,,7.25E+16,2.42E+18,hz,,
1284.031,,,seconds,5.09E-10,1.00E-10,1.00E-10,cgs,Integrated,IntegratedFlux,,7.25E+16,2.42E+18,hz,,
1289.258,,,seconds,3.74E-10,8.26E-11,8.26E-11,cgs,Integrated,IntegratedFlux,,7.25E+16,2.42E+18,hz,,
1294.191,,,seconds,6.21E-10,1.18E-10,1.18E-10,cgs,Integrated,IntegratedFlux,,7.25E+16,2.42E+18,hz,,
1298.948,,,seconds,3.77E-10,8.07E-11,8.07E-11,cgs,Integrated,IntegratedFlux,,7.25E+16,2.42E+18,hz,,
1304.082,,,seconds,3.70E-10,7.99E-11,7.99E-11,cgs,Integrated,IntegratedFlux,,7.25E+16,2.42E+18,hz,,
1309.719,,,seconds,4.93E-10,9.45E-11,9.45E-11,cgs,Integrated,IntegratedFlux,,7.25E+16,2.42E+18,hz,,
1315.454,,,seconds,4.16E-10,7.98E-11,7.98E-11,cgs,Integrated,IntegratedFlux,,7.25E+16,2.42E+18,hz,,
1322.047,,,seconds,4.81E-10,9.20E-11,9.20E-11,cgs,Integrated,IntegratedFlux,,7.25E+16,2.42E+18,hz,,
1327.923,,,seconds,5.23E-10,9.84E-11,9.84E-11,cgs,Integrated,IntegratedFlux,,7.25E+16,2.42E+18,hz,,
1333.709,,,seconds,3.76E-10,7.37E-11,7.37E-11,cgs,Integrated,IntegratedFlux,,7.25E+16,2.42E+18,hz,,
1340.35,,,seconds,4.26E-10,8.15E-11,8.15E-11,cgs,Integrated,IntegratedFlux,,7.25E+16,2.42E+18,hz,,
1346.345,,,seconds,4.74E-10,9.09E-11,9.09E-11,cgs,Integrated,IntegratedFlux,,7.25E+16,2.42E+18,hz,,
1352.557,,,seconds,4.34E-10,8.29E-11,8.29E-11,cgs,Integrated,IntegratedFlux,,7.25E+16,2.42E+18,hz,,
1359.564,,,seconds,3.79E-10,7.27E-11,7.27E-11,cgs,Integrated,IntegratedFlux,,7.25E+16,2.42E+18,hz,,
1366.446,,,seconds,3.88E-10,8.37E-11,8.37E-11,cgs,Integrated,IntegratedFlux,,7.25E+16,2.42E+18,hz,,
1371.707,,,seconds,4.17E-10,8.06E-11,8.06E-11,cgs,Integrated,IntegratedFlux,,7.25E+16,2.42E+18,hz,,
1378.043,,,seconds,5.03E-10,9.60E-11,9.60E-11,cgs,Integrated,IntegratedFlux,,7.25E+16,2.42E+18,hz,,
1383.319,,,seconds,3.67E-10,8.07E-11,8.07E-11,cgs,Integrated,IntegratedFlux,,7.25E+16,2.42E+18,hz,,
1388.271,,,seconds,2.94E-10,6.75E-11,6.75E-11,cgs,Integrated,IntegratedFlux,,7.25E+16,2.42E+18,hz,,
1394.563,,,seconds,3.78E-10,8.22E-11,8.22E-11,cgs,Integrated,IntegratedFlux,,7.25E+16,2.42E+18,hz,,
1399.746,,,seconds,4.05E-10,7.77E-11,7.77E-11,cgs,Integrated,IntegratedFlux,,7.25E+16,2.42E+18,hz,,
1405.646,,,seconds,5.27E-10,1.02E-10,1.02E-10,cgs,Integrated,IntegratedFlux,,7.25E+16,2.42E+18,hz,,
1411.624,,,seconds,4.56E-10,8.55E-11,8.55E-11,cgs,Integrated,IntegratedFlux,,7.25E+16,2.42E+18,hz,,
1417.792,,,seconds,4.19E-10,8.17E-11,8.17E-11,cgs,Integrated,IntegratedFlux,,7.25E+16,2.42E+18,hz,,
1424.31,,,seconds,4.65E-10,8.83E-11,8.83E-11,cgs,Integrated,IntegratedFlux,,7.25E+16,2.42E+18,hz,,
1429.919,,,seconds,4.71E-10,8.95E-11,8.95E-11,cgs,Integrated,IntegratedFlux,,7.25E+16,2.42E+18,hz,,
1435.832,,,seconds,4.72E-10,9.09E-11,9.09E-11,cgs,Integrated,IntegratedFlux,,7.25E+16,2.42E+18,hz,,
1441.633,,,seconds,4.71E-10,9.01E-11,9.01E-11,cgs,Integrated,IntegratedFlux,,7.25E+16,2.42E+18,hz,,
1447.191,,,seconds,3.74E-10,8.25E-11,8.25E-11,cgs,Integrated,IntegratedFlux,,7.25E+16,2.42E+18,hz,,
1452.463,,,seconds,4.43E-10,8.47E-11,8.47E-11,cgs,Integrated,IntegratedFlux,,7.25E+16,2.42E+18,hz,,
1457.982,,,seconds,3.65E-10,8.03E-11,8.03E-11,cgs,Integrated,IntegratedFlux,,7.25E+16,2.42E+18,hz,,
1464.14,,,seconds,4.25E-10,7.95E-11,7.95E-11,cgs,Integrated,IntegratedFlux,,7.25E+16,2.42E+18,hz,,
1470.831,,,seconds,4.56E-10,8.75E-11,8.75E-11,cgs,Integrated,IntegratedFlux,,7.25E+16,2.42E+18,hz,,
1476.793,,,seconds,4.41E-10,8.30E-11,8.30E-11,cgs,Integrated,IntegratedFlux,,7.25E+16,2.42E+18,hz,,
1483.067,,,seconds,3.07E-10,7.00E-11,7.00E-11,cgs,Integrated,IntegratedFlux,,7.25E+16,2.42E+18,hz,,
1488.778,,,seconds,4.44E-10,8.29E-11,8.29E-11,cgs,Integrated,IntegratedFlux,,7.25E+16,2.42E+18,hz,,
1495.056,,,seconds,3.08E-10,6.60E-11,6.60E-11,cgs,Integrated,IntegratedFlux,,7.25E+16,2.42E+18,hz,,
1500.318,,,seconds,3.86E-10,7.87E-11,7.87E-11,cgs,Integrated,IntegratedFlux,,7.25E+16,2.42E+18,hz,,
1506.08,,,seconds,4.93E-10,9.42E-11,9.42E-11,cgs,Integrated,IntegratedFlux,,7.25E+16,2.42E+18,hz,,
1512.567,,,seconds,4.19E-10,8.14E-11,8.14E-11,cgs,Integrated,IntegratedFlux,,7.25E+16,2.42E+18,hz,,
1519.019,,,seconds,3.82E-10,7.49E-11,7.49E-11,cgs,Integrated,IntegratedFlux,,7.25E+16,2.42E+18,hz,,
1525.277,,,seconds,3.52E-10,7.55E-11,7.55E-11,cgs,Integrated,IntegratedFlux,,7.25E+16,2.42E+18,hz,,
1530.571,,,seconds,3.83E-10,8.05E-11,8.05E-11,cgs,Integrated,IntegratedFlux,,7.25E+16,2.42E+18,hz,,
1536.036,,,seconds,3.66E-10,8.09E-11,8.09E-11,cgs,Integrated,IntegratedFlux,,7.25E+16,2.42E+18,hz,,
1541.854,,,seconds,4.22E-10,8.08E-11,8.08E-11,cgs,Integrated,IntegratedFlux,,7.25E+16,2.42E+18,hz,,
1547.58,,,seconds,3.79E-10,7.64E-11,7.64E-11,cgs,Integrated,IntegratedFlux,,7.25E+16,2.42E+18,hz,,
1553.667,,,seconds,4.60E-10,8.69E-11,8.69E-11,cgs,Integrated,IntegratedFlux,,7.25E+16,2.42E+18,hz,,
1560.178,,,seconds,3.19E-10,7.17E-11,7.17E-11,cgs,Integrated,IntegratedFlux,,7.25E+16,2.42E+18,hz,,
1565.985,,,seconds,3.66E-10,7.24E-11,7.24E-11,cgs,Integrated,IntegratedFlux,,7.25E+16,2.42E+18,hz,,
1572.307,,,seconds,3.51E-10,7.51E-11,7.51E-11,cgs,Integrated,IntegratedFlux,,7.25E+16,2.42E+18,hz,,
1577.986,,,seconds,3.41E-10,7.42E-11,7.42E-11,cgs,Integrated,IntegratedFlux,,7.25E+16,2.42E+18,hz,,
1583.415,,,seconds,2.78E-10,5.92E-11,5.92E-11,cgs,Integrated,IntegratedFlux,,7.25E+16,2.42E+18,hz,,
1590.15,,,seconds,4.30E-10,8.09E-11,8.09E-11,cgs,Integrated,IntegratedFlux,,7.25E+16,2.42E+18,hz,,
1596.179,,,seconds,4.31E-10,8.27E-11,8.27E-11,cgs,Integrated,IntegratedFlux,,7.25E+16,2.42E+18,hz,,
1603.055,,,seconds,2.99E-10,6.43E-11,6.43E-11,cgs,Integrated,IntegratedFlux,,7.25E+16,2.42E+18,hz,,
1609.062,,,seconds,4.58E-10,8.88E-11,8.88E-11,cgs,Integrated,IntegratedFlux,,7.25E+16,2.42E+18,hz,,
1614.38,,,seconds,3.83E-10,8.17E-11,8.17E-11,cgs,Integrated,IntegratedFlux,,7.25E+16,2.42E+18,hz,,
1620.611,,,seconds,4.06E-10,7.70E-11,7.70E-11,cgs,Integrated,IntegratedFlux,,7.25E+16,2.42E+18,hz,,
1627.014,,,seconds,4.16E-10,7.81E-11,7.81E-11,cgs,Integrated,IntegratedFlux,,7.25E+16,2.42E+18,hz,,
1633.542,,,seconds,3.20E-10,6.89E-11,6.89E-11,cgs,Integrated,IntegratedFlux,,7.25E+16,2.42E+18,hz,,
1639.457,,,seconds,5.07E-10,9.44E-11,9.44E-11,cgs,Integrated,IntegratedFlux,,7.25E+16,2.42E+18,hz,,
1645.044,,,seconds,4.09E-10,7.83E-11,7.83E-11,cgs,Integrated,IntegratedFlux,,7.25E+16,2.42E+18,hz,,
1651.713,,,seconds,3.61E-10,7.67E-11,7.67E-11,cgs,Integrated,IntegratedFlux,,7.25E+16,2.42E+18,hz,,
1657.337,,,seconds,4.23E-10,8.12E-11,8.12E-11,cgs,Integrated,IntegratedFlux,,7.25E+16,2.42E+18,hz,,
1664.255,,,seconds,2.64E-10,5.66E-11,5.66E-11,cgs,Integrated,IntegratedFlux,,7.25E+16,2.42E+18,hz,,
1670.918,,,seconds,3.08E-10,6.57E-11,6.57E-11,cgs,Integrated,IntegratedFlux,,7.25E+16,2.42E+18,hz,,
1676.797,,,seconds,4.51E-10,8.68E-11,8.68E-11,cgs,Integrated,IntegratedFlux,,7.25E+16,2.42E+18,hz,,
1682.707,,,seconds,4.15E-10,7.82E-11,7.82E-11,cgs,Integrated,IntegratedFlux,,7.25E+16,2.42E+18,hz,,
1689.126,,,seconds,3.83E-10,8.03E-11,8.03E-11,cgs,Integrated,IntegratedFlux,,7.25E+16,2.42E+18,hz,,
1694.979,,,seconds,4.32E-10,8.36E-11,8.36E-11,cgs,Integrated,IntegratedFlux,,7.25E+16,2.42E+18,hz,,
1700.492,,,seconds,3.43E-10,7.72E-11,7.72E-11,cgs,Integrated,IntegratedFlux,,7.25E+16,2.42E+18,hz,,
1705.788,,,seconds,3.39E-10,7.46E-11,7.46E-11,cgs,Integrated,IntegratedFlux,,7.25E+16,2.42E+18,hz,,
1711.919,,,seconds,3.86E-10,8.36E-11,8.36E-11,cgs,Integrated,IntegratedFlux,,7.25E+16,2.42E+18,hz,,
1716.637,,,seconds,3.44E-10,7.54E-11,7.54E-11,cgs,Integrated,IntegratedFlux,,7.25E+16,2.42E+18,hz,,
1722.033,,,seconds,2.73E-10,5.81E-11,5.81E-11,cgs,Integrated,IntegratedFlux,,7.25E+16,2.42E+18,hz,,
1727.995,,,seconds,3.57E-10,8.18E-11,8.18E-11,cgs,Integrated,IntegratedFlux,,7.25E+16,2.42E+18,hz,,
1733.62,,,seconds,3.73E-10,7.98E-11,7.98E-11,cgs,Integrated,IntegratedFlux,,7.25E+16,2.42E+18,hz,,
1738.645,,,seconds,2.88E-10,6.39E-11,6.39E-11,cgs,Integrated,IntegratedFlux,,7.25E+16,2.42E+18,hz,,
1744.605,,,seconds,4.52E-10,8.48E-11,8.48E-11,cgs,Integrated,IntegratedFlux,,7.25E+16,2.42E+18,hz,,
1749.971,,,seconds,3.78E-10,8.10E-11,8.10E-11,cgs,Integrated,IntegratedFlux,,7.25E+16,2.42E+18,hz,,
1755.421,,,seconds,3.31E-10,7.29E-11,7.29E-11,cgs,Integrated,IntegratedFlux,,7.25E+16,2.42E+18,hz,,
1760.786,,,seconds,3.02E-10,6.64E-11,6.64E-11,cgs,Integrated,IntegratedFlux,,7.25E+16,2.42E+18,hz,,
1766.109,,,seconds,3.57E-10,7.69E-11,7.69E-11,cgs,Integrated,IntegratedFlux,,7.25E+16,2.42E+18,hz,,
1771.929,,,seconds,4.78E-10,8.89E-11,8.89E-11,cgs,Integrated,IntegratedFlux,,7.25E+16,2.42E+18,hz,,
1777.385,,,seconds,3.10E-10,6.60E-11,6.60E-11,cgs,Integrated,IntegratedFlux,,7.25E+16,2.42E+18,hz,,
1784.236,,,seconds,3.73E-10,7.10E-11,7.10E-11,cgs,Integrated,IntegratedFlux,,7.25E+16,2.42E+18,hz,,
1791.117,,,seconds,2.82E-10,6.20E-11,6.20E-11,cgs,Integrated,IntegratedFlux,,7.25E+16,2.42E+18,hz,,
1797.289,,,seconds,3.12E-10,7.35E-11,7.35E-11,cgs,Integrated,IntegratedFlux,,7.25E+16,2.42E+18,hz,,
1803.37,,,seconds,3.02E-10,6.66E-11,6.66E-11,cgs,Integrated,IntegratedFlux,,7.25E+16,2.42E+18,hz,,
1808.652,,,seconds,2.71E-10,6.34E-11,6.34E-11,cgs,Integrated,IntegratedFlux,,7.25E+16,2.42E+18,hz,,
1838.229,,,seconds,1.33E-10,2.99E-11,2.99E-11,cgs,Integrated,IntegratedFlux,,7.25E+16,2.42E+18,hz,,
1883.487,,,seconds,3.82E-10,7.98E-11,7.98E-11,cgs,Integrated,IntegratedFlux,,7.25E+16,2.42E+18,hz,,
1910.615,,,seconds,3.04E-10,6.81E-11,6.81E-11,cgs,Integrated,IntegratedFlux,,7.25E+16,2.42E+18,hz,,
1945.448,,,seconds,2.07E-10,4.66E-11,4.66E-11,cgs,Integrated,IntegratedFlux,,7.25E+16,2.42E+18,hz,,
2002.718,,,seconds,1.72E-10,3.88E-11,3.88E-11,cgs,Integrated,IntegratedFlux,,7.25E+16,2.42E+18,hz,,
2052.91,,,seconds,2.83E-10,6.36E-11,6.36E-11,cgs,Integrated,IntegratedFlux,,7.25E+16,2.42E+18,hz,,
2087.291,,,seconds,2.73E-10,5.84E-11,5.84E-11,cgs,Integrated,IntegratedFlux,,7.25E+16,2.42E+18,hz,,
2125.345,,,seconds,2.09E-10,4.69E-11,4.69E-11,cgs,Integrated,IntegratedFlux,,7.25E+16,2.42E+18,hz,,
2173.744,,,seconds,2.33E-10,5.21E-11,5.21E-11,cgs,Integrated,IntegratedFlux,,7.25E+16,2.42E+18,hz,,
2243.632,,,seconds,2.19E-10,3.53E-11,3.53E-11,cgs,Integrated,IntegratedFlux,,7.25E+16,2.42E+18,hz,,
5572.129,,,seconds,1.04E-10,2.23E-11,2.23E-11,cgs,Integrated,IntegratedFlux,,7.25E+16,2.42E+18,hz,,
5610.417,,,seconds,7.42E-11,1.62E-11,1.62E-11,cgs,Integrated,IntegratedFlux,,7.25E+16,2.42E+18,hz,,
5641.227,,,seconds,1.01E-10,2.22E-11,2.22E-11,cgs,Integrated,IntegratedFlux,,7.25E+16,2.42E+18,hz,,
5674.487,,,seconds,9.29E-11,2.09E-11,2.09E-11,cgs,Integrated,IntegratedFlux,,7.25E+16,2.42E+18,hz,,
5711.28,,,seconds,7.19E-11,1.54E-11,1.54E-11,cgs,Integrated,IntegratedFlux,,7.25E+16,2.42E+18,hz,,
5752.155,,,seconds,1.06E-10,1.77E-11,1.77E-11,cgs,Integrated,IntegratedFlux,,7.25E+16,2.42E+18,hz,,
6153.981,,,seconds,9.06E-11,2.03E-11,2.03E-11,cgs,Integrated,IntegratedFlux,,7.25E+16,2.42E+18,hz,,
6181.429,,,seconds,7.09E-11,1.56E-11,1.56E-11,cgs,Integrated,IntegratedFlux,,7.25E+16,2.42E+18,hz,,
6215.907,,,seconds,7.73E-11,1.73E-11,1.73E-11,cgs,Integrated,IntegratedFlux,,7.25E+16,2.42E+18,hz,,
6250.531,,,seconds,8.14E-11,1.63E-11,1.63E-11,cgs,Integrated,IntegratedFlux,,7.25E+16,2.42E+18,hz,,
6276.167,,,seconds,1.03E-10,2.16E-11,2.16E-11,cgs,Integrated,IntegratedFlux,,7.25E+16,2.42E+18,hz,,
6305.548,,,seconds,8.97E-11,2.01E-11,2.01E-11,cgs,Integrated,IntegratedFlux,,7.25E+16,2.42E+18,hz,,
6329.485,,,seconds,8.57E-11,1.88E-11,1.88E-11,cgs,Integrated,IntegratedFlux,,7.25E+16,2.42E+18,hz,,
6366.248,,,seconds,5.26E-11,1.15E-11,1.15E-11,cgs,Integrated,IntegratedFlux,,7.25E+16,2.42E+18,hz,,
6401.579,,,seconds,9.93E-11,2.22E-11,2.22E-11,cgs,Integrated,IntegratedFlux,,7.25E+16,2.42E+18,hz,,
6431.657,,,seconds,5.01E-11,1.13E-11,1.13E-11,cgs,Integrated,IntegratedFlux,,7.25E+16,2.42E+18,hz,,
6465.012,,,seconds,8.97E-11,2.01E-11,2.01E-11,cgs,Integrated,IntegratedFlux,,7.25E+16,2.42E+18,hz,,
6505.349,,,seconds,6.08E-11,1.33E-11,1.33E-11,cgs,Integrated,IntegratedFlux,,7.25E+16,2.42E+18,hz,,
6541.105,,,seconds,6.13E-11,1.37E-11,1.37E-11,cgs,Integrated,IntegratedFlux,,7.25E+16,2.42E+18,hz,,
6572.699,,,seconds,7.75E-11,1.73E-11,1.73E-11,cgs,Integrated,IntegratedFlux,,7.25E+16,2.42E+18,hz,,
6615.069,,,seconds,5.03E-11,1.08E-11,1.08E-11,cgs,Integrated,IntegratedFlux,,7.25E+16,2.42E+18,hz,,
6656.317,,,seconds,6.64E-11,1.49E-11,1.49E-11,cgs,Integrated,IntegratedFlux,,7.25E+16,2.42E+18,hz,,
6691.422,,,seconds,9.74E-11,1.95E-11,1.95E-11,cgs,Integrated,IntegratedFlux,,7.25E+16,2.42E+18,hz,,
7967.59,,,seconds,6.23E-11,1.40E-11,1.40E-11,cgs,Integrated,IntegratedFlux,,7.25E+16,2.42E+18,hz,,
8000.979,,,seconds,7.13E-11,1.56E-11,1.56E-11,cgs,Integrated,IntegratedFlux,,7.25E+16,2.42E+18,hz,,
8039.682,,,seconds,5.73E-11,1.08E-11,1.08E-11,cgs,Integrated,IntegratedFlux,,7.25E+16,2.42E+18,hz,,
11911.735,,,seconds,4.36E-11,9.77E-12,9.77E-12,cgs,Integrated,IntegratedFlux,,7.25E+16,2.42E+18,hz,,
11961.751,,,seconds,3.13E-11,7.03E-12,7.03E-12,cgs,Integrated,IntegratedFlux,,7.25E+16,2.42E+18,hz,,
12023.491,,,seconds,3.59E-11,7.84E-12,7.84E-12,cgs,Integrated,IntegratedFlux,,7.25E+16,2.42E+18,hz,,
12064.925,,,seconds,4.33E-11,9.48E-12,9.48E-12,cgs,Integrated,IntegratedFlux,,7.25E+16,2.42E+18,hz,,
12110.313,,,seconds,3.95E-11,8.85E-12,8.85E-12,cgs,Integrated,IntegratedFlux,,7.25E+16,2.42E+18,hz,,
12178.354,,,seconds,3.55E-11,5.85E-12,5.85E-12,cgs,Integrated,IntegratedFlux,,7.25E+16,2.42E+18,hz,,
13745.235,,,seconds,2.55E-11,5.72E-12,5.72E-12,cgs,Integrated,IntegratedFlux,,7.25E+16,2.42E+18,hz,,
13803.874,,,seconds,2.22E-11,4.88E-12,4.88E-12,cgs,Integrated,IntegratedFlux,,7.25E+16,2.42E+18,hz,,
18863.226,,,seconds,1.65E-11,3.70E-12,3.70E-12,cgs,Integrated,IntegratedFlux,,7.25E+16,2.42E+18,hz,,
18966.15,,,seconds,1.74E-11,3.91E-12,3.91E-12,cgs,Integrated,IntegratedFlux,,7.25E+16,2.42E+18,hz,,
19067.273,,,seconds,2.30E-11,5.03E-12,5.03E-12,cgs,Integrated,IntegratedFlux,,7.25E+16,2.42E+18,hz,,
19125.998,,,seconds,3.07E-11,6.87E-12,6.87E-12,cgs,Integrated,IntegratedFlux,,7.25E+16,2.42E+18,hz,,
19205.638,,,seconds,1.81E-11,3.98E-12,3.98E-12,cgs,Integrated,IntegratedFlux,,7.25E+16,2.42E+18,hz,,
19302.633,,,seconds,2.12E-11,4.77E-12,4.77E-12,cgs,Integrated,IntegratedFlux,,7.25E+16,2.42E+18,hz,,
19367.825,,,seconds,2.84E-11,6.38E-12,6.38E-12,cgs,Integrated,IntegratedFlux,,7.25E+16,2.42E+18,hz,,
19445.922,,,seconds,2.14E-11,4.80E-12,4.80E-12,cgs,Integrated,IntegratedFlux,,7.25E+16,2.42E+18,hz,,
19555.743,,,seconds,1.91E-11,3.34E-12,3.34E-12,cgs,Integrated,IntegratedFlux,,7.25E+16,2.42E+18,hz,,
24816.767,,,seconds,1.48E-11,3.25E-12,3.25E-12,cgs,Integrated,IntegratedFlux,,7.25E+16,2.42E+18,hz,,
24901.548,,,seconds,2.41E-11,5.28E-12,5.28E-12,cgs,Integrated,IntegratedFlux,,7.25E+16,2.42E+18,hz,,
24973.924,,,seconds,1.68E-11,3.77E-12,3.77E-12,cgs,Integrated,IntegratedFlux,,7.25E+16,2.42E+18,hz,,
25084.257,,,seconds,2.02E-11,4.54E-12,4.54E-12,cgs,Integrated,IntegratedFlux,,7.25E+16,2.42E+18,hz,,
25166.367,,,seconds,1.92E-11,4.30E-12,4.30E-12,cgs,Integrated,IntegratedFlux,,7.25E+16,2.42E+18,hz,,
25265.229,,,seconds,2.28E-11,5.00E-12,5.00E-12,cgs,Integrated,IntegratedFlux,,7.25E+16,2.42E+18,hz,,
25347.679,,,seconds,1.63E-11,3.48E-12,3.48E-12,cgs,Integrated,IntegratedFlux,,7.25E+16,2.42E+18,hz,,
29935.051,,,seconds,1.37E-11,3.08E-12,3.08E-12,cgs,Integrated,IntegratedFlux,,7.25E+16,2.42E+18,hz,,
30055.041,,,seconds,1.64E-11,3.69E-12,3.69E-12,cgs,Integrated,IntegratedFlux,,7.25E+16,2.42E+18,hz,,
30165.734,,,seconds,1.41E-11,3.15E-12,3.15E-12,cgs,Integrated,IntegratedFlux,,7.25E+16,2.42E+18,hz,,
30297.43,,,seconds,1.57E-11,3.36E-12,3.36E-12,cgs,Integrated,IntegratedFlux,,7.25E+16,2.42E+18,hz,,
30450.812,,,seconds,1.15E-11,2.59E-12,2.59E-12,cgs,Integrated,IntegratedFlux,,7.25E+16,2.42E+18,hz,,
30584.696,,,seconds,1.25E-11,2.81E-12,2.81E-12,cgs,Integrated,IntegratedFlux,,7.25E+16,2.42E+18,hz,,
30733.652,,,seconds,8.53E-12,1.92E-12,1.92E-12,cgs,Integrated,IntegratedFlux,,7.25E+16,2.42E+18,hz,,
30870.277,,,seconds,7.30E-12,1.64E-12,1.64E-12,cgs,Integrated,IntegratedFlux,,7.25E+16,2.42E+18,hz,,
31015.473,,,seconds,1.87E-11,4.20E-12,4.20E-12,cgs,Integrated,IntegratedFlux,,7.25E+16,2.42E+18,hz,,
31140.854,,,seconds,1.46E-11,3.06E-12,3.06E-12,cgs,Integrated,IntegratedFlux,,7.25E+16,2.42E+18,hz,,
35893.714,,,seconds,1.11E-11,2.43E-12,2.43E-12,cgs,Integrated,IntegratedFlux,,7.25E+16,2.42E+18,hz,,
36164.368,,,seconds,7.63E-12,1.72E-12,1.72E-12,cgs,Integrated,IntegratedFlux,,7.25E+16,2.42E+18,hz,,
36521.046,,,seconds,8.47E-12,1.61E-12,1.61E-12,cgs,Integrated,IntegratedFlux,,7.25E+16,2.42E+18,hz,,
98715.625,,,seconds,5.14E-12,1.16E-12,1.16E-12,cgs,Integrated,IntegratedFlux,,7.25E+16,2.42E+18,hz,,
98883.146,,,seconds,3.53E-12,9.16E-13,9.16E-13,cgs,Integrated,IntegratedFlux,,7.25E+16,2.42E+18,hz,,
99125.525,,,seconds,3.23E-12,8.43E-13,8.43E-13,cgs,Integrated,IntegratedFlux,,7.25E+16,2.42E+18,hz,,
99318.884,,,seconds,4.80E-12,1.08E-12,1.08E-12,cgs,Integrated,IntegratedFlux,,7.25E+16,2.42E+18,hz,,
99520.342,,,seconds,4.82E-12,1.08E-12,1.08E-12,cgs,Integrated,IntegratedFlux,,7.25E+16,2.42E+18,hz,,
99746.633,,,seconds,4.55E-12,9.77E-13,9.77E-13,cgs,Integrated,IntegratedFlux,,7.25E+16,2.42E+18,hz,,
99960.451,,,seconds,2.74E-12,7.13E-13,7.13E-13,cgs,Integrated,IntegratedFlux,,7.25E+16,2.42E+18,hz,,
100183.782,,,seconds,3.65E-12,9.53E-13,9.53E-13,cgs,Integrated,IntegratedFlux,,7.25E+16,2.42E+18,hz,,
100468.416,,,seconds,3.91E-12,8.09E-13,8.09E-13,cgs,Integrated,IntegratedFlux,,7.25E+16,2.42E+18,hz,,
104607.997,,,seconds,3.62E-12,9.44E-13,9.44E-13,cgs,Integrated,IntegratedFlux,,7.25E+16,2.42E+18,hz,,
104776.655,,,seconds,3.46E-12,8.95E-13,8.95E-13,cgs,Integrated,IntegratedFlux,,7.25E+16,2.42E+18,hz,,
105029.723,,,seconds,3.07E-12,8.06E-13,8.06E-13,cgs,Integrated,IntegratedFlux,,7.25E+16,2.42E+18,hz,,
105311.022,,,seconds,2.23E-12,5.87E-13,5.87E-13,cgs,Integrated,IntegratedFlux,,7.25E+16,2.42E+18,hz,,
105574.272,,,seconds,3.82E-12,8.65E-13,8.65E-13,cgs,Integrated,IntegratedFlux,,7.25E+16,2.42E+18,hz,,
105890.594,,,seconds,3.01E-12,7.60E-13,7.60E-13,cgs,Integrated,IntegratedFlux,,7.25E+16,2.42E+18,hz,,
106177.853,,,seconds,4.72E-12,7.72E-13,7.72E-13,cgs,Integrated,IntegratedFlux,,7.25E+16,2.42E+18,hz,,
112027.338,,,seconds,3.48E-12,7.65E-13,7.65E-13,cgs,Integrated,IntegratedFlux,,7.25E+16,2.42E+18,hz,,
118486.822,,,seconds,2.95E-12,7.76E-13,7.76E-13,cgs,Integrated,IntegratedFlux,,7.25E+16,2.42E+18,hz,,
123429.667,,,seconds,2.22E-12,4.98E-13,4.98E-13,cgs,Integrated,IntegratedFlux,,7.25E+16,2.42E+18,hz,,
127099.111,,,seconds,4.13E-12,9.50E-13,9.50E-13,cgs,Integrated,IntegratedFlux,,7.25E+16,2.42E+18,hz,,
129017.215,,,seconds,3.12E-12,8.20E-13,8.20E-13,cgs,Integrated,IntegratedFlux,,7.25E+16,2.42E+18,hz,,
129256.392,,,seconds,3.62E-12,7.32E-13,7.32E-13,cgs,Integrated,IntegratedFlux,,7.25E+16,2.42E+18,hz,,
198589.592,,,seconds,1.92E-12,4.13E-13,4.13E-13,cgs,Integrated,IntegratedFlux,,7.25E+16,2.42E+18,hz,,
204368.366,,,seconds,1.75E-12,3.95E-13,3.95E-13,cgs,Integrated,IntegratedFlux,,7.25E+16,2.42E+18,hz,,
212662.966,,,seconds,1.98E-12,3.20E-13,3.20E-13,cgs,Integrated,IntegratedFlux,,7.25E+16,2.42E+18,hz,,
281808.181,,,seconds,1.90E-12,4.95E-13,4.95E-13,cgs,Integrated,IntegratedFlux,,7.25E+16,2.42E+18,hz,,
287776.758,,,seconds,1.42E-12,2.50E-13,2.50E-13,cgs,Integrated,IntegratedFlux,,7.25E+16,2.42E+18,hz,,
391425.317,,,seconds,5.94E-13,1.30E-13,1.30E-13,cgs,Integrated,IntegratedFlux,,7.25E+16,2.42E+18,hz,,
400289.168,,,seconds,1.25E-12,3.09E-13,3.09E-13,cgs,Integrated,IntegratedFlux,,7.25E+16,2.42E+18,hz,,
454221.291,,,seconds,5.39E-13,1.43E-13,1.43E-13,cgs,Integrated,IntegratedFlux,,7.25E+16,2.42E+18,hz,,
599045.159,,,seconds,5.17E-13,1.27E-13,1.27E-13,cgs,Integrated,IntegratedFlux,,7.25E+16,2.42E+18,hz,,
611998.588,,,seconds,5.31E-13,1.15E-13,1.15E-13,cgs,Integrated,IntegratedFlux,,7.25E+16,2.42E+18,hz,,
710277.108,,,seconds,2.61E-13,5.46E-14,5.46E-14,cgs,Integrated,IntegratedFlux,,7.25E+16,2.42E+18,hz,,
772109.624,,,seconds,2.78E-13,5.67E-14,5.67E-14,cgs,Integrated,IntegratedFlux,,7.25E+16,2.42E+18,hz,,
852471.008,,,seconds,3.02E-13,6.02E-14,6.02E-14,cgs,Integrated,IntegratedFlux,,7.25E+16,2.42E+18,hz,,
935555.637,,,seconds,2.38E-13,5.28E-14,5.28E-14,cgs,Integrated,IntegratedFlux,,7.25E+16,2.42E+18,hz,,
997171.052,,,seconds,2.61E-13,6.66E-14,6.66E-14,cgs,Integrated,IntegratedFlux,,7.25E+16,2.42E+18,hz,,
1012276.836,,,seconds,2.26E-13,6.10E-14,6.10E-14,cgs,Integrated,IntegratedFlux,,7.25E+16,2.42E+18,hz,,
1030739.235,,,seconds,3.53E-13,9.55E-14,9.55E-14,cgs,Integrated,IntegratedFlux,,7.25E+16,2.42E+18,hz,,
1113606.016,,,seconds,1.57E-13,4.28E-14,4.28E-14,cgs,Integrated,IntegratedFlux,,7.25E+16,2.42E+18,hz,,
1128252.303,,,seconds,2.62E-13,6.41E-14,6.41E-14,cgs,Integrated,IntegratedFlux,,7.25E+16,2.42E+18,hz,,
1188833.774,,,seconds,2.83E-13,6.95E-14,6.95E-14,cgs,Integrated,IntegratedFlux,,7.25E+16,2.42E+18,hz,,
1204906.076,,,seconds,1.75E-13,3.56E-14,3.56E-14,cgs,Integrated,IntegratedFlux,,7.25E+16,2.42E+18,hz,,
1288682.367,,,seconds,1.60E-13,3.07E-14,3.07E-14,cgs,Integrated,IntegratedFlux,,7.25E+16,2.42E+18,hz,,
1372146.158,,,seconds,9.19E-14,2.58E-14,2.58E-14,cgs,Integrated,IntegratedFlux,,7.25E+16,2.42E+18,hz,,
1460205.763,,,seconds,1.22E-13,3.26E-14,3.26E-14,cgs,Integrated,IntegratedFlux,,7.25E+16,2.42E+18,hz,,
1535670.003,,,seconds,7.62E-14,1.95E-14,1.95E-14,cgs,Integrated,IntegratedFlux,,7.25E+16,2.42E+18,hz,,
1629911.735,,,seconds,8.72E-14,2.43E-14,2.43E-14,cgs,Integrated,IntegratedFlux,,7.25E+16,2.42E+18,hz,,
1731606.47,,,seconds,1.27E-13,2.64E-14,2.64E-14,cgs,Integrated,IntegratedFlux,,7.25E+16,2.42E+18,hz,,
1832945.53,,,seconds,8.47E-14,2.37E-14,2.37E-14,cgs,Integrated,IntegratedFlux,,7.25E+16,2.42E+18,hz,,
2289905.737,,,seconds,7.41E-14,2.10E-14,2.10E-14,cgs,Integrated,IntegratedFlux,,7.25E+16,2.42E+18,hz,,
2430968.336,,,seconds,8.92E-14,2.31E-14,2.31E-14,cgs,Integrated,IntegratedFlux,,7.25E+16,2.42E+18,hz,,
2569033.43,,,seconds,6.26E-14,1.75E-14,1.75E-14,cgs,Integrated,IntegratedFlux,,7.25E+16,2.42E+18,hz,,
2718507.851,,,seconds,3.81E-14,1.13E-14,1.13E-14,cgs,Integrated,IntegratedFlux,,7.25E+16,2.42E+18,hz,,
2911337.083,,,seconds,6.22E-14,1.75E-14,1.75E-14,cgs,Integrated,IntegratedFlux,,7.25E+16,2.42E+18,hz,,
3239587.046,,,seconds,4.79E-14,1.34E-14,1.34E-14,cgs,Integrated,IntegratedFlux,,7.25E+16,2.42E+18,hz,,
4045817.31,,,seconds,2.46E-14,7.36E-15,7.36E-15,cgs,Integrated,IntegratedFlux,,7.25E+16,2.42E+18,hz,,
4670100.722,,,seconds,2.29E-14,6.72E-15,6.72E-15,cgs,Integrated,IntegratedFlux,,7.25E+16,2.42E+18,hz,,
633,90,1808.652,seconds,-9.60E-01,2.70E-02,2.80E-02,cgs,SpectralIndex,SpectralIndex,,7.25E+16,2.42E+18,hz,,WT
14806,1808.652,36703,seconds,-8.60E-01,9.00E-02,9.00E-02,cgs,SpectralIndex,SpectralIndex,,7.25E+16,2.42E+18,hz,,PC
