Time,TimeLower,TimeUpper,TimeUnits,Value,ValueLower,ValueUpper,ValueUnits,ValueType,Wave,WaveLower,WaveUpper,WaveUnits,Filter,CalGroup,HostGroup
90301,,,s,0.03047895,0.0011025,0.0011025,mJy,Spectral Flux,6.29E+14,,,Hz,gprime,g_offset,
176419.3,,,s,0.01555966,0.0007003,0.0007003,mJy,Spectral Flux,6.29E+14,,,Hz,gprime,g_offset,
262409.8,,,s,0.01037528,0.0003753,0.0003753,mJy,Spectral Flux,6.29E+14,,,Hz,gprime,g_offset,
434653.3,,,s,0.00452898,0.0002038,0.0002038,mJy,Spectral Flux,6.29E+14,,,Hz,gprime,g_offset,
522187.8,,,s,0.00267917,0.0002803,0.0002803,mJy,Spectral Flux,6.29E+14,,,Hz,gprime,g_offset,
780505.6,,,s,0.00101859,0.0002459,0.0002459,mJy,Spectral Flux,6.29E+14,,,Hz,gprime,g_offset,
1901293.3,,,s,0.00048306,7.00E-05,7.00E-05,mJy,Spectral Flux,6.29E+14,,,Hz,gprime,g_offset,
2418484.6,,,s,0.00032509,5.22E-05,5.22E-05,mJy,Spectral Flux,6.29E+14,,,Hz,gprime,g_offset,
5185070,,,s,0.00020701,4.11E-05,4.11E-05,mJy,Spectral Flux,6.29E+14,,,Hz,gprime,g_offset,
90301,,,s,0.0394457,0.0014268,0.0014268,mJy,Spectral Flux,4.81E+14,,,Hz,rprime,r_offset,r_host
176419.3,,,s,0.0218776,0.0007913,0.0007913,mJy,Spectral Flux,4.81E+14,,,Hz,rprime,r_offset,r_host
262409.8,,,s,0.0144544,0.0005228,0.0005228,mJy,Spectral Flux,4.81E+14,,,Hz,rprime,r_offset,r_host
434653.3,,,s,0.0057016,0.0002062,0.0002062,mJy,Spectral Flux,4.81E+14,,,Hz,rprime,r_offset,r_host
522187.8,,,s,0.003767,0.0002352,0.0002352,mJy,Spectral Flux,4.81E+14,,,Hz,rprime,r_offset,r_host
780505.6,,,s,0.0014454,0.0001865,0.0001865,mJy,Spectral Flux,4.81E+14,,,Hz,rprime,r_offset,r_host
1901293.3,,,s,0.0006026,0.000115,0.000115,mJy,Spectral Flux,4.81E+14,,,Hz,rprime,r_offset,r_host
2418484.6,,,s,0.0003981,8.19E-05,8.19E-05,mJy,Spectral Flux,4.81E+14,,,Hz,rprime,r_offset,r_host
5185070,,,s,0.0003221,5.91E-05,5.91E-05,mJy,Spectral Flux,4.81E+14,,,Hz,rprime,r_offset,r_host
90301,,,s,0.0432514,0.0019466,0.0019466,mJy,Spectral Flux,3.94E+14,,,Hz,iprime,i_offset,i_host
176419.3,,,s,0.0255859,0.0011516,0.0011516,mJy,Spectral Flux,3.94E+14,,,Hz,iprime,i_offset,i_host
262409.8,,,s,0.0175388,0.0006344,0.0006344,mJy,Spectral Flux,3.94E+14,,,Hz,iprime,i_offset,i_host
434653.3,,,s,0.006792,0.0003652,0.0003652,mJy,Spectral Flux,3.94E+14,,,Hz,iprime,i_offset,i_host
522187.8,,,s,0.0049204,0.0004741,0.0004741,mJy,Spectral Flux,3.94E+14,,,Hz,iprime,i_offset,i_host
780505.6,,,s,0.0019055,0.0002911,0.0002911,mJy,Spectral Flux,3.94E+14,,,Hz,iprime,i_offset,i_host
90301,,,s,0.0501187,0.0018128,0.0018128,mJy,Spectral Flux,3.29E+14,,,Hz,zprime,z_offset,
176419.3,,,s,0.0283139,0.0012743,0.0012743,mJy,Spectral Flux,3.29E+14,,,Hz,zprime,z_offset,
262409.8,,,s,0.0214783,0.0009667,0.0009667,mJy,Spectral Flux,3.29E+14,,,Hz,zprime,z_offset,
434653.3,,,s,0.0090365,0.0004858,0.0004858,mJy,Spectral Flux,3.29E+14,,,Hz,zprime,z_offset,
522187.8,,,s,0.0046989,0.0004527,0.0004527,mJy,Spectral Flux,3.29E+14,,,Hz,zprime,z_offset,
780505.6,,,s,0.0014588,0.0003,0.0003,mJy,Spectral Flux,3.29E+14,,,Hz,zprime,z_offset,
90323.39998,,,s,0.0619441,0.0033303,0.0033303,mJy,Spectral Flux,2.40E+14,,,Hz,J,J_offset,
176442.6,,,s,0.037325,0.0016799,0.0016799,mJy,Spectral Flux,2.40E+14,,,Hz,J,J_offset,
262434,,,s,0.0293765,0.0013222,0.0013222,mJy,Spectral Flux,2.40E+14,,,Hz,J,J_offset,
434677.5,,,s,0.0093756,0.000666,0.000666,mJy,Spectral Flux,2.40E+14,,,Hz,J,J_offset,
522211.1,,,s,0.0055976,0.0004453,0.0004453,mJy,Spectral Flux,2.40E+14,,,Hz,J,J_offset,
90323.39998,,,s,0.0801678,0.0036081,0.0036081,mJy,Spectral Flux,1.82E+14,,,Hz,H,H_offset,
176442.6,,,s,0.0432514,0.0019466,0.0019466,mJy,Spectral Flux,1.82E+14,,,Hz,H,H_offset,
262434,,,s,0.0363078,0.0016341,0.0016341,mJy,Spectral Flux,1.82E+14,,,Hz,H,H_offset,
434677.5,,,s,0.0092897,0.0006599,0.0006599,mJy,Spectral Flux,1.82E+14,,,Hz,H,H_offset,
90323.39998,,,s,0.0912011,0.0041047,0.0041047,mJy,Spectral Flux,1.36E+14,,,Hz,K,K_offset,
176442.6,,,s,0.0636796,0.0028661,0.0028661,mJy,Spectral Flux,1.36E+14,,,Hz,K,K_offset,
262434,,,s,0.0394457,0.002802,0.002802,mJy,Spectral Flux,1.36E+14,,,Hz,K,K_offset,
6062.74,,,s,3.63E-11,8.15E-12,8.15E-12,erg cm-2 s-1,Integrated Flux,,7.25E+16,2.42E+18,Hz,xray,,
6154.592,,,s,1.86E-11,4.20E-12,4.20E-12,erg cm-2 s-1,Integrated Flux,,7.25E+16,2.42E+18,Hz,xray,,
6253.748,,,s,1.71E-11,3.87E-12,3.87E-12,erg cm-2 s-1,Integrated Flux,,7.25E+16,2.42E+18,Hz,xray,,
6389.631,,,s,1.58E-11,3.58E-12,3.58E-12,erg cm-2 s-1,Integrated Flux,,7.25E+16,2.42E+18,Hz,xray,,
6484.431,,,s,3.29E-11,7.21E-12,7.21E-12,erg cm-2 s-1,Integrated Flux,,7.25E+16,2.42E+18,Hz,xray,,
6589.861,,,s,1.30E-11,2.93E-12,2.93E-12,erg cm-2 s-1,Integrated Flux,,7.25E+16,2.42E+18,Hz,xray,,
6719.783,,,s,2.39E-11,5.39E-12,5.39E-12,erg cm-2 s-1,Integrated Flux,,7.25E+16,2.42E+18,Hz,xray,,
6848.044,,,s,1.30E-11,2.87E-12,2.87E-12,erg cm-2 s-1,Integrated Flux,,7.25E+16,2.42E+18,Hz,xray,,
6988.848,,,s,1.55E-11,3.51E-12,3.51E-12,erg cm-2 s-1,Integrated Flux,,7.25E+16,2.42E+18,Hz,xray,,
7125.256,,,s,1.27E-11,2.87E-12,2.87E-12,erg cm-2 s-1,Integrated Flux,,7.25E+16,2.42E+18,Hz,xray,,
7227.887,,,s,1.52E-11,3.41E-12,3.41E-12,erg cm-2 s-1,Integrated Flux,,7.25E+16,2.42E+18,Hz,xray,,
7301.094,,,s,1.53E-11,3.43E-12,3.43E-12,erg cm-2 s-1,Integrated Flux,,7.25E+16,2.42E+18,Hz,xray,,
7368.561,,,s,1.63E-11,3.67E-12,3.67E-12,erg cm-2 s-1,Integrated Flux,,7.25E+16,2.42E+18,Hz,xray,,
7451.514,,,s,1.79E-11,4.03E-12,4.03E-12,erg cm-2 s-1,Integrated Flux,,7.25E+16,2.42E+18,Hz,xray,,
7564.974,,,s,1.80E-11,4.07E-12,4.07E-12,erg cm-2 s-1,Integrated Flux,,7.25E+16,2.42E+18,Hz,xray,,
7664.52,,,s,2.13E-11,4.82E-12,4.82E-12,erg cm-2 s-1,Integrated Flux,,7.25E+16,2.42E+18,Hz,xray,,
7797.275,,,s,1.06E-11,2.42E-12,2.42E-12,erg cm-2 s-1,Integrated Flux,,7.25E+16,2.42E+18,Hz,xray,,
7967.467,,,s,1.60E-11,3.60E-12,3.60E-12,erg cm-2 s-1,Integrated Flux,,7.25E+16,2.42E+18,Hz,xray,,
8094.495,,,s,1.45E-11,3.30E-12,3.30E-12,erg cm-2 s-1,Integrated Flux,,7.25E+16,2.42E+18,Hz,xray,,
8200.447,,,s,1.13E-11,2.56E-12,2.56E-12,erg cm-2 s-1,Integrated Flux,,7.25E+16,2.42E+18,Hz,xray,,
8351.839,,,s,1.28E-11,2.37E-12,2.37E-12,erg cm-2 s-1,Integrated Flux,,7.25E+16,2.42E+18,Hz,xray,,
11953.606,,,s,6.10E-12,1.39E-12,1.39E-12,erg cm-2 s-1,Integrated Flux,,7.25E+16,2.42E+18,Hz,xray,,
12104.645,,,s,1.22E-11,2.75E-12,2.75E-12,erg cm-2 s-1,Integrated Flux,,7.25E+16,2.42E+18,Hz,xray,,
12265.324,,,s,5.29E-12,1.21E-12,1.21E-12,erg cm-2 s-1,Integrated Flux,,7.25E+16,2.42E+18,Hz,xray,,
12482.102,,,s,9.53E-12,2.10E-12,2.10E-12,erg cm-2 s-1,Integrated Flux,,7.25E+16,2.42E+18,Hz,xray,,
12615.116,,,s,1.08E-11,2.43E-12,2.43E-12,erg cm-2 s-1,Integrated Flux,,7.25E+16,2.42E+18,Hz,xray,,
12814.738,,,s,4.93E-12,1.13E-12,1.13E-12,erg cm-2 s-1,Integrated Flux,,7.25E+16,2.42E+18,Hz,xray,,
13017.909,,,s,8.97E-12,2.02E-12,2.02E-12,erg cm-2 s-1,Integrated Flux,,7.25E+16,2.42E+18,Hz,xray,,
13190.995,,,s,6.13E-12,1.37E-12,1.37E-12,erg cm-2 s-1,Integrated Flux,,7.25E+16,2.42E+18,Hz,xray,,
13411.796,,,s,8.12E-12,1.84E-12,1.84E-12,erg cm-2 s-1,Integrated Flux,,7.25E+16,2.42E+18,Hz,xray,,
13591.81,,,s,6.56E-12,1.50E-12,1.50E-12,erg cm-2 s-1,Integrated Flux,,7.25E+16,2.42E+18,Hz,xray,,
13806.114,,,s,6.04E-12,1.37E-12,1.37E-12,erg cm-2 s-1,Integrated Flux,,7.25E+16,2.42E+18,Hz,xray,,
14077.664,,,s,5.45E-12,1.06E-12,1.06E-12,erg cm-2 s-1,Integrated Flux,,7.25E+16,2.42E+18,Hz,xray,,
17685.765,,,s,7.46E-12,1.69E-12,1.69E-12,erg cm-2 s-1,Integrated Flux,,7.25E+16,2.42E+18,Hz,xray,,
17856.511,,,s,7.28E-12,1.64E-12,1.64E-12,erg cm-2 s-1,Integrated Flux,,7.25E+16,2.42E+18,Hz,xray,,
18045.614,,,s,5.09E-12,1.17E-12,1.17E-12,erg cm-2 s-1,Integrated Flux,,7.25E+16,2.42E+18,Hz,xray,,
18303.654,,,s,5.45E-12,1.25E-12,1.25E-12,erg cm-2 s-1,Integrated Flux,,7.25E+16,2.42E+18,Hz,xray,,
18482.012,,,s,7.12E-12,1.57E-12,1.57E-12,erg cm-2 s-1,Integrated Flux,,7.25E+16,2.42E+18,Hz,xray,,
18669.619,,,s,6.20E-12,1.41E-12,1.41E-12,erg cm-2 s-1,Integrated Flux,,7.25E+16,2.42E+18,Hz,xray,,
18852.664,,,s,6.20E-12,1.41E-12,1.41E-12,erg cm-2 s-1,Integrated Flux,,7.25E+16,2.42E+18,Hz,xray,,
19040.812,,,s,6.29E-12,1.44E-12,1.44E-12,erg cm-2 s-1,Integrated Flux,,7.25E+16,2.42E+18,Hz,xray,,
19217.532,,,s,8.43E-12,1.89E-12,1.89E-12,erg cm-2 s-1,Integrated Flux,,7.25E+16,2.42E+18,Hz,xray,,
19386.334,,,s,5.98E-12,1.37E-12,1.37E-12,erg cm-2 s-1,Integrated Flux,,7.25E+16,2.42E+18,Hz,xray,,
19606.015,,,s,3.84E-12,1.02E-12,1.02E-12,erg cm-2 s-1,Integrated Flux,,7.25E+16,2.42E+18,Hz,xray,,
19918.514,,,s,5.38E-12,9.17E-13,9.17E-13,erg cm-2 s-1,Integrated Flux,,7.25E+16,2.42E+18,Hz,xray,,
29366.673,,,s,3.03E-12,8.04E-13,8.04E-13,erg cm-2 s-1,Integrated Flux,,7.25E+16,2.42E+18,Hz,xray,,
29727.955,,,s,3.24E-12,8.58E-13,8.58E-13,erg cm-2 s-1,Integrated Flux,,7.25E+16,2.42E+18,Hz,xray,,
29992.904,,,s,3.47E-12,9.13E-13,9.13E-13,erg cm-2 s-1,Integrated Flux,,7.25E+16,2.42E+18,Hz,xray,,
30306.382,,,s,3.64E-12,9.61E-13,9.61E-13,erg cm-2 s-1,Integrated Flux,,7.25E+16,2.42E+18,Hz,xray,,
30656.777,,,s,2.94E-12,7.76E-13,7.76E-13,erg cm-2 s-1,Integrated Flux,,7.25E+16,2.42E+18,Hz,xray,,
31025.291,,,s,3.49E-12,9.21E-13,9.21E-13,erg cm-2 s-1,Integrated Flux,,7.25E+16,2.42E+18,Hz,xray,,
31428.877,,,s,2.99E-12,6.44E-13,6.44E-13,erg cm-2 s-1,Integrated Flux,,7.25E+16,2.42E+18,Hz,xray,,
35357.152,,,s,2.59E-12,6.86E-13,6.86E-13,erg cm-2 s-1,Integrated Flux,,7.25E+16,2.42E+18,Hz,xray,,
36049.29,,,s,2.76E-12,7.31E-13,7.31E-13,erg cm-2 s-1,Integrated Flux,,7.25E+16,2.42E+18,Hz,xray,,
36995.291,,,s,3.89E-12,8.18E-13,8.18E-13,erg cm-2 s-1,Integrated Flux,,7.25E+16,2.42E+18,Hz,xray,,
40932.891,,,s,2.99E-12,7.80E-13,7.80E-13,erg cm-2 s-1,Integrated Flux,,7.25E+16,2.42E+18,Hz,xray,,
41240.712,,,s,2.93E-12,7.40E-13,7.40E-13,erg cm-2 s-1,Integrated Flux,,7.25E+16,2.42E+18,Hz,xray,,
41626.769,,,s,2.69E-12,7.04E-13,7.04E-13,erg cm-2 s-1,Integrated Flux,,7.25E+16,2.42E+18,Hz,xray,,
41929.238,,,s,2.32E-12,6.07E-13,6.07E-13,erg cm-2 s-1,Integrated Flux,,7.25E+16,2.42E+18,Hz,xray,,
42270.692,,,s,3.63E-12,9.51E-13,9.51E-13,erg cm-2 s-1,Integrated Flux,,7.25E+16,2.42E+18,Hz,xray,,
42498.181,,,s,3.32E-12,8.64E-13,8.64E-13,erg cm-2 s-1,Integrated Flux,,7.25E+16,2.42E+18,Hz,xray,,
42880.534,,,s,1.99E-12,4.70E-13,4.70E-13,erg cm-2 s-1,Integrated Flux,,7.25E+16,2.42E+18,Hz,xray,,
46715.844,,,s,2.48E-12,6.49E-13,6.49E-13,erg cm-2 s-1,Integrated Flux,,7.25E+16,2.42E+18,Hz,xray,,
47154.54,,,s,1.49E-12,3.91E-13,3.91E-13,erg cm-2 s-1,Integrated Flux,,7.25E+16,2.42E+18,Hz,xray,,
47559.645,,,s,4.04E-12,9.11E-13,9.11E-13,erg cm-2 s-1,Integrated Flux,,7.25E+16,2.42E+18,Hz,xray,,
47864.012,,,s,2.21E-12,5.82E-13,5.82E-13,erg cm-2 s-1,Integrated Flux,,7.25E+16,2.42E+18,Hz,xray,,
48282.4,,,s,2.01E-12,5.28E-13,5.28E-13,erg cm-2 s-1,Integrated Flux,,7.25E+16,2.42E+18,Hz,xray,,
48778.441,,,s,2.73E-12,5.30E-13,5.30E-13,erg cm-2 s-1,Integrated Flux,,7.25E+16,2.42E+18,Hz,xray,,
52562.627,,,s,2.56E-12,6.70E-13,6.70E-13,erg cm-2 s-1,Integrated Flux,,7.25E+16,2.42E+18,Hz,xray,,
52980.223,,,s,3.22E-12,8.13E-13,8.13E-13,erg cm-2 s-1,Integrated Flux,,7.25E+16,2.42E+18,Hz,xray,,
53389.736,,,s,2.01E-12,5.27E-13,5.27E-13,erg cm-2 s-1,Integrated Flux,,7.25E+16,2.42E+18,Hz,xray,,
53890.148,,,s,2.52E-12,6.58E-13,6.58E-13,erg cm-2 s-1,Integrated Flux,,7.25E+16,2.42E+18,Hz,xray,,
54349.885,,,s,2.71E-12,5.61E-13,5.61E-13,erg cm-2 s-1,Integrated Flux,,7.25E+16,2.42E+18,Hz,xray,,
58249.228,,,s,3.34E-12,8.71E-13,8.71E-13,erg cm-2 s-1,Integrated Flux,,7.25E+16,2.42E+18,Hz,xray,,
58615.347,,,s,1.76E-12,4.62E-13,4.62E-13,erg cm-2 s-1,Integrated Flux,,7.25E+16,2.42E+18,Hz,xray,,
58952.077,,,s,2.75E-12,7.19E-13,7.19E-13,erg cm-2 s-1,Integrated Flux,,7.25E+16,2.42E+18,Hz,xray,,
59376.206,,,s,1.69E-12,4.44E-13,4.44E-13,erg cm-2 s-1,Integrated Flux,,7.25E+16,2.42E+18,Hz,xray,,
59814.71,,,s,2.18E-12,5.71E-13,5.71E-13,erg cm-2 s-1,Integrated Flux,,7.25E+16,2.42E+18,Hz,xray,,
60328.274,,,s,1.81E-12,4.50E-13,4.50E-13,erg cm-2 s-1,Integrated Flux,,7.25E+16,2.42E+18,Hz,xray,,
64085.423,,,s,3.07E-12,8.00E-13,8.00E-13,erg cm-2 s-1,Integrated Flux,,7.25E+16,2.42E+18,Hz,xray,,
65313.621,,,s,1.01E-12,1.98E-13,1.98E-13,erg cm-2 s-1,Integrated Flux,,7.25E+16,2.42E+18,Hz,xray,,
70308.081,,,s,1.25E-12,3.36E-13,3.36E-13,erg cm-2 s-1,Integrated Flux,,7.25E+16,2.42E+18,Hz,xray,,
71417.637,,,s,1.25E-12,2.43E-13,2.43E-13,erg cm-2 s-1,Integrated Flux,,7.25E+16,2.42E+18,Hz,xray,,
76822.699,,,s,5.03E-13,1.36E-13,1.36E-13,erg cm-2 s-1,Integrated Flux,,7.25E+16,2.42E+18,Hz,xray,,
82151.205,,,s,1.16E-12,3.06E-13,3.06E-13,erg cm-2 s-1,Integrated Flux,,7.25E+16,2.42E+18,Hz,xray,,
83126.287,,,s,1.26E-12,2.58E-13,2.58E-13,erg cm-2 s-1,Integrated Flux,,7.25E+16,2.42E+18,Hz,xray,,
87516.094,,,s,1.40E-12,3.71E-13,3.71E-13,erg cm-2 s-1,Integrated Flux,,7.25E+16,2.42E+18,Hz,xray,,
88035.878,,,s,1.48E-12,3.91E-13,3.91E-13,erg cm-2 s-1,Integrated Flux,,7.25E+16,2.42E+18,Hz,xray,,
88866.335,,,s,8.74E-13,2.31E-13,2.31E-13,erg cm-2 s-1,Integrated Flux,,7.25E+16,2.42E+18,Hz,xray,,
93046.947,,,s,2.05E-12,5.41E-13,5.41E-13,erg cm-2 s-1,Integrated Flux,,7.25E+16,2.42E+18,Hz,xray,,
93710.357,,,s,9.66E-13,2.58E-13,2.58E-13,erg cm-2 s-1,Integrated Flux,,7.25E+16,2.42E+18,Hz,xray,,
94729.751,,,s,9.32E-13,2.39E-13,2.39E-13,erg cm-2 s-1,Integrated Flux,,7.25E+16,2.42E+18,Hz,xray,,
98933.056,,,s,1.24E-12,3.28E-13,3.28E-13,erg cm-2 s-1,Integrated Flux,,7.25E+16,2.42E+18,Hz,xray,,
99603.108,,,s,1.49E-12,3.93E-13,3.93E-13,erg cm-2 s-1,Integrated Flux,,7.25E+16,2.42E+18,Hz,xray,,
100507.955,,,s,7.11E-13,1.87E-13,1.87E-13,erg cm-2 s-1,Integrated Flux,,7.25E+16,2.42E+18,Hz,xray,,
105006.556,,,s,8.94E-13,2.39E-13,2.39E-13,erg cm-2 s-1,Integrated Flux,,7.25E+16,2.42E+18,Hz,xray,,
105982.771,,,s,7.48E-13,1.75E-13,1.75E-13,erg cm-2 s-1,Integrated Flux,,7.25E+16,2.42E+18,Hz,xray,,
149745.464,,,s,6.25E-13,1.53E-13,1.53E-13,erg cm-2 s-1,Integrated Flux,,7.25E+16,2.42E+18,Hz,xray,,
160365.796,,,s,6.81E-13,1.83E-13,1.83E-13,erg cm-2 s-1,Integrated Flux,,7.25E+16,2.42E+18,Hz,xray,,
173641.319,,,s,8.10E-13,1.99E-13,1.99E-13,erg cm-2 s-1,Integrated Flux,,7.25E+16,2.42E+18,Hz,xray,,
195120.032,,,s,3.06E-13,8.43E-14,8.43E-14,erg cm-2 s-1,Integrated Flux,,7.25E+16,2.42E+18,Hz,xray,,
243578.194,,,s,4.16E-13,9.74E-14,9.74E-14,erg cm-2 s-1,Integrated Flux,,7.25E+16,2.42E+18,Hz,xray,,
268974.298,,,s,2.35E-13,5.92E-14,5.92E-14,erg cm-2 s-1,Integrated Flux,,7.25E+16,2.42E+18,Hz,xray,,
302828.902,,,s,1.85E-13,5.22E-14,5.22E-14,erg cm-2 s-1,Integrated Flux,,7.25E+16,2.42E+18,Hz,xray,,
378251.073,,,s,1.01E-13,2.94E-14,2.94E-14,erg cm-2 s-1,Integrated Flux,,7.25E+16,2.42E+18,Hz,xray,,
435926.031,,,s,1.28E-13,2.72E-14,2.72E-14,erg cm-2 s-1,Integrated Flux,,7.25E+16,2.42E+18,Hz,xray,,
581703.107,,,s,5.50E-14,1.69E-14,1.69E-14,erg cm-2 s-1,Integrated Flux,,7.25E+16,2.42E+18,Hz,xray,,
54697,,,s,-9.20E-01,9.00E-02,9.00E-02,erg cm-2 s-1,Spectral Index,,7.25E+16,2.42E+18,Hz,,,
